SET FOREIGN_KEY_CHECKS=0;

DROP TABLE IF EXISTS `Users`;

CREATE TABLE `Users` (
  `UserID` int(11) NOT NULL AUTO_INCREMENT,
  `UserName` varchar(32) COLLATE utf8_bin NOT NULL,
  `Password` varchar(32) COLLATE utf8_bin NOT NULL,
  `Role` enum('ADMIN','MEDICAL','PHARMACY')
    COLLATE utf8_bin NOT NULL,
  PRIMARY KEY (`UserID`),
  UNIQUE KEY `userName` (`UserName`)
) ENGINE=InnoDB AUTO_INCREMENT=2 DEFAULT CHARSET=utf8 COLLATE=utf8_bin;

INSERT INTO `Users` VALUES (1,'admin','CHANGEME','ADMIN'),(2,'medical','CHANGEME','MEDICAL'),(3,'pharmacy','CHANGEME','PHARMACY');

DROP TABLE IF EXISTS `antenatal`;

CREATE TABLE `antenatal` (
  `id` int(11) NOT NULL AUTO_INCREMENT,
  `patientID` int(11) NOT NULL,
  `G` enum('0','1','2','3','4','5','6','7','8','9','10')
    DEFAULT NULL COMMENT 'Gestations',
  `P` enum('0','1','2','3','4','5','6','7','8','9','10')
    DEFAULT NULL COMMENT 'Paritus',
  `A` enum('0','1','2','3','4','5','6','7','8','9','10')
    DEFAULT NULL COMMENT 'Abortus',
  `M` enum('0','1','2','3','4','5','6','7','8','9','10')
    DEFAULT NULL COMMENT 'Mati',
  `date` date NOT NULL COMMENT 'visit date',
  `docID` int(11) NOT NULL,
  `visit` enum('1','2','3','4','5','6','7','8','9','10')
    NOT NULL COMMENT 'visit number, this pregnancy',
  `weight` decimal(4,1) DEFAULT NULL COMMENT 'mother weight, kg',
  `tfu` decimal(4,1) DEFAULT NULL COMMENT 'fundus height, cm',
  `height` int(3) DEFAULT NULL COMMENT 'mother height, cm',
  `bp_syst` int(3) DEFAULT NULL COMMENT 'systolic BP',
  `bp_dia` int(3) DEFAULT NULL COMMENT 'diastolic BP',
  `heart_m` int(3) DEFAULT NULL COMMENT 'mother heart rate, bpm',
  `heart_c` int(3) DEFAULT NULL COMMENT 'baby heart rate, bpm',
  `last_period` date NOT NULL COMMENT 'Last period',
  `birth_date` date NOT NULL COMMENT 'predicted labor date',
  `nextvisit` date NOT NULL COMMENT 'next visit date',
  `risk` enum('bas','haut') COLLATE utf8_bin NOT NULL COMMENT 'predicted risk',
  `tetanus` enum('0','1','2','3','4','5')
     DEFAULT NULL COMMENT 'Number of anti-tetanus shots',
  `edema` tinyint(1) DEFAULT NULL,
  `bleeding` tinyint(1) DEFAULT NULL,
  `shrinking` tinyint(1) DEFAULT NULL,
  `stillfet` tinyint(1) DEFAULT NULL,
  `malaria` tinyint(1) DEFAULT NULL,
  `ultrasound` tinyint(1) DEFAULT NULL,
  `sti` tinyint(1) DEFAULT NULL,
  `notes` varchar(500) COLLATE utf8_bin DEFAULT NULL,
  PRIMARY KEY (`id`),
  UNIQUE KEY `visits` (`patientID`,`date`,`visit`),
  KEY `patientID` (`patientID`),
  KEY `docID` (`docID`),
  CONSTRAINT `docID` FOREIGN KEY (`docID`) REFERENCES `doc` (`id`),
  CONSTRAINT `patientID` FOREIGN KEY (`patientID`) REFERENCES `patient` (`id`)
) ENGINE=InnoDB ;

DELIMITER ;;
CREATE  TRIGGER `antenatal_sex` BEFORE INSERT ON `antenatal` FOR EACH ROW
BEGIN
  DECLARE S VARCHAR(1);
  SET S = (SELECT sex FROM patient WHERE patient.id = NEW.patientID);
  IF  S = 'H'
     THEN SIGNAL SQLSTATE '45000' SET MESSAGE_TEXT = 'Only females get antenatal visits';
  END IF;
END ;;
DELIMITER ;

DROP TABLE IF EXISTS `diagnoses`;

CREATE TABLE `diagnoses` (
  `id` int(11) NOT NULL AUTO_INCREMENT,
  `patientID` int(11) NOT NULL,
  `date` date NOT NULL,
  `suspect` tinyint(1) NOT NULL DEFAULT 0,
  `docID` int(11) NOT NULL,
  `icd10ID` int(11) NOT NULL,
  `note` varchar(200) COLLATE utf8_bin DEFAULT NULL,
  PRIMARY KEY (`id`),
  KEY `patientID` (`patientID`),
  KEY `icd10ID` (`icd10ID`),
  KEY `docID` (`docID`),
  CONSTRAINT `diagnoses_ibfk_1` FOREIGN KEY (`patientID`)
    REFERENCES `patient` (`id`),
  CONSTRAINT `diagnoses_ibfk_2` FOREIGN KEY (`icd10ID`)
    REFERENCES `icd10` (`id`),
  CONSTRAINT `diagnoses_ibfk_3` FOREIGN KEY (`docID`)
    REFERENCES `doc` (`id`)
) ENGINE=InnoDB AUTO_INCREMENT=2 DEFAULT CHARSET=utf8 COLLATE=utf8_bin;

DROP TABLE IF EXISTS `doc`;

CREATE TABLE `doc` (
  `id` int(11) NOT NULL AUTO_INCREMENT,
  `nama` varchar(100) NOT NULL,
  PRIMARY KEY (`id`),
  UNIQUE KEY `nama` (`nama`)
) ENGINE=InnoDB AUTO_INCREMENT=2 DEFAULT CHARSET=utf8;

INSERT INTO `doc` VALUES (1,'Thomas Razafy');

DROP TABLE IF EXISTS `drug`;

CREATE TABLE `drug` (
  `id` int(11) NOT NULL AUTO_INCREMENT,
  `genericID` int(11) NOT NULL,
  `format` enum('ampoule','inhalateur','capsule','solution','nébuliseur','sachet','sirop','sirop sec','vaporisateur','suppositoire','tablette','gouttes','tube','flacon','poudre') COLLATE utf8_bin NOT NULL,
  `size` decimal(10,2) DEFAULT NULL,
  `units` enum('g','mg','ug','L','mL','IU') COLLATE utf8_bin DEFAULT NULL,
  `conc` varchar(20) COLLATE utf8_bin DEFAULT NULL,
  PRIMARY KEY (`id`),
  UNIQUE KEY `genericID_2` (`genericID`,`format`,`size`),
  KEY `genericID` (`genericID`),
  CONSTRAINT `drug_ibfk_1` FOREIGN KEY (`genericID`) REFERENCES `drugGeneric` (`id`)
) ENGINE=InnoDB DEFAULT CHARSET=utf8 COLLATE=utf8_bin;

INSERT INTO drug (id, genericID, format, `size`, `units`, conc) VALUES
(1, 10, 'solution', 200, 'mL', '30%'),
(2, 1, 'sachet', 3, 'g', NULL),
(3, 4, 'tablette', 10, 'mg', NULL),
(4, 2, 'tablette', 400, 'mg', NULL),
(5, 4, 'tablette', 5, 'mg', NULL),
(6, 3, 'tablette', 500, 'mg', NULL),
(7, 5, 'sirop sec', 60, 'mL', NULL),
(8, 5, 'capsule', 500, 'mg', NULL),
(9, 36, 'sirop', 100, 'mL', NULL),
(10, 26, 'sachet', 500, 'mg', NULL),
(11, 26, 'sachet', 100, 'mg', NULL),
(12, 6, 'sirop', 60, 'mL', NULL),
(13, 12, 'tablette', 625, 'mg', NULL),
(14, 14, 'tablette', 25, 'mg', NULL),
(15, 17, 'tablette', 500, 'mg', NULL),
(16, 18, 'tablette', 4, 'mg', NULL),
(17, 19, 'tablette', 200, 'mg', NULL),
(18, 20, 'tablette', 500, 'mg', NULL),
(19, 53, 'tablette', 100000, 'IU', NULL),
(20, 21, 'tablette', 1, 'mg', NULL),
(21, 22, 'capsule', 400, 'mg', NULL),
(22, 23, 'tablette', 5, 'mg', NULL),
(23, 24, 'suppositoire', 100, 'mg', NULL),
(24, 24, 'tablette', 50, 'mg', NULL),
(25, 31, 'capsule', 500, 'mg', NULL),
(26, 27, 'sirop', 30, 'mL', NULL),
(27, 28, 'tablette', 100, 'mg', NULL),
(28, 44, 'sachet', 15, 'mL', NULL),
(29, 30, 'tablette', 250, 'mg', NULL),
(30, 30, 'sirop sec', 100, 'mL', NULL),
(31, 37, 'tablette', 25, 'mg', NULL),
(32, 32, 'tablette', 200, 'mg', NULL),
(33, 32, 'sirop', 150, 'mL', NULL),
(34, 7, 'sirop', 40, 'mL', '10%'),
(35, 33, 'tablette', 40, 'mg', NULL),
(36, 34, 'gouttes', 5, 'mL', '0.30%'),
(37, 35, 'tablette', 5, 'mg', NULL),
(38, 39, 'tablette', 200, 'mg', NULL),
(39, 40, 'capsule', 25, 'mg', NULL),
(40, 71, 'tablette', 50, 'mg', NULL),
(41, 15, 'sirop', 100, 'mL', NULL),
(42, 73, 'tube', 15, 'g', '1%'),
(43, 46, 'tablette', 100, 'mg', NULL),
(44, 47, 'tablette', 250, 'mg', NULL),
(45, 48, 'tablette', 10, 'mg', NULL),
(46, 49, 'sirop', 100, 'mL', NULL),
(47, 49, 'tablette', 250, 'mg', NULL),
(48, 43, 'tube', 15, 'g', '2%'),
(49, 57, 'capsule', 500, 'mg', NULL),
(50, 50, 'tablette', 500, 'mg', NULL),
(51, 51, 'tube', 10, 'mg', '0.35%'),
(52, 52, 'tablette', 20, 'mg', NULL),
(53, 29, 'tablette', 40, 'mg', NULL),
(54, 54, 'solution', 0.5, 'mL', NULL),
(55, 55, 'capsule', 20, 'mg', NULL),
(56, 72, 'tablette', 525, 'mg', NULL),
(57, 59, 'tablette', 500, 'mg', NULL),
(58, 59, 'suppositoire', 125, 'mg', NULL),
(59, 65, 'sachet', 0.5, 'g', NULL),
(60, 62, 'tablette', 50, 'mg', NULL),
(61, 66, 'tablette', 600, 'mg', NULL),
(62, 67, 'tablette', 5, 'mg', NULL),
(63, 24, 'tube', 30, 'g', '1%'),
(64, 70, 'vaporisateur', 100, 'ug', NULL),
(65, 25, 'sachet', 3, 'g', NULL),
(66, 63, 'tablette', 80, 'mg', NULL),
(67, 76, 'tablette', 50, 'mg', NULL),
(68, 74, 'tube', 5, 'mg', '1%'),
(69, 9, 'tablette', 500, 'mg', NULL),
(70, 8, 'ampoule', 1, 'g', NULL),
(71, 75, 'ampoule', 2, 'mL', NULL),
(72, 11, 'ampoule', 1000000, 'IU', NULL),
(73, 38, 'ampoule', 2, 'mL', NULL),
(74, 13, 'solution', 10, 'mL', '10%'),
(75, 16, 'poudre', 1, 'g', NULL),
(76, 20, 'solution', 100, 'mL', '0.20%'),
(77, 23, 'ampoule', 10, 'mg', NULL),
(78, 24, 'ampoule', 75, 'mg', NULL),
(79, 33, 'ampoule', 20, 'mg', NULL),
(80, 34, 'ampoule', 80, 'mg', NULL),
(81, 45, 'solution', 30, 'mL', '2%'),
(82, 48, 'ampoule', 10, 'mg', NULL),
(83, 55, 'poudre', 40, 'mg', NULL),
(84, 58, 'ampoule', 10, 'IU', NULL),
(85, 59, 'solution', 100, 'mL', NULL),
(86, 60, 'poudre', 2400000, 'IU', NULL),
(87, 61, 'poudre', 1000000, 'IU', NULL),
(88, 62, 'solution', 40, 'mg', NULL),
(89, 68, 'ampoule', 600, 'mg', NULL),
(90, 69, 'solution', 500, 'mL', NULL),
(91, 70, 'ampoule', 0.5, 'mg', NULL),
(92, 41, 'solution', 500, 'mL', '5%'),
(93, 42, 'solution', 500, 'mL', '0.90%'),
(94, 56, 'sachet', 20.5, 'g', NULL),
(95, 64, 'ampoule', 2, 'mg', NULL),
(96, 64, 'ampoule', 10, 'mg', NULL);

DROP TABLE IF EXISTS `drugDispense`;

CREATE TABLE `drugDispense` (
  `id` int(11) NOT NULL AUTO_INCREMENT,
  `drugID` int(11) NOT NULL,
  `numberTot` int(11) DEFAULT NULL,
  `date` date NOT NULL,
  `dosage` varchar(100) COLLATE utf8_bin DEFAULT NULL,
  `patientID` int(11) NOT NULL,
  `docID` int(11) NOT NULL,
  PRIMARY KEY (`id`),
  KEY `drugID` (`drugID`),
  KEY `patientID` (`patientID`),
  KEY `docID` (`docID`),
  CONSTRAINT `drugDispense_ibfk_1` FOREIGN KEY (`patientID`) REFERENCES `patient` (`id`),
  CONSTRAINT `drugDispense_ibfk_2` FOREIGN KEY (`drugID`) REFERENCES `drug` (`id`),
  CONSTRAINT `drugDispense_ibfk_3` FOREIGN KEY (`docID`) REFERENCES `doc` (`id`)
) ENGINE=InnoDB DEFAULT CHARSET=utf8 COLLATE=utf8_bin;

DROP TABLE IF EXISTS `drugGeneric`;

CREATE TABLE `drugGeneric` (
  `id` int(11) NOT NULL AUTO_INCREMENT,
  `nameEng` varchar(100) CHARACTER SET utf8 NOT NULL,
  `class` varchar(100) COLLATE utf8_bin DEFAULT NULL,
  PRIMARY KEY (`id`),
  UNIQUE KEY `nameEng` (`nameEng`)
) ENGINE=InnoDB DEFAULT CHARSET=utf8 COLLATE=utf8_bin;

INSERT INTO drugGeneric (id, nameEng) VALUES
(1, 'Activated attapulgite of mormoiron'),
(2, 'Albendazole'),
(3, 'Aluminum hydroxide'),
(4, 'Amlodipine'),
(5, 'Amoxicillin'),
(6, 'Amoxicillin-clavulanic acid'),
(7, 'Amphotericin b'),
(8, 'Ampicillin'),
(9, 'Ascorbic acid'),
(10, 'Benzyl benzoate'),
(11, 'Bipenicillin'),
(12, 'Calcium carbonate'),
(13, 'Calcium gluconate'),
(14, 'Captopril'),
(15, 'Carbocistein'),
(16, 'Ceftriaxone'),
(17, 'Charcoal'),
(18, 'Chlorpheniramine'),
(19, 'Cimetidine'),
(20, 'Ciprofloxacin'),
(21, 'Colchicine'),
(22, 'Cyclo 3'),
(23, 'Diazepam'),
(24, 'Diclofenac'),
(25, 'Diosmectite'),
(26, 'Dl-lysine acetylsalicylate'),
(27, 'Domperidone'),
(28, 'Doxycycline'),
(29, 'Drotaverine hydrochloride'),
(30, 'Erythromycin'),
(31, 'Etamsylate'),
(32, 'Ferrous sulphate and folic acid'),
(33, 'Furosemide'),
(34, 'Gentamicin'),
(35, 'Glinbeclamide'),
(36, 'Herbal cough syrup'),
(37, 'Hydrochlorothiazide'),
(38, 'Hyoscine butylbromide'),
(39, 'Ibuprofene'),
(40, 'Indometacine'),
(41, 'Isotonic glucose serum'),
(42, 'Isotonic salty serum'),
(43, 'Ketoconazole'),
(44, 'Lactose'),
(45, 'Lidocaine'),
(46, 'Mebendazole'),
(47, 'Methyldopa'),
(48, 'Metoclopramide'),
(49, 'Metronidazole'),
(50, 'Multivitamine'),
(51, 'Neomycine'),
(52, 'Nicardipine'),
(53, 'Nystatine'),
(54, 'Ofloxacin'),
(55, 'Omeprazole'),
(56, 'Oral rehydration solution'),
(57, 'Oxacillin'),
(58, 'Oxytocine'),
(59, 'Paracetamol'),
(60, 'Penicillin benzathine'),
(61, 'Penicillin g'),
(62, 'Phenobarbital'),
(63, 'Phloroglucinol'),
(64, 'Phytomenadione'),
(65, 'Potassium permanganate'),
(66, 'Praziquantel'),
(67, 'Prednisolone'),
(68, 'Quinine hydrochloride'),
(69, 'Ringer lactate'),
(70, 'Salbutamol'),
(71, 'Sildenafil'),
(72, 'Sulfadoxine + pyrimethamine'),
(73, 'Terbinafinne'),
(74, 'Tetracycline'),
(75, 'Thiamine hydrochloride'),
(76, 'Tramadol');

DROP TABLE IF EXISTS `drugManuf`;

CREATE TABLE `drugManuf` (
  `id` int(11) NOT NULL AUTO_INCREMENT,
  `name` varchar(100) CHARACTER SET utf8 NOT NULL,
  `alamat` varchar(100) COLLATE utf8_bin DEFAULT NULL,
  PRIMARY KEY (`id`),
  UNIQUE KEY `name` (`name`)
) ENGINE=InnoDB DEFAULT CHARSET=utf8 COLLATE=utf8_bin;

INSERT INTO drugManuf (id, name) VALUES
(1, 'ABBOTT'),
(2, 'ACINO'),
(3, 'AJANTA PHARMA'),
(4, 'BIAL S.Mamede do Coronado PORTUGAL'),
(5, 'BLISS GVS PHARMA'),
(6, 'BRISTOL-MYERS SQUIBB'),
(7, 'CHEPLAPHARM'),
(8, 'CIPLA LTD'),
(9, 'CIRON DRUGS'),
(10, 'COOPER'),
(11, 'D.B. PHARMA'),
(12, 'DENK PHARMA'),
(13, 'DESKA PHARMA'),
(14, 'EXPHAR SA'),
(15, 'GENNICHEM'),
(16, 'GLAXOSMITHKLINE'),
(17, 'GLOBAL PHARMA'),
(18, 'GRACURE PHARMACEUTICALS'),
(19, 'HD PHARMA'),
(20, 'HEBEI LONGHAI'),
(21, 'IPSEN INDUSTRIE'),
(22, 'JUVISE PHARMACEUTICALS'),
(23, 'LINCOLN'),
(24, 'M-GENERIC'),
(25, 'MEHEICO'),
(26, 'NORTH CHINA PHARMACEUTICAL'),
(27, 'OM PHARMA'),
(28, 'PARNAX LAB'),
(29, 'PROGIPHARM'),
(30, 'SANDOZ'),
(31, 'SANOFI'),
(32, 'SAVVY CARE'),
(33, 'SHIMEN');

DROP TABLE IF EXISTS `drugPackage`;

CREATE TABLE `drugPackage` (
  `id` int(11) NOT NULL AUTO_INCREMENT,
  `unitID` int(11) NOT NULL,
  `container` enum('bouteille','boîte de conserve','boîte','individuel') COLLATE utf8_bin NOT NULL,
  `unitsPerCont` int(11) NOT NULL,
  `tradeName` varchar(100) COLLATE utf8_bin NOT NULL,
  `manufID` int(11) NOT NULL,
  `keepStocked` int(11) DEFAULT NULL,
  `oldestExpiry` date DEFAULT NULL,
  `inUse` enum('oui','non') COLLATE utf8_bin NOT NULL DEFAULT 'oui',
  PRIMARY KEY (`id`),
  UNIQUE KEY `manufID_2` (`manufID`,`unitID`,`unitsPerCont`,`container`),
  KEY `unitID` (`unitID`),
  KEY `manufID` (`manufID`),
  CONSTRAINT `drugPackage_ibfk_1` FOREIGN KEY (`unitID`) REFERENCES `drug` (`id`),
  CONSTRAINT `drugPackage_ibfk_2` FOREIGN KEY (`manufID`) REFERENCES `drugManuf` (`id`)
) ENGINE=InnoDB DEFAULT CHARSET=utf8 COLLATE=utf8_bin;

INSERT INTO drugPackage (id, unitID, container, unitsPerCont, tradeName, manufID) VALUES
(1, 1, 'bouteille', 1, 'Acarilbial', 4),
(2, 2, 'boîte', 30, 'Actapulgite', 21),
(3, 3, 'boîte', 30, 'Adipin 10', 17),
(4, 4, 'boîte', 25, 'Anthel', 23),
(5, 5, 'boîte', 30, 'Almodipine', 13),
(6, 6, 'boîte', 100, 'Aluminium hydroxyde', 26),
(7, 7, 'bouteille', 1, 'Amoxicilline', 13),
(8, 8, 'boîte', 100, 'Amoxicilline', 13),
(9, 9, 'bouteille', 1, 'Apdyl h', 3),
(10, 10, 'boîte', 20, 'Aspegic', 31),
(11, 11, 'boîte', 20, 'Aspegic', 31),
(12, 12, 'individuel', 1, 'Augmentin', 16),
(13, 13, 'boîte', 100, 'Calcium carbonate', 9),
(14, 14, 'boîte', 100, 'Captopril', 13),
(15, 15, 'boîte', 100, 'Charbon vegetal', 26),
(16, 16, 'boîte', 100, 'Chlorpheniramine 4mg', 26),
(17, 17, 'boîte', 100, 'Cimetidine', 13),
(18, 18, 'boîte', 100, 'Ciprofloxacine', 26),
(19, 19, 'boîte', 6, 'Clovigel –n cpr vag/6+applicateur', 28),
(20, 20, 'boîte', 100, 'Colchicine', 17),
(21, 21, 'individuel', 30, 'Cyclo 3 fort', 29),
(22, 22, 'boîte', 100, 'Diazepam', 9),
(23, 23, 'boîte', 5, 'Diclodyne', 5),
(24, 24, 'boîte', 100, 'Diclofenac', 5),
(25, 25, 'boîte', 20, 'Dicynone', 27),
(26, 26, 'bouteille', 1, 'Domperidone', 9),
(27, 27, 'boîte', 100, 'Doxycycline', 13),
(28, 28, 'boîte', 100, 'Duphalac', 1),
(29, 29, 'boîte', 100, 'Rythro', 17),
(30, 30, 'bouteille', 1, 'Erythromycine estolate', 9),
(31, 31, 'boîte', 30, 'Esidrex', 22),
(32, 32, 'boîte', 100, 'Fer+acide folique', 32),
(33, 33, 'bouteille', 1, 'Fercefol', 18),
(34, 34, 'bouteille', 1, 'Fungizone', 6),
(35, 35, 'boîte', 100, 'Furosemide', 13),
(36, 36, 'individuel', 1, 'Gentamicine', 13),
(37, 37, 'boîte', 100, 'Glinil', 8),
(38, 38, 'boîte', 100, 'Ibuprofene', 13),
(39, 39, 'boîte', 100, 'Indometacine', 26),
(40, 40, 'boîte', 4, 'Kamagra', 3),
(41, 41, 'bouteille', 1, 'Kook expectorant', 24),
(42, 42, 'individuel', 1, 'Lamisil', 16),
(43, 43, 'boîte', 100, 'Mebendazole', 26),
(44, 44, 'boîte', 100, 'Methyldopa', 13),
(45, 45, 'boîte', 100, 'Metoclopramide', 13),
(47, 47, 'boîte', 100, 'Metronidazole', 20),
(48, 48, 'individuel', 1, 'Micozal', 14),
(49, 49, 'boîte', 20, 'Oxacilline', 24),
(50, 50, 'boîte', 100, 'Multivita', 26),
(51, 51, 'individuel', 1, 'Neomycine', 24),
(52, 52, 'boîte', 30, 'Nicardipine', 24),
(53, 53, 'boîte', 100, 'Nospa 40mg cpr/100', 31),
(54, 54, 'individuel', 20, 'Oflocet', 31),
(55, 55, 'boîte', 100, 'Omprez', 17),
(56, 56, 'boîte', 50, 'Paludoxine', 24),
(57, 57, 'boîte', 100, 'Paracetamol', 25),
(58, 58, 'boîte', 10, 'Para-denk', 12),
(59, 59, 'boîte', 100, 'Permanganate de potassium', 10),
(60, 60, 'boîte', 100, 'Phenobarbital', 9),
(61, 61, 'boîte', 100, 'Praziquantel', 13),
(62, 62, 'boîte', 100, 'Prednisolone', 13),
(63, 63, 'individuel', 1, 'Profenac', 30),
(64, 64, 'individuel', 1, 'Salbutamol', 24),
(65, 65, 'boîte', 60, 'Smecta', 21),
(66, 66, 'boîte', 10, 'Spasfon', 2),
(67, 67, 'boîte', 100, 'Strom50', 23),
(68, 68, 'individuel', 1, 'Tetracycline', 13),
(69, 69, 'boîte', 1100, 'Vitamine c', 26),
(70, 70, 'boîte', 50, 'Ampicilline', 26),
(71, 71, 'boîte', 5, 'Bevitine', 11),
(72, 72, 'boîte', 50, 'Bipenicilline', 26),
(73, 73, 'boîte', 50, 'Butylscopolamine', 13),
(74, 74, 'boîte', 50, 'Calcium gluconate', 19),
(75, 75, 'boîte', 1, 'Ceftriaxone', 13),
(76, 76, 'boîte', 1, 'Ciprofloxacine', 13),
(77, 77, 'boîte', 10, 'Diazepam', 9),
(78, 78, 'boîte', 50, 'Diclofenac', 13),
(79, 79, 'boîte', 50, 'Furosemide', 13),
(80, 80, 'boîte', 50, 'Gentamicine', 13),
(81, 81, 'boîte', 1, 'Lidocaine', 15),
(82, 82, 'boîte', 100, 'Metoclopramide', 13),
(83, 83, 'boîte', 10, 'Omeprazole', 13),
(84, 84, 'boîte', 10, 'Oxytocine', 13),
(85, 85, 'boîte', 1, 'Paracetamol', 13),
(86, 86, 'bouteille', 10, 'Penicilline benzathine', 13),
(87, 87, 'boîte', 10, 'Penicilline g', 13),
(88, 88, 'boîte', 10, 'Phenobarbital', 9),
(89, 89, 'boîte', 10, 'Quinine', 26),
(90, 90, 'bouteille', 1, 'Ringer lactate', 33),
(91, 91, 'boîte', 6, 'Salbumol', 16),
(92, 92, 'bouteille', 1, 'Serum glucose isotonique', 33),
(93, 93, 'bouteille', 1, 'Sérum salé isotonique', 33),
(94, 94, 'boîte', 100, 'Solution de rehydratation oral', 13),
(95, 95, 'individuel', 1, 'Vitamine k1', 7),
(96, 96, 'boîte', 10, 'K1', 9);

DROP TABLE IF EXISTS `drugStock`;

CREATE TABLE `drugStock` (
  `id` int(11) NOT NULL AUTO_INCREMENT,
  `packageID` int(11) NOT NULL,
  `correction` tinyint(1) NOT NULL DEFAULT 0,
  `number` int(11) NOT NULL,
  `transDate` date NOT NULL,
  `costRp` int(11) DEFAULT NULL,
  `batch` varchar(100) COLLATE utf8_bin DEFAULT NULL,
  `supplID` int(11) DEFAULT NULL,
  PRIMARY KEY (`id`),
  KEY `packageID` (`packageID`),
  KEY `supplID` (`supplID`),
  CONSTRAINT `drugStock_ibfk_2` FOREIGN KEY (`supplID`)
    REFERENCES `drugSuppl` (`id`),
  CONSTRAINT `drugStock_ibfk_4` FOREIGN KEY (`packageID`)
    REFERENCES `drugPackage` (`id`)
) ENGINE=InnoDB DEFAULT CHARSET=utf8 COLLATE=utf8_bin;

DROP TABLE IF EXISTS `drugSuppl`;

CREATE TABLE `drugSuppl` (
  `id` int(11) NOT NULL AUTO_INCREMENT,
  `name` varchar(100) COLLATE utf8_bin NOT NULL,
  `address` varchar(100) COLLATE utf8_bin DEFAULT NULL,
  `phone` varchar(100) COLLATE utf8_bin DEFAULT NULL,
  `email` varchar(100) COLLATE utf8_bin DEFAULT NULL,
  `contact` varchar(100) COLLATE utf8_bin DEFAULT NULL,
  PRIMARY KEY (`id`),
  UNIQUE KEY `name` (`name`)
) ENGINE=InnoDB DEFAULT CHARSET=utf8 COLLATE=utf8_bin;

DROP TABLE IF EXISTS `dusun`;

CREATE TABLE `dusun` (
  `id` int(11) NOT NULL AUTO_INCREMENT,
  `commune` varchar(50) COLLATE utf8_bin DEFAULT NULL,
  `dusun` varchar(50) COLLATE utf8_bin NOT NULL,
  `sous` varchar(50) COLLATE utf8_bin DEFAULT NULL,
--  `desa` varchar(50) COLLATE utf8_bin NOT NULL,
--  `kecamatan` varchar(30) COLLATE utf8_bin NOT NULL,
--  `kabupaten` varchar(20) COLLATE utf8_bin NOT NULL,
  PRIMARY KEY (`id`),
  UNIQUE KEY `dusun` (`dusun`,`sous`)
) ;

INSERT INTO dusun (`dusun`) VALUES
('Ambahipiky'),
('Ambatsaratova'),
('Amboangibe'),
('Ambodiria'),
('Ampamohaza'),
('Analameloka'),
('Anambotaky'),
('Anangongo'),
('Andrafia'),
('Anivorano'),
('Ankazobaky'),
('Ankazotsararavina'),
('Antavibe'),
('Antseranampasy'),
('Bekaraoky'),
('Karimbelo'),
('Mahatsinjo'),
('Maheritraka'),
('Manombo'),
('Marodia'),
('Maropanahy'),
('Marovandrika'),
('Marovary'),
('Namohora'),
('Sahamahitsy'),
('Sily'),
('Takoandra'),
('Tsaratanana'),
('Vohidroy'),
('Vohilava');

DROP TABLE IF EXISTS `icd10`;

CREATE TABLE `icd10` (
  `id` int(11) NOT NULL AUTO_INCREMENT,
  `code` varchar(50) COLLATE utf8_bin NOT NULL,
  `name` varchar(200) COLLATE utf8_bin NOT NULL,
  `common` tinyint(1) NOT NULL DEFAULT 0,
  PRIMARY KEY (`id`),
  UNIQUE KEY `icd10` (`code`)
) ENGINE=InnoDB DEFAULT CHARSET=utf8 COLLATE=utf8_bin AUTO_INCREMENT=1694;

INSERT INTO `icd10` (`id`, `code`, `name`, `common`) VALUES
(1, 'A00', 'Choléra', 1),
(2, 'A01', 'Fièvres typhoïde et paratyphoïde', 1),
(3, 'A02', 'Autres infections à salmonelles', 0),
(4, 'A03', 'Shigellose', 0),
(5, 'A04', 'Autres infections intestinales bactériennes', 0),
(6, 'A05', 'Autres intoxications bactériennes d’origine alimentaire, non classées ailleurs', 1),
(7, 'A06', 'Amibiase', 0),
(8, 'A07', 'Autres maladies intestinales à protozoaires', 0),
(9, 'A08', 'Infections virales intestinales et autres infections intestinales précisées', 0),
(10, 'A09', 'Diarrhée et gastro-entérite d’origine présumée infectieuse', 1),
(11, 'A15', 'Tuberculose de l’appareil respiratoire, avec confirmation bactériologique et histologique', 1),
(12, 'A16', 'Tuberculose de l’appareil respiratoire, sans confirmation bactériologique ou histologique', 0),
(13, 'A17', 'Tuberculose du système nerveux', 0),
(14, 'A18', 'Tuberculose d’autres organes', 0),
(15, 'A19', 'Tuberculose miliaire', 0),
(16, 'A20', 'Peste', 0),
(17, 'A21', 'Tularémie', 0),
(18, 'A22', 'Charbon', 0),
(19, 'A23', 'Brucellose', 0),
(20, 'A24', 'Morve et mélioïdose', 0),
(21, 'A25', 'Fièvres causées par morsure de rat', 0),
(22, 'A26', 'Erysipéloïde', 0),
(23, 'A27', 'Leptospirose', 0),
(24, 'A28', 'Autres anthropozoonoses bactériennes, non classées ailleurs', 0),
(25, 'A30', 'Lèpre [maladie de Hansen]', 1),
(26, 'A31', 'Infections dues à d’autres mycobactéries', 0),
(27, 'A32', 'Listériose', 0),
(28, 'A33', 'Tétanos néonatal', 0),
(29, 'A34', 'Tétanos obstétrical', 0),
(30, 'A35', 'Autres formes de tétanos', 0),
(31, 'A36', 'Diphtérie', 1),
(32, 'A37', 'Coqueluche', 1),
(33, 'A38', 'Scarlatine', 0),
(34, 'A39', 'Infection à méningocoques', 0),
(35, 'A40', 'Septicémie à streptocoques', 0),
(36, 'A41', 'Autres septicémies', 0),
(37, 'A42', 'Actinomycose', 0),
(38, 'A43', 'Nocardiose', 0),
(39, 'A44', 'Bartonellose', 0),
(40, 'A46', 'Erysipèle', 0),
(41, 'A48', 'Autres maladies bactériennes, non classées ailleurs', 0),
(42, 'A49', 'Infection bactérienne, siège non précisé', 1),
(43, 'A50', 'Syphilis congénitale', 0),
(44, 'A51', 'Syphilis précoce', 0),
(45, 'A52', 'Syphilis tardive', 0),
(46, 'A53', 'Syphilis, autres et sans précision', 0),
(47, 'A54', 'Infection gonococcique', 0),
(48, 'A55', 'Lymphogranulomatose vénérienne à Chlamydia', 0),
(49, 'A56', 'Autres infections à Chlamydia transmises par voie sexuelle', 0),
(50, 'A57', 'Chancre mou', 0),
(51, 'A58', 'Granulome inguinal', 0),
(52, 'A59', 'Trichomonase', 0),
(53, 'A60', 'Infection ano-génitale par le virus de l’herpès [herpes simplex]', 0),
(54, 'A63', 'Autres maladies dont le mode de transmission est essentiellement sexuel, non classées ailleurs', 0),
(55, 'A64', 'Maladie sexuellement transmise, sans précision', 0),
(56, 'A65', 'Syphilis non vénérienne', 0),
(57, 'A66', 'Pian', 0),
(58, 'A67', 'Pinta [caraté]', 0),
(59, 'A68', 'Fièvres récurrentes [borrélioses]', 0),
(60, 'A69', 'Autres infections à spirochètes', 0),
(61, 'A70', 'Infection à Chlamydia psittaci', 0),
(62, 'A71', 'Trachome', 0),
(63, 'A74', 'Autres infections à Chlamydia', 0),
(64, 'A75', 'Typhus', 0),
(65, 'A77', 'Fièvre pourprée [rickettsioses à tiques]', 0),
(66, 'A78', 'Fièvre Q', 0),
(67, 'A79', 'Autres rickettsioses', 0),
(68, 'A80', 'Poliomyélite aiguë', 0),
(69, 'A81', 'Infections atypiques à virus, du système nerveux central', 0),
(70, 'A82', 'Rage', 1),
(71, 'A83', 'Encéphalite virale transmise par des moustiques', 0),
(72, 'A84', 'Encéphalite virale transmise par des tiques', 0),
(73, 'A85', 'Autres encéphalites virales, non classées ailleurs', 0),
(74, 'A86', 'Encéphalite virale, sans précision', 0),
(75, 'A87', 'Méningite virale', 0),
(76, 'A88', 'Autres infections virales du système nerveux central, non classées ailleurs', 0),
(77, 'A89', 'Infection virale du système nerveux central, sans précision', 0),
(78, 'A90', 'Dengue [dengue classique]', 0),
(79, 'A91', 'Fièvre hémorragique due au virus de la dengue', 0),
(80, 'A92', 'Autres fièvres virales transmises par des moustiques', 0),
(81, 'A93', 'Autres fièvres virales transmises par des arthropodes, non classées ailleurs', 0),
(82, 'A94', 'Fièvre virale transmise par des arthropodes, sans précision', 0),
(83, 'A95', 'Fièvre jaune', 0),
(84, 'A96', 'Fièvre hémorragique à arénavirus', 0),
(85, 'A98', 'Autres fièvres hémorragiques virales, non classées ailleurs', 0),
(86, 'A99', 'Fièvre hémorragique virale, sans précision', 0),
(87, 'B00', 'Infections par le virus de l’herpès [herpes simplex]', 0),
(88, 'B01', 'Varicelle', 1),
(89, 'B02', 'Zona [herpes zoster]', 0),
(90, 'B03', 'Variole', 0),
(91, 'B04', 'Monkeypox', 0),
(92, 'B05', 'Rougeole', 0),
(93, 'B06', 'Rubéole', 0),
(94, 'B07', 'Verrues d’origine virale', 0),
(95, 'B08', 'Autres infections virales caractérisées par des lésions cutanéo-muqueuses, non classées ailleurs', 0),
(96, 'B09', 'Infection virale caractérisée par des lésions cutanéo-muqueuses, sans précision', 0),
(97, 'B15', 'Hépatite aiguë A', 0),
(98, 'B16', 'Hépatite aiguë B', 0),
(99, 'B17', 'Autres hépatites virales aiguës', 0),
(100, 'B18', 'Hépatite virale chronique', 0),
(101, 'B19', 'Hépatite virale, sans précision', 0),
(102, 'B20', 'Immunodéficience humaine virale [VIH], à l’origine de maladies infectieuses et parasitaires', 0),
(103, 'B21', 'Immunodéficience humaine virale [VIH], à l’origine de tumeurs malignes', 0),
(104, 'B22', 'Immunodéficience humaine virale [VIH], à l’origine d’autres affections précisées', 0),
(105, 'B23', 'Immunodéficience humaine virale [VIH], à l’origine d’autres maladies', 0),
(106, 'B24', 'Immunodéficience humaine virale [VIH], sans précision', 0),
(107, 'B25', 'Maladie à cytomégalovirus', 0),
(108, 'B26', 'Oreillons', 1),
(109, 'B27', 'Mononucléose infectieuse', 0),
(110, 'B30', 'Conjonctivite virale', 0),
(111, 'B33', 'Autres maladies à virus, non classées ailleurs', 0),
(112, 'B34', 'Infection virale, siège non précisé', 0),
(113, 'B35', 'Dermatophytose', 0),
(114, 'B36', 'Autres mycoses superficielles', 0),
(115, 'B37', 'Candidose', 0),
(116, 'B38', 'Coccidioïdomycose', 0),
(117, 'B39', 'Histoplasmose', 0),
(118, 'B40', 'Blastomycose', 0),
(119, 'B41', 'Paracoccidioïdomycose', 0),
(120, 'B42', 'Sporotrichose', 0),
(121, 'B43', 'Chromomycose [chromoblastomycose] et abcès phaeohyphomycosique', 0),
(122, 'B44', 'Aspergillose', 0),
(123, 'B45', 'Cryptococcose', 0),
(124, 'B46', 'Zygomycose', 0),
(125, 'B47', 'Mycétome', 0),
(126, 'B48', 'Autres mycoses, non classées ailleurs', 0),
(127, 'B49', 'Mycose, sans précision', 0),
(128, 'B50', 'Paludisme à Plasmodium falciparum', 0),
(129, 'B51', 'Paludisme à Plasmodium vivax', 0),
(130, 'B52', 'Paludisme à Plasmodium malariae', 0),
(131, 'B53', 'Autres paludismes confirmés par examen parasitologique', 0),
(132, 'B54', 'Paludisme, sans précision', 0),
(133, 'B55', 'Leishmaniose', 0),
(134, 'B56', 'Trypanosomiase africaine', 0),
(135, 'B57', 'Maladie de Chagas', 0),
(136, 'B58', 'Toxoplasmose', 0),
(137, 'B59', 'Pneumocystose (J17.3*) ', 0),
(138, 'B60', 'Autres maladies dues à des protozoaires, non classées ailleurs', 0),
(139, 'B64', 'Maladie due à des protozoaires, sans précision', 0),
(140, 'B65', 'Schistosomiase [bilharziose]', 0),
(141, 'B66', 'Autres infections par douves [distomatoses]', 0),
(142, 'B67', 'Echinococcose', 0),
(143, 'B68', 'Infection à Taenia [téniase]', 0),
(144, 'B69', 'Cysticercose', 1),
(145, 'B70', 'Diphyllobothriase et sparganose', 0),
(146, 'B71', 'Autres infections à cestodes', 0),
(147, 'B72', 'Dracunculose', 0),
(148, 'B73', 'Onchocercose', 0),
(149, 'B74', 'Filariose', 0),
(150, 'B75', 'Trichinose', 0),
(151, 'B76', 'Ankylostomiase', 0),
(152, 'B77', 'Ascaridiase', 0),
(153, 'B78', 'Anguillulose [strongyloïdose]', 0),
(154, 'B79', 'Infection à Trichuris trichiuria', 0),
(155, 'B80', 'Oxyurose', 0),
(156, 'B81', 'Autres helminthiases intestinales, non classées ailleurs', 0),
(157, 'B82', 'Parasitose intestinale, sans précision', 0),
(158, 'B83', 'Autres helminthiases', 0),
(159, 'B85', 'Pédiculose et phtiriase', 0),
(160, 'B86', 'Gale', 0),
(161, 'B87', 'Myiase', 0),
(162, 'B88', 'Autres infestations', 0),
(163, 'B89', 'Parasitose, sans précision', 0),
(164, 'B90', 'Séquelles de tuberculose', 0),
(165, 'B91', 'Séquelles de poliomyélite', 0),
(166, 'B92', 'Séquelles de lèpre', 0),
(167, 'B94', 'Séquelles de maladies infectieuses et parasitaires, autres et non précisées', 0),
(168, 'B95', 'Streptocoques et staphylocoques, cause de maladies classées dans d’autres chapitres', 0),
(169, 'B96', 'Autres agents bactériens, cause de maladies classées dans d’autres chapitres', 0),
(170, 'B97', 'Virus, cause de maladies classées dans d’autres chapitres', 0),
(171, 'B99', 'Maladies infectieuses, autres et non précisées', 0),
(172, 'C00', 'Tumeur maligne de la lèvre', 0),
(173, 'C01', 'Tumeur maligne de la base de la langue', 0),
(174, 'C02', 'Tumeur maligne de la langue, parties autres et non précisées', 0),
(175, 'C03', 'Tumeur maligne de la gencive', 0),
(176, 'C04', 'Tumeur maligne du plancher de la bouche', 0),
(177, 'C05', 'Tumeur maligne du palais', 0),
(178, 'C06', 'Tumeur maligne de la bouche, parties autres et non précisées', 0),
(179, 'C07', 'Tumeur maligne de la glande parotide', 0),
(180, 'C08', 'Tumeur maligne des glandes salivaires principales, autres et non précisées', 0),
(181, 'C09', 'Tumeur maligne de l’amygdale', 0),
(182, 'C10', 'Tumeur maligne de l’oropharynx', 0),
(183, 'C11', 'Tumeur maligne du rhinopharynx', 0),
(184, 'C12', 'Tumeur maligne du sinus piriforme', 0),
(185, 'C13', 'Tumeur maligne de l’hypopharynx', 0),
(186, 'C14', 'Tumeur maligne de la lèvre, de la cavité buccale et du pharynx, de sièges autres et mal définis', 0),
(187, 'D00', 'Carcinome in situ de la cavité buccale, de l’œsophage et de l’estomac', 0),
(188, 'D01', 'Carcinome in situ des organes digestifs, autres et non précisés', 0),
(189, 'D02', 'Carcinome in situ de l’oreille moyenne et de l’appareil respiratoire', 0),
(190, 'D03', 'Mélanome in situ', 0),
(191, 'D04', 'Carcinome in situ de la peau', 0),
(192, 'D05', 'Carcinome in situ du sein', 0),
(193, 'D06', 'Carcinome in situ du col de l’utérus', 0),
(194, 'D07', 'Carcinome in situ d’organes génitaux, autres et non précisés', 0),
(195, 'D09', 'Carcinome in situ de sièges autres et non précisés', 0),
(196, 'D10', 'Tumeur bénigne de la bouche et du pharynx', 0),
(197, 'D11', 'Tumeur bénigne des glandes salivaires principales', 0),
(198, 'D12', 'Tumeur bénigne du côlon, du rectum, de l’anus et du canal anal', 0),
(199, 'D13', 'Tumeurs bénignes de parties autres et mal définies de l’appareil digestif', 0),
(200, 'D14', 'Tumeur bénigne de l’oreille moyenne et de l’appareil respiratoire', 0),
(201, 'D15', 'Tumeur bénigne des organes intrathoraciques, autres et non précisés', 0),
(202, 'D16', 'Tumeur bénigne des os et du cartilage articulaire', 0),
(203, 'D17', 'Tumeur lipomateuse bénigne', 0),
(204, 'D18', 'Hémangiome et lymphangiome, tout siège', 0),
(205, 'D19', 'Tumeur bénigne du tissu mésothélial', 0),
(206, 'D20', 'Tumeur bénigne des tissus mous du rétropéritoine et du péritoine', 0),
(207, 'D21', 'Autres tumeurs bénignes du tissu conjonctif et des autres tissus mous', 0),
(208, 'D22', 'Nævus à mélanocytes', 0),
(209, 'D23', 'Autres tumeurs bénignes de la peau', 0),
(210, 'D24', 'Tumeur bénigne du sein', 0),
(211, 'D25', 'Léiomyome de l’utérus', 0),
(212, 'D26', 'Autres tumeurs bénignes de l’utérus', 0),
(213, 'D27', 'Tumeur bénigne de l’ovaire', 0),
(214, 'D28', 'Tumeur bénigne des organes génitaux de la femme, autres et non précisés', 0),
(215, 'D29', 'Tumeur bénigne des organes génitaux de l’homme', 0),
(216, 'D30', 'Tumeur bénigne des organes urinaires', 0),
(217, 'D31', 'Tumeur bénigne de l’œil et de ses annexes', 0),
(218, 'D32', 'Tumeur bénigne des méninges', 0),
(219, 'D33', 'Tumeur bénigne de l’encéphale et d’autres parties du système nerveux central', 0),
(220, 'D34', 'Tumeur bénigne de la thyroïde', 0),
(221, 'D35', 'Tumeur bénigne des glandes endocrines, autres et non précisées', 0),
(222, 'D36', 'Tumeur bénigne de sièges autres et non précisés', 0),
(223, 'D37', 'Tumeur de la cavité buccale et des organes digestifs à évolution imprévisible ou inconnue', 0),
(224, 'D38', 'Tumeur de l’oreille moyenne et des organes respiratoires et intrathoraciques à évolution imprévisible ou inconnue', 0),
(225, 'D39', 'Tumeur des organes génitaux de la femme à évolution imprévisible ou inconnue', 0),
(226, 'D40', 'Tumeur des organes génitaux de l’homme à évolution imprévisible ou inconnue', 0),
(227, 'D41', 'Tumeur des organes urinaires à évolution imprévisible ou inconnue', 0),
(228, 'D42', 'Tumeur des méninges à évolution imprévisible ou inconnue', 0),
(229, 'D43', 'Tumeur de l’encéphale et du système nerveux central à évolution imprévisible ou inconnue', 0),
(230, 'D44', 'Tumeur des glandes endocrines à évolution imprévisible ou inconnue', 0),
(231, 'D45', 'Polyglobulie essentielle', 0),
(232, 'D46', 'Syndromes myélodysplasiques', 0),
(233, 'D47', 'Autres tumeurs des tissus lymphoïde, hématopoïétique et apparentés à évolution imprévisible ou inconnue', 0),
(234, 'D48', 'Tumeur de sièges autres et non précisés à évolution imprévisible ou inconnue', 0),
(235, 'D50', 'Anémie par carence en fer', 0),
(236, 'D51', 'Anémie par carence en vitamine B12', 0),
(237, 'D52', 'Anémie par carence en acide folique', 0),
(238, 'D53', 'Autres anémies nutritionnelles', 0),
(239, 'D55', 'Anémie due à des anomalies enzymatiques', 0),
(240, 'D56', 'Thalassémie', 0),
(241, 'D57', 'Affections à hématies falciformes [drépanocytaires]', 1),
(242, 'D58', 'Autres anémies hémolytiques héréditaires', 0),
(243, 'D59', 'Anémie hémolytique acquise', 0),
(244, 'D60', 'Aplasie médullaire acquise pure [érythroblastopénie]', 0),
(245, 'D61', 'Autres aplasies médullaires', 0),
(246, 'D62', 'Anémie posthémorragique aiguë', 0),
(247, 'D63', 'Anémie au cours de maladies chroniques classées ailleurs', 0),
(248, 'D64', 'Autres anémies', 0),
(249, 'D65', 'Coagulation intravasculaire disséminée [syndrome de défibrination]', 0),
(250, 'D66', 'Carence héréditaire en facteur VIII', 0),
(251, 'D67', 'Carence héréditaire en facteur IX', 0),
(252, 'D68', 'Autres anomalies de la coagulation', 0),
(253, 'D69', 'Purpura et autres affections hémorragiques', 0),
(254, 'D70', 'Agranulocytose', 0),
(255, 'D71', 'Anomalies fonctionnelles des granulocytes neutrophiles', 0),
(256, 'D72', 'Autres anomalies des leucocytes', 0),
(257, 'D73', 'Maladies de la rate', 0),
(258, 'D74', 'Méthémoglobinémie', 0),
(259, 'D75', 'Autres maladies du sang et des organes hématopoïétiques', 0),
(260, 'D76', 'Certaines maladies du tissu lymphoréticulaire et du système réticulo-histiocytaire', 0),
(261, 'D77', 'Autres maladies du sang et des organes hématopoïétiques au cours de maladies classées ailleurs', 0),
(262, 'D80', 'Déficit immunitaire avec déficit prédominant de la production d’anticorps', 0),
(263, 'D81', 'Déficits immunitaires combinés', 0),
(264, 'D82', 'Déficit immunitaire associé à d’autres anomalies majeures', 0),
(265, 'D83', 'Déficit immunitaire commun variable', 0),
(266, 'D84', 'Autres déficits immunitaires', 0),
(267, 'D86', 'Sarcoïdose', 0),
(268, 'D89', 'Autres anomalies du système immunitaire, non classées ailleurs', 0),
(269, 'E00', 'Syndrome d’insuffisance thyroïdienne congénitale', 0),
(270, 'E01', 'Affections thyroïdiennes et apparentées liées à une carence en iode', 0),
(271, 'E02', 'Hypothyroïdie par carence inapparente en iode', 0),
(272, 'E03', 'Autres hypothyroïdies', 0),
(273, 'E04', 'Autres goitres non toxiques', 0),
(274, 'E05', 'Thyréotoxicose [hyperthyroïdie]', 0),
(275, 'E06', 'Thyroïdite', 0),
(276, 'E07', 'Autres affections de la thyroïde', 0),
(277, 'E10', 'Diabète sucré insulino-dépendant', 0),
(278, 'E11', 'Diabète sucré non insulino-dépendant', 0),
(279, 'E12', 'Diabète sucré de malnutrition', 0),
(280, 'E13', 'Autres diabètes sucrés précisés', 0),
(281, 'E14', 'Diabète sucré, sans précision', 1),
(282, 'E15', 'Coma hypoglycémique non diabétique', 0),
(283, 'E16', 'Autres anomalies de la sécrétion pancréatique interne', 0),
(284, 'E20', 'Hypoparathyroïdie', 0),
(285, 'E21', 'Hyperparathyroïdie et autres maladies de la glande parathyroïde', 0),
(286, 'E22', 'Hypersécrétion de l’hypophyse', 0),
(287, 'E23', 'Hyposécrétion et autres anomalies de l’hypophyse', 0),
(288, 'E24', 'Syndrome de Cushing', 0),
(289, 'E25', 'Anomalies génito-surrénaliennes', 0),
(290, 'E26', 'Hyperaldostéronisme', 0),
(291, 'E27', 'Autres maladies de la glande surrénale', 0),
(292, 'E28', 'Dysfonction ovarienne', 0),
(293, 'E29', 'Dysfonction testiculaire', 0),
(294, 'E30', 'Anomalies de la puberté, non classées ailleurs', 0),
(295, 'E31', 'Dysfonctionnement pluriglandulaire', 0),
(296, 'E32', 'Maladies du thymus', 0),
(297, 'E34', 'Autres troubles endocriniens', 0),
(298, 'E35', 'Anomalies endocriniennes au cours de maladies classées ailleurs', 0),
(299, 'E40', 'Kwashiorkor', 0),
(300, 'E41', 'Marasme nutritionnel', 0),
(301, 'E42', 'Kwashiorkor avec marasme', 0),
(302, 'E43', 'Malnutrition protéino-énergétique grave, sans précision', 0),
(303, 'E44', 'Malnutrition protéino-énergétique légère ou modérée', 0),
(304, 'E45', 'Retard de développement après malnutrition protéino-énergétique', 0),
(305, 'E46', 'Malnutrition protéino-énergétique, sans précision', 0),
(306, 'E50', 'Avitaminose A', 0),
(307, 'E51', 'Carence en thiamine', 0),
(308, 'E52', 'Carence en acide nicotinique [pellagre]', 0),
(309, 'E53', 'Autres avitaminoses du groupe B', 0),
(310, 'E54', 'Carence en acide ascorbique', 0),
(311, 'E55', 'Carence en vitamine D', 0),
(312, 'E56', 'Autres avitaminoses', 0),
(313, 'E58', 'Carence alimentaire en calcium', 0),
(314, 'E59', 'Carence alimentaire en sélénium', 0),
(315, 'E60', 'Carence alimentaire en zinc', 0),
(316, 'E61', 'Carences en autres éléments nutritionnels', 0),
(317, 'E63', 'Autres carences nutritionnelles', 0),
(318, 'E64', 'Séquelles de malnutrition et autres carences nutritionnelles', 0),
(319, 'E65', 'Adiposité localisée', 0),
(320, 'E66', 'Obésité', 1),
(321, 'E67', 'Autres excès d’apport', 0),
(322, 'E68', 'Séquelles d’excès d’apport', 0),
(323, 'E70', 'Anomalies du métabolisme des acides aminés aromatiques', 0),
(324, 'E71', 'Anomalies du métabolisme des acides aminés à chaîne ramifiée et du métabolisme des acides gras', 0),
(325, 'E72', 'Autres anomalies du métabolisme des acides aminés', 0),
(326, 'E73', 'Intolérance au lactose', 0),
(327, 'E74', 'Autres anomalies du métabolisme des hydrates de carbone', 0),
(328, 'E75', 'Anomalies du métabolisme des sphingolipides et autres anomalies du stockage des lipides', 0),
(329, 'E76', 'Anomalies du métabolisme des glucosaminoglycanes', 0),
(330, 'E77', 'Anomalies du métabolisme des glycoprotéines', 0),
(331, 'E78', 'Anomalies du métabolisme des lipoprotéines et autres lipidémies', 0),
(332, 'E79', 'Anomalies du métabolisme de la purine et de la pyrimidine', 0),
(333, 'E80', 'Anomalies du métabolisme de la porphyrine et de la bilirubine', 0),
(334, 'E83', 'Anomalies du métabolisme des minéraux', 0),
(335, 'E84', 'Fibrose kystique', 0),
(336, 'E85', 'Amylose', 0),
(337, 'E86', 'Hypovolémie', 0),
(338, 'E87', 'Autres déséquilibres hydro-électrolytiques et acido-basiques', 0),
(339, 'E88', 'Autres anomalies métaboliques', 0),
(340, 'E89', 'Anomalies endocriniennes et métaboliques après un acte à visée diagnostique et thérapeutique, non classées ailleurs', 0),
(341, 'E90', 'Anomalies nutritionnelles et métaboliques au cours de maladies classées ailleurs', 0),
(342, 'F00', 'Démence de la maladie d’Alzheimer (G30.-+) ', 0),
(343, 'F01', 'Démence vasculaire', 0),
(344, 'F02', 'Démence au cours d’autres maladies classées ailleurs', 0),
(345, 'F03', 'Démence, sans précision', 0),
(346, 'F04', 'Syndrome amnésique organique, non induit par l’alcool et d’autres substances psycho-actives', 0),
(347, 'F05', 'Delirium, non induit par l’alcool et d’autres substances psycho-actives', 0),
(348, 'F06', 'Autres troubles mentaux dus à une lésion cérébrale et un dysfonctionnement cérébral, et à une affection somatique', 0),
(349, 'F07', 'Troubles de la personnalité et du comportement dus à une affection, une lésion et un dysfonctionnement cérébraux', 0),
(350, 'F09', 'Trouble mental organique ou symptomatique, sans précision', 0),
(351, 'F10', 'Troubles mentaux et du comportement liés à l’utilisation d’alcool', 0),
(352, 'F11', 'Troubles mentaux et du comportement liés à l’utilisation d’opiacés', 0),
(353, 'F12', 'Troubles mentaux et du comportement liés à l’utilisation de dérivés du cannabis', 0),
(354, 'F13', 'Troubles mentaux et du comportement liés à l’utilisation de sédatifs ou d’hypnotiques', 0),
(355, 'F14', 'Troubles mentaux et du comportement liés à l’utilisation de cocaïne', 0),
(356, 'F15', 'Troubles mentaux et du comportement liés à l’utilisation d’autres stimulants, y compris la caféine', 0),
(357, 'F16', 'Troubles mentaux et du comportement liés à l’utilisation d’hallucinogènes', 0),
(358, 'F17', 'Troubles mentaux et du comportement liés à l’utilisation de tabac', 0),
(359, 'F18', 'Troubles mentaux et du comportement liés à l’utilisation de solvants volatils', 0),
(360, 'F19', 'Troubles mentaux et du comportement liés à l’utilisation de drogues multiples et troubles liés à l’utilisation d’autres substances psycho-actives', 0),
(361, 'F20', 'Schizophrénie', 0),
(362, 'F21', 'Trouble schizotypique', 0),
(363, 'F22', 'Troubles délirants persistants', 0),
(364, 'F23', 'Troubles psychotiques aigus et transitoires', 0),
(365, 'F24', 'Trouble délirant induit', 0),
(366, 'F25', 'Troubles schizo-affectifs', 0),
(367, 'F28', 'Autres troubles psychotiques non organiques', 0),
(368, 'F29', 'Psychose non organique, sans précision', 0),
(369, 'F30', 'Episode maniaque', 0),
(370, 'F31', 'Trouble affectif bipolaire', 0),
(371, 'F32', 'Episodes dépressifs', 0),
(372, 'F33', 'Trouble dépressif récurrent', 0),
(373, 'F34', 'Troubles de l’humeur [affectifs] persistants', 0),
(374, 'F38', 'Autres troubles de l’humeur [affectifs]', 0),
(375, 'F39', 'Trouble de l’humeur [affectif], sans précision', 0),
(376, 'F40', 'Troubles anxieux phobiques', 0),
(377, 'F41', 'Autres troubles anxieux', 0),
(378, 'F42', 'Trouble obsessionnel-compulsif', 0),
(379, 'F43', 'Réaction à un facteur de stress sévère, et troubles de l’adaptation', 0),
(380, 'F44', 'Troubles dissociatifs [de conversion]', 0),
(381, 'F45', 'Troubles somatoformes', 0),
(382, 'F48', 'Autres troubles névrotiques', 0),
(383, 'F50', 'Troubles de l’alimentation', 0),
(384, 'F51', 'Troubles du sommeil non organiques', 0),
(385, 'F52', 'Dysfonctionnement sexuel, non dû à un trouble ou à une maladie organique', 0),
(386, 'F53', 'Troubles mentaux et du comportement associés à la puerpéralité, non classés ailleurs', 0),
(387, 'F54', 'Facteurs psychologiques et comportementaux associés à des maladies ou des troubles classés ailleurs', 0),
(388, 'F55', 'Abus de substances n’entraînant pas de dépendance', 0),
(389, 'F59', 'Syndromes comportementaux non précisés associés à des perturbations physiologiques et à des facteurs physiques', 0),
(390, 'F60', 'Troubles spécifiques de la personnalité', 0),
(391, 'F61', 'Troubles mixtes de la personnalité et autres troubles de la personnalité', 0),
(392, 'F62', 'Modification durable de la personnalité non attribuable à une lésion et une maladie cérébrales', 0),
(393, 'F63', 'Troubles des habitudes et des impulsions', 0),
(394, 'F64', 'Troubles de l’identité sexuelle', 0),
(395, 'F65', 'Troubles de la préférence sexuelle', 0),
(396, 'F66', 'Problèmes psychologiques et comportementaux associés au développement sexuel et à son orientation', 0),
(397, 'F68', 'Autres troubles de la personnalité et du comportement chez l’adulte', 0),
(398, 'F69', 'Trouble de la personnalité et du comportement chez l’adulte, sans précision', 0),
(399, 'F70', 'Retard mental léger', 0),
(400, 'F71', 'Retard mental moyen', 0),
(401, 'F72', 'Retard mental grave', 0),
(402, 'F73', 'Retard mental profond', 0),
(403, 'F78', 'Autres formes de retard mental', 0),
(404, 'F79', 'Retard mental, sans précision', 0),
(405, 'F80', 'Troubles spécifiques du développement de la parole et du langage', 0),
(406, 'F81', 'Troubles spécifiques du développement des acquisitions scolaires', 0),
(407, 'F82', 'Trouble spécifique du développement moteur', 0),
(408, 'F83', 'Troubles spécifiques mixtes du développement', 0),
(409, 'F84', 'Troubles envahissants du développement', 0),
(410, 'F88', 'Autres troubles du développement psychologique', 0),
(411, 'F89', 'Trouble du développement psychologique, sans précision', 0),
(412, 'F90', 'Troubles hyperkinétiques', 0),
(413, 'F91', 'Troubles des conduites', 0),
(414, 'F92', 'Troubles mixtes des conduites et troubles émotionnels', 0),
(415, 'F93', 'Troubles émotionnels apparaissant spécifiquement dans l’enfance', 0),
(416, 'F94', 'Troubles du fonctionnement social apparaissant spécifiquement durant l’enfance et l’adolescence', 0),
(417, 'F95', 'Tics', 0),
(418, 'F98', 'Autres troubles du comportement et troubles émotionnels apparaissant habituellement durant l’enfance et l’adolescence', 0),
(419, 'F99', 'Trouble mental, sans autre indication', 1),
(420, 'G00', 'Méningite bactérienne, non classée ailleurs', 0),
(421, 'G01', 'Méningite au cours d’affections bactériennes classées ailleurs', 0),
(422, 'G02', 'Méningite au cours d’autres maladies infectieuses et parasitaires classées ailleurs', 0),
(423, 'G03', 'Méningite due à des causes autres et non précisées', 0),
(424, 'G04', 'Encéphalite, myélite et encéphalomyélite', 0),
(425, 'G05', 'Encéphalite, myélite et encéphalomyélite au cours d’affections classées ailleurs', 0),
(426, 'G06', 'Abcès et granulome intracrâniens et intrarachidiens', 0),
(427, 'G07', 'Abcès et granulome intracrâniens et intrarachidiens au cours d’affections classées ailleurs', 0),
(428, 'G08', 'Phlébite et thrombophlébite intracrâniennes et intrarachidiennes', 0),
(429, 'G09', 'Séquelles d’affections inflammatoires du système nerveux central', 0),
(430, 'G10', 'Chorée de Huntington', 0),
(431, 'G11', 'Ataxie héréditaire', 0),
(432, 'G12', 'Amyotrophie spinale et syndromes apparentés', 0),
(433, 'G13', 'Affections dégénératives systémiques affectant principalement le système nerveux central au cours d’affections classées ailleurs', 0),
(434, 'G20', 'Maladie de Parkinson', 0),
(435, 'G21', 'Syndrome parkinsonien secondaire', 0),
(436, 'G22', 'Syndrome parkinsonien au cours de maladies classées ailleurs', 0),
(437, 'G23', 'Autres maladies dégénératives des noyaux gris centraux', 0),
(438, 'G24', 'Dystonie', 0),
(439, 'G25', 'Autres syndromes extrapyramidaux et troubles de la motricité', 0),
(440, 'G26', 'Syndromes extrapyramidaux et troubles de la motricité au cours d’affections classées ailleurs', 0),
(441, 'G30', 'Maladie d’Alzheimer', 0),
(442, 'G31', 'Autres affections dégénératives du système nerveux, non classées ailleurs', 0),
(443, 'G32', 'Autres affections dégénératives du système nerveux au cours d’affections classées ailleurs', 0),
(444, 'G35', 'Sclérose en plaques', 0),
(445, 'G36', 'Autres affections démyélinisantes aiguës disséminées', 0),
(446, 'G37', 'Autres affections démyélinisantes du système nerveux central', 0),
(447, 'G40', 'Epilepsie', 1),
(448, 'G41', 'Etat de mal épileptique', 0),
(449, 'G43', 'Migraine', 0),
(450, 'G44', 'Autres syndromes d’algies céphaliques', 0),
(451, 'G45', 'Accidents ischémiques cérébraux transitoires et syndromes apparentés', 0),
(452, 'G46', 'Syndromes vasculaires cérébraux au cours de maladies cérébrovasculaires (I60-I67+) ', 0),
(453, 'G47', 'Troubles du sommeil', 0),
(454, 'G50', 'Affections du nerf trijumeau', 0),
(455, 'G51', 'Affections du nerf facial', 0),
(456, 'G52', 'Affections des autres nerfs crâniens', 0),
(457, 'G53', 'Affections des nerfs crâniens au cours de maladies classées ailleurs', 0),
(458, 'G54', 'Affections des racines et des plexus nerveux', 0),
(459, 'G55', 'Compression des racines et des plexus nerveux au cours de maladies classées ailleurs', 0),
(460, 'G56', 'Mononévrite du membre supérieur', 0),
(461, 'G57', 'Mononévrite du membre inférieur', 0),
(462, 'G58', 'Autres mononévrites', 0),
(463, 'G59', 'Mononévrite au cours de maladies classées ailleurs', 0),
(464, 'G60', 'Neuropathie héréditaire et idiopathique', 0),
(465, 'G61', 'Polynévrites inflammatoires', 0),
(466, 'G62', 'Autres polynévrites', 0),
(467, 'G63', 'Polynévrite au cours de maladies classées ailleurs', 0),
(468, 'G64', 'Autres affections du système nerveux périphérique', 0),
(469, 'G70', 'Myasthénie et autres affections neuro-musculaires', 0),
(470, 'G71', 'Affections musculaires primitives', 0),
(471, 'G72', 'Autres myopathies', 0),
(472, 'G73', 'Affections musculaires et neuro-musculaires au cours de maladies classées ailleurs', 0),
(473, 'G80', 'Paralysie cérébrale', 1),
(474, 'G81', 'Hémiplégie', 0),
(475, 'G82', 'Paraplégie et tétraplégie', 0),
(476, 'G83', 'Autres syndromes paralytiques', 0),
(477, 'G90', 'Affections du système nerveux autonome', 0),
(478, 'G91', 'Hydrocéphalie', 0),
(479, 'G92', 'Encéphalopathie toxique', 0),
(480, 'G93', 'Autres affections du cerveau', 0),
(481, 'G94', 'Autres affections du cerveau au cours de maladies classées ailleurs', 0),
(482, 'G95', 'Autres affections de la moelle épinière', 0),
(483, 'G96', 'Autres affections du système nerveux central', 0),
(484, 'G97', 'Affections du système nerveux après un acte à visée diagnostique et thérapeutique, non classées ailleurs', 0),
(485, 'G98', 'Autres affections du système nerveux, non classées ailleurs', 0),
(486, 'G99', 'Autres affections du système nerveux au cours de maladies classées ailleurs', 0),
(487, 'H00', 'Orgelet et chalazion', 0),
(488, 'H01', 'Autres inflammations de la paupière', 0),
(489, 'H02', 'Autres affections des paupières', 0),
(490, 'H03', 'Affections de la paupière au cours de maladies classées ailleurs', 0),
(491, 'H04', 'Affections de l’appareil lacrymal', 0),
(492, 'H05', 'Affections de l’orbite', 0),
(493, 'H06', 'Affections de l’appareil lacrymal et de l’orbite au cours de maladies classées ailleurs', 0),
(494, 'H10', 'Conjonctivite', 1),
(495, 'H11', 'Autres affections de la conjonctive', 0),
(496, 'H13', 'Affections de la conjonctive au cours de maladies classées ailleurs', 0),
(497, 'H15', 'Affections de la sclérotique', 0),
(498, 'H16', 'Kératite', 0),
(499, 'H17', 'Cicatrices et opacités cornéennes', 0),
(500, 'H18', 'Autres affections de la cornée', 0),
(501, 'H19', 'Affections de la sclérotique et de la cornée au cours de maladies classées ailleurs', 0),
(502, 'H20', 'Iridocyclite', 0),
(503, 'H21', 'Autres affections de l’iris et du corps ciliaire', 0),
(504, 'H22', 'Affections de l’iris et du corps ciliaire au cours de maladies classées ailleurs', 0),
(505, 'H25', 'Cataracte sénile', 1),
(506, 'H26', 'Autres cataractes', 0),
(507, 'H27', 'Autres affections du cristallin', 0),
(508, 'H28', 'Cataracte et autres affections du cristallin au cours de maladies classées ailleurs', 0),
(509, 'H30', 'Choriorétinite', 0),
(510, 'H31', 'Autres affections de la choroïde', 0),
(511, 'H32', 'Affections choriorétiniennes au cours de maladies classées ailleurs', 0),
(512, 'H33', 'Décollement et déchirure de la rétine', 0),
(513, 'H34', 'Occlusions vasculaires rétiniennes', 0),
(514, 'H35', 'Autres affections rétiniennes', 0),
(515, 'H36', 'Affections rétiniennes au cours de maladies classées ailleurs', 0),
(516, 'H40', 'Glaucome', 0),
(517, 'H42', 'Glaucome au cours de maladies classées ailleurs', 0),
(518, 'H43', 'Affections du corps vitré', 0),
(519, 'H44', 'Affections du globe oculaire', 0),
(520, 'H45', 'Affections du corps vitré et du globe oculaire au cours de maladies classées ailleurs', 0),
(521, 'H46', 'Névrite optique', 0),
(522, 'H47', 'Autres affections du nerf [II] et des voies optiques', 0),
(523, 'H48', 'Affections du nerf [II] et des voies optiques au cours de maladies classées ailleurs', 0),
(524, 'H49', 'Strabisme paralytique', 0),
(525, 'H50', 'Autres strabismes', 0),
(526, 'H51', 'Autres anomalies des mouvements binoculaires', 0),
(527, 'H52', 'Vices de réfraction et troubles de l’accommodation', 0),
(528, 'H53', 'Troubles de la vision', 0),
(529, 'H54', 'Cécité et baisse de la vision', 0),
(530, 'H55', 'Nystagmus et autres anomalies des mouvements oculaires', 0),
(531, 'H57', 'Autres affections de l’œil et de ses annexes', 0),
(532, 'H58', 'Autres affections de l’œil et de ses annexes au cours de maladies classées ailleurs', 0),
(533, 'H59', 'Affections de l’œil et de ses annexes après un acte à visée diagnostique et thérapeutique, non classées ailleurs', 0),
(534, 'H60', 'Otite externe', 1),
(535, 'H61', 'Autres affections de l’oreille externe', 0),
(536, 'H62', 'Affections de l’oreille externe au cours de maladies classées ailleurs', 0),
(537, 'H65', 'Otite moyenne non suppurée', 0),
(538, 'H66', 'Otite moyenne suppurée et sans précision', 0),
(539, 'H67', 'Otite moyenne au cours de maladies classées ailleurs', 0),
(540, 'H68', 'Salpingite et obstruction de la trompe d’Eustache', 0),
(541, 'H69', 'Autres affections de la trompe d’Eustache', 0),
(542, 'H70', 'Mastoïdite et affections apparentées', 0),
(543, 'H71', 'Cholestéatome de l’oreille moyenne', 0),
(544, 'H72', 'Perforation du tympan', 0),
(545, 'H73', 'Autres affections du tympan', 0),
(546, 'H74', 'Autres affections de l’oreille moyenne et de l’apophyse mastoïde', 0),
(547, 'H75', 'Autres affections de l’oreille moyenne et de l’apophyse mastoïde au cours de maladies classées ailleurs', 0),
(548, 'H80', 'Otosclérose', 0),
(549, 'H81', 'Atteintes des fonctions vestibulaires', 0),
(550, 'H82', 'Syndromes vertigineux au cours de maladies classées ailleurs', 0),
(551, 'H83', 'Autres maladies de l’oreille interne', 0),
(552, 'H90', 'Surdité de transmission et neurosensorielle', 0),
(553, 'H91', 'Autres pertes de l’audition', 0),
(554, 'H92', 'Otalgie et écoulement par l’oreille', 0),
(555, 'H93', 'Autres affections de l’oreille, non classées ailleurs', 0),
(556, 'H94', 'Autres affections de l’oreille au cours de maladies classées ailleurs', 0),
(557, 'H95', 'Affections de l’oreille et de l’apophyse mastoïde après un acte à visée diagnostique et thérapeutique, non classées ailleurs', 0),
(558, 'I00', 'Rhumatisme articulaire aigu, sans mention d’atteinte cardiaque', 0),
(559, 'I01', 'Rhumatisme articulaire aigu, avec atteinte cardiaque', 0),
(560, 'I02', 'Chorée rhumatismale', 0),
(561, 'I05', 'Maladies rhumatismales de la valvule mitrale', 0),
(562, 'I06', 'Maladies rhumatismales de la valvule aortique', 0),
(563, 'I07', 'Maladies rhumatismales de la valvule tricuspide', 0),
(564, 'I08', 'Maladies de plusieurs valvules', 0),
(565, 'I09', 'Autres cardiopathies rhumatismales', 0),
(566, 'I10', 'Hypertension essentielle (primitive)', 0),
(567, 'I11', 'Cardiopathie hypertensive', 0),
(568, 'I12', 'Néphropathie hypertensive', 0),
(569, 'I13', 'Cardionéphropathie hypertensive', 0),
(570, 'I15', 'Hypertension secondaire', 0),
(571, 'I20', 'Angine de poitrine', 0),
(572, 'I21', 'Infarctus aigu du myocarde', 0),
(573, 'I22', 'Infarctus du myocarde à répétition', 0),
(574, 'I23', 'Certaines complications récentes d’un infarctus aigu du myocarde', 0),
(575, 'I24', 'Autres cardiopathies ischémiques aiguës', 0),
(576, 'I25', 'Cardiopathie ischémique chronique', 0),
(577, 'I26', 'Embolie pulmonaire', 0),
(578, 'I27', 'Autres affections cardiopulmonaires', 0),
(579, 'I28', 'Autres maladies des vaisseaux pulmonaires', 0),
(580, 'I30', 'Péricardite aiguë', 0),
(581, 'I31', 'Autres maladies du péricarde', 0),
(582, 'I32', 'Péricardite au cours de maladies classées ailleurs', 0),
(583, 'I33', 'Endocardite aiguë et subaiguë', 0),
(584, 'I34', 'Atteintes non rhumatismales de la valvule mitrale', 0),
(585, 'I35', 'Atteintes non rhumatismales de la valvule aortique', 0),
(586, 'I36', 'Atteintes non rhumatismales de la valvule tricuspide', 0),
(587, 'I37', 'Atteintes de la valvule pulmonaire', 0),
(588, 'I38', 'Endocardite, valvule non précisée', 0),
(589, 'I39', 'Endocardite et atteintes valvulaires cardiaques au cours de maladies classées ailleurs', 0),
(590, 'I40', 'Myocardite aiguë', 0),
(591, 'I41', 'Myocardite au cours de maladies classées ailleurs', 0),
(592, 'I42', 'Myocardiopathie', 0),
(593, 'I43', 'Myocardiopathie au cours de maladies classées ailleurs', 0),
(594, 'I44', 'Bloc de branche gauche et auriculoventriculaire', 0),
(595, 'I45', 'Autres troubles de la conduction', 0),
(596, 'I46', 'Arrêt cardiaque', 0),
(597, 'I47', 'Tachycardie paroxystique', 0),
(598, 'I48', 'Fibrillation et flutter auriculaires', 0),
(599, 'I49', 'Autres arythmies cardiaques', 0),
(600, 'I50', 'Insuffisance cardiaque', 0),
(601, 'I51', 'Complications de cardiopathies et maladies cardiaques mal définies', 0),
(602, 'I52', 'Autres cardiopathies au cours de maladies classées ailleurs', 0),
(603, 'I60', 'Hémorragie sous-arachnoïdienne', 0),
(604, 'I61', 'Hémorragie intracérébrale', 0),
(605, 'I62', 'Autres hémorragies intracrâniennes non traumatiques', 0),
(606, 'I63', 'Infarctus cérébral', 0),
(607, 'I64', 'Accident vasculaire cérébral, non précisé comme étant hémorragique ou par infarctus', 1),
(608, 'I65', 'Occlusion et sténose des artères précérébrales, n’entraînant pas un infarctus cérébral', 0),
(609, 'I66', 'Occlusion et sténose des artères cérébrales, n’entraînant pas un infarctus cérébral', 0),
(610, 'I67', 'Autres maladies cérébrovasculaires', 0),
(611, 'I68', 'Troubles cérébrovasculaires au cours de maladies classées ailleurs', 0),
(612, 'I69', 'Séquelles de maladies cérébrovasculaires', 0),
(613, 'I70', 'Athérosclérose', 0),
(614, 'I71', 'Anévrisme aortique et dissection', 0),
(615, 'I72', 'Autres anévrismes', 0),
(616, 'I73', 'Autres maladies vasculaires périphériques', 0),
(617, 'I74', 'Embolie et thrombose artérielles', 0),
(618, 'I77', 'Autres atteintes des artères et artérioles', 0),
(619, 'I78', 'Maladies des capillaires', 0),
(620, 'I79', 'Atteintes des artères, artérioles et capillaires au cours de maladies classées ailleurs', 0),
(621, 'I80', 'Phlébite et thrombophlébite', 0),
(622, 'I81', 'Thrombose de la veine porte', 0),
(623, 'I82', 'Autres embolies et thromboses veineuses', 0),
(624, 'I83', 'Varices des membres inférieurs', 0),
(625, 'I84', 'Hémorroïdes', 0),
(626, 'I85', 'Varices œsophagiennes', 0),
(627, 'I86', 'Varices d’autres localisations', 0),
(628, 'I87', 'Autres atteintes veineuses', 0),
(629, 'I88', 'Lymphadénite non spécifique', 0),
(630, 'I89', 'Autres atteintes non infectieuses des vaisseaux et des ganglions lymphatiques', 1),
(631, 'I95', 'Hypotension', 0),
(632, 'I97', 'Troubles de l’appareil circulatoire après un acte à visée diagnostique et thérapeutique, non classés ailleurs', 0),
(633, 'I98', 'Autres troubles de l’appareil circulatoire au cours de maladies classées ailleurs', 0),
(634, 'I99', 'Troubles autres et non précisés de l’appareil circulatoire', 0),
(635, 'J00', 'Rhinopharyngite aiguë [rhume banal]', 0),
(636, 'J01', 'Sinusite aiguë', 0),
(637, 'J02', 'Pharyngite aiguë', 1),
(638, 'J03', 'Amygdalite aiguë', 0),
(639, 'J04', 'Laryngite et trachéite aiguës', 0),
(640, 'J05', 'Laryngite obstructive aiguë [croup] et épiglottite aiguë', 0),
(641, 'J06', 'Infections aiguës des voies respiratoires supérieures, à localisations multiples et non précisées', 0),
(642, 'J09', 'Grippe, à virus de grippe aviaire identifié', 0),
(643, 'J10', 'Grippe, à autre virus grippal identifié', 1),
(644, 'J11', 'Grippe, virus non identifié', 0),
(645, 'J12', 'Pneumopathies virales, non classées ailleurs', 0),
(646, 'J13', 'Pneumonie due à Streptococcus pneumoniae', 0),
(647, 'J14', 'Pneumopathie due à Haemophilus influenzae', 0),
(648, 'J15', 'Pneumopathies bactériennes, non classées ailleurs', 0),
(649, 'J16', 'Pneumopathie due à d’autres micro-organismes infectieux, non classée ailleurs', 0),
(650, 'J17', 'Pneumopathie au cours de maladies classées ailleurs', 0),
(651, 'J18', 'Pneumopathie à micro-organisme non précisé', 1),
(652, 'J20', 'Bronchite aiguë', 0),
(653, 'J21', 'Bronchiolite aiguë', 0),
(654, 'J22', 'Infections aiguës des voies respiratoires inférieures, sans précision', 0),
(655, 'J30', 'Rhinite allergique et vasomotrice', 0),
(656, 'J31', 'Rhinite, rhinopharyngite et pharyngite chroniques', 0),
(657, 'J32', 'Sinusite chronique', 0),
(658, 'J33', 'Polype nasal', 0),
(659, 'J34', 'Autres maladies du nez et des sinus du nez', 0),
(660, 'J35', 'Maladies chroniques des amygdales et des végétations adénoïdes', 0),
(661, 'J36', 'Angine phlegmoneuse', 0),
(662, 'J37', 'Laryngite et laryngo-trachéite chroniques', 0),
(663, 'J38', 'Maladies des cordes vocales et du larynx, non classées ailleurs', 0),
(664, 'J39', 'Autres maladies des voies respiratoires supérieures', 0),
(665, 'J40', 'Bronchite, non précisée comme aiguë ou chronique', 0),
(666, 'J41', 'Bronchite chronique simple et mucopurulente', 0),
(667, 'J42', 'Bronchite chronique, sans précision', 0),
(668, 'J43', 'Emphysème', 0),
(669, 'J44', 'Autres maladies pulmonaires obstructives chroniques', 0),
(670, 'J45', 'Asthme', 1),
(671, 'J46', 'Etat de mal asthmatique', 0),
(672, 'J47', 'Bronchectasie', 0),
(673, 'J60', 'Pneumoconiose des mineurs de charbon', 0),
(674, 'J61', 'Pneumoconiose due à l’amiante et à d’autres fibres minérales', 0),
(675, 'J62', 'Pneumoconiose due à la poussière de silice', 0),
(676, 'J63', 'Pneumoconiose due à d’autres poussières inorganiques', 0),
(677, 'J64', 'Pneumoconiose, sans précision', 0),
(678, 'J65', 'Pneumoconiose associée à la tuberculose', 0),
(679, 'J66', 'Affections des voies aériennes dues à des poussières organiques précisées', 0),
(680, 'J67', 'Pneumopathie par hypersensibilité aux poussières organiques', 0),
(681, 'J68', 'Affections respiratoires dues à l’inhalation d’agents chimiques, d’émanations, de fumées et de gaz', 0),
(682, 'J69', 'Pneumopathie due à des substances solides et liquides', 0),
(683, 'J70', 'Affections respiratoires dues à d’autres agents externes', 0),
(684, 'J80', 'Syndrome de détresse respiratoire de l’adulte', 0),
(685, 'J81', 'Œdème pulmonaire', 0),
(686, 'J82', 'Eosinophilie pulmonaire, non classée ailleurs', 0),
(687, 'J84', 'Autres affections pulmonaires interstitielles', 0),
(688, 'J85', 'Abcès du poumon et du médiastin', 0),
(689, 'J86', 'Pyothorax', 0),
(690, 'J90', 'Epanchement pleural, non classé ailleurs', 0),
(691, 'J91', 'Epanchement pleural au cours de maladies classées ailleurs', 0),
(692, 'J92', 'Plaque pleurale', 0),
(693, 'J93', 'Pneumothorax', 0),
(694, 'J94', 'Autres affections pleurales', 0),
(695, 'J95', 'Troubles respiratoires après un acte à visée diagnostique et thérapeutique, non classés ailleurs', 0),
(696, 'J96', 'Insuffisance respiratoire, non classée ailleurs', 0),
(697, 'J98', 'Autres troubles respiratoires', 0),
(698, 'J99', 'Troubles respiratoires au cours de maladies classées ailleurs', 0),
(699, 'K00', 'Troubles de l’odontogénèse', 0),
(700, 'K01', 'Dents incluses et enclavées', 0),
(701, 'K02', 'Caries dentaires', 1),
(702, 'K03', 'Autres maladies des tissus dentaires durs', 0),
(703, 'K04', 'Maladies de la pulpe et des tissus périapicaux', 0),
(704, 'K05', 'Gingivite et maladies périodontales', 0),
(705, 'K06', 'Autres affections de la gencive et de la crête alvéolaire édentée', 0),
(706, 'K07', 'Anomalies dento-faciales [y compris les malocclusions]', 0),
(707, 'K08', 'Autres affections des dents et du parodonte', 0),
(708, 'K09', 'Kystes de la région buccale, non classés ailleurs', 0),
(709, 'K10', 'Autres maladies des mâchoires', 0),
(710, 'K11', 'Maladies des glandes salivaires', 0),
(711, 'K12', 'Stomatites et affections apparentées', 0),
(712, 'K13', 'Autres maladies des lèvres et de la muqueuse buccale', 0),
(713, 'K14', 'Maladies de la langue', 0),
(714, 'K20', 'Œsophagite', 0),
(715, 'K21', 'Reflux gastro-œsophagien', 0),
(716, 'K22', 'Autres maladies de l’œsophage', 0),
(717, 'K23', 'Atteintes de l’œsophage au cours de maladies classées ailleurs', 0),
(718, 'K25', 'Ulcère de l’estomac', 0),
(719, 'K26', 'Ulcère du duodénum', 0),
(720, 'K27', 'Ulcère digestif, de siège non précisé', 0),
(721, 'K28', 'Ulcère gastro-jéjunal', 0),
(722, 'K29', 'Gastrite et duodénite', 0),
(723, 'K30', 'Dyspepsie', 0),
(724, 'K31', 'Autres maladies de l’estomac et du duodénum', 0),
(725, 'K35', 'Appendicite aiguë', 0),
(726, 'K36', 'Autres formes d’appendicite', 0),
(727, 'K37', 'Appendicite, sans précision', 0),
(728, 'K38', 'Autres maladies de l’appendice', 0),
(729, 'K40', 'Hernie inguinale', 0),
(730, 'K41', 'Hernie crurale', 0),
(731, 'K42', 'Hernie ombilicale', 0),
(732, 'K43', 'Autres hernies de la paroi abdominale antérieure', 0),
(733, 'K44', 'Hernie diaphragmatique', 0),
(734, 'K45', 'Autres hernies abdominales', 0),
(735, 'K46', 'Hernie abdominale non précisée', 0),
(736, 'K50', 'Maladie de Crohn [entérite régionale]', 0),
(737, 'K51', 'Recto-colite hémorragique [colite ulcéreuse]', 0),
(738, 'K52', 'Autres gastro-entérites et colites non infectieuses', 0),
(739, 'K55', 'Troubles vasculaires de l’intestin', 0),
(740, 'K56', 'Iléus paralytique et occlusion intestinale sans hernie', 0),
(741, 'K57', 'Diverticulose de l’intestin', 0),
(742, 'K58', 'Syndrome de l’intestin irritable', 0),
(743, 'K59', 'Autres troubles fonctionnels de l’intestin', 0),
(744, 'K60', 'Fissure et fistule des régions anale et rectale', 0),
(745, 'K61', 'Abcès des régions anale et rectale', 0),
(746, 'K62', 'Autres maladies de l’anus et du rectum', 0),
(747, 'K63', 'Autres maladies de l’intestin', 0),
(748, 'K65', 'Péritonite', 0),
(749, 'K66', 'Autres maladies du péritoine', 0),
(750, 'K67', 'Atteintes péritonéales au cours de maladies infectieuses classées ailleurs', 0),
(751, 'K70', 'Maladie alcoolique du foie', 0),
(752, 'K71', 'Maladie toxique du foie', 0),
(753, 'K72', 'Insuffisance hépatique, non classée ailleurs', 0),
(754, 'K73', 'Hépatite chronique, non classée ailleurs', 0),
(755, 'K74', 'Fibrose et cirrhose du foie', 0),
(756, 'K75', 'Autres maladies inflammatoires du foie', 0),
(757, 'K76', 'Autres maladies du foie', 0),
(758, 'K77', 'Atteintes hépatiques au cours de maladies classées ailleurs', 0),
(759, 'K80', 'Cholélithiase', 0),
(760, 'K81', 'Cholécystite', 0),
(761, 'K82', 'Autres maladies de la vésicule biliaire', 0),
(762, 'K83', 'Autres maladies des voies biliaires', 0),
(763, 'K85', 'Pancréatite aiguë', 0),
(764, 'K86', 'Autres maladies du pancréas', 0),
(765, 'K87', 'Atteintes de la vésicule biliaire, des voies biliaires et du pancréas au cours de maladies classées ailleurs', 0),
(766, 'K90', 'Malabsorption intestinale', 0),
(767, 'K91', 'Atteintes de l’appareil digestif après un acte à visée diagnostique et thérapeutique, non classées ailleurs', 0),
(768, 'K92', 'Autres maladies du système digestif', 0),
(769, 'K93', 'Atteintes d’autres organes de l’appareil digestif au cours de maladies classées ailleurs', 0),
(770, 'L00', 'Syndrome d’épidermolyse staphylococcique du nourrisson', 0),
(771, 'L01', 'Impétigo', 0),
(772, 'L02', 'Abcès cutané, furoncle et anthrax', 0),
(773, 'L03', 'Phlegmon', 0),
(774, 'L04', 'Lymphadénite aiguë', 0),
(775, 'L05', 'Sinus pilonidal', 0),
(776, 'L08', 'Autres infections localisées de la peau et du tissu cellulaire sous-cutané', 0),
(777, 'L10', 'Pemphigus', 0),
(778, 'L11', 'Autres acantholyses', 0),
(779, 'L12', 'Pemphigoïde', 0),
(780, 'L13', 'Autres dermatoses bulleuses', 0),
(781, 'L14', 'Dermatoses bulleuses au cours de maladies classées ailleurs', 0),
(782, 'L20', 'Dermite atopique', 0),
(783, 'L21', 'Dermite séborrhéique', 0),
(784, 'L22', 'Dermite fessière du nourrisson', 0),
(785, 'L23', 'Dermite allergique de contact', 0),
(786, 'L24', 'Dermite irritante de contact', 0),
(787, 'L25', 'Dermite de contact, sans précision', 0),
(788, 'L26', 'Dermite exfoliatrice', 0),
(789, 'L27', 'Dermite due à des substances prises par voie interne', 0),
(790, 'L28', 'Lichen simplex chronique et prurigo', 0),
(791, 'L29', 'Prurit', 0),
(792, 'L30', 'Autres dermites', 0),
(793, 'L40', 'Psoriasis', 0),
(794, 'L41', 'Parapsoriasis', 0),
(795, 'L42', 'Pityriasis rosé de Gibert', 0),
(796, 'L43', 'Lichen plan', 0),
(797, 'L44', 'Autres lésions papulo-squameuses', 0),
(798, 'L45', 'Lésions papulo-squameuses au cours de maladies classées ailleurs', 0),
(799, 'L50', 'Urticaire', 0),
(800, 'L51', 'Erythème polymorphe', 0),
(801, 'L52', 'Erythème noueux', 0),
(802, 'L53', 'Autres formes d’érythème', 0),
(803, 'L54', 'Erythèmes au cours de maladies classées ailleurs', 0),
(804, 'L55', 'Coup de soleil', 0),
(805, 'L56', 'Autres modifications aiguës de la peau dues aux rayons ultraviolets', 0),
(806, 'L57', 'Modifications de la peau dues à une exposition chronique aux rayonnements non ionisants', 0),
(807, 'L58', 'Radiodermite', 0),
(808, 'L59', 'Autres affections de la peau et du tissu cellulaire sous-cutané liées à une irradiation', 0),
(809, 'L60', 'Maladies des ongles', 0),
(810, 'L62', 'Maladies des ongles au cours de maladies classées ailleurs', 0),
(811, 'L63', 'Pelade', 0),
(812, 'L64', 'Alopécie androgénique', 0),
(813, 'L65', 'Autres formes non cicatricielles de raréfaction du système pileux', 0),
(814, 'L66', 'Alopécie cicatricielle', 0),
(815, 'L67', 'Anomalies de la pigmentation et de la gaine capillaires', 0),
(816, 'L68', 'Hypertrichose', 0),
(817, 'L70', 'Acné', 0),
(818, 'L71', 'Acné rosacée', 0),
(819, 'L72', 'Kystes folliculaires de la peau et du tissu cellulaire sous-cutané', 0),
(820, 'L73', 'Autres affections folliculaires', 0),
(821, 'L74', 'Affections des glandes sudoripares exocrines', 0),
(822, 'L75', 'Affections des glandes sudoripares apocrines', 0),
(823, 'L80', 'Vitiligo', 0),
(824, 'L81', 'Autres anomalies de la pigmentation', 0),
(825, 'L82', 'Kératose séborrhéique', 0),
(826, 'L83', 'Acanthosis nigricans', 0),
(827, 'L84', 'Cors et callosités', 0),
(828, 'L85', 'Autres épaississements de l’épiderme', 0),
(829, 'L86', 'Kératodermie au cours de maladies classées ailleurs', 0),
(830, 'L87', 'Anomalies de l’élimination transépidermique', 0),
(831, 'L88', 'Pyodermite gangréneuse', 0),
(832, 'L89', 'Ulcère de décubitus', 0),
(833, 'L90', 'Affections atrophiques de la peau', 0),
(834, 'L91', 'Affections hypertrophiques de la peau', 0),
(835, 'L92', 'Lésions granulomateuses de la peau et du tissu cellulaire sous-cutané', 0),
(836, 'L93', 'Lupus érythémateux', 0),
(837, 'L94', 'Autres affections localisées du tissu conjonctif', 0),
(838, 'L95', 'Vascularite [angéite] limitée à la peau, non classée ailleurs', 0),
(839, 'L97', 'Ulcère du membre inférieur, non classé ailleurs', 0),
(840, 'L98', 'Autres affections de la peau et du tissu cellulaire sous-cutané, non classées ailleurs', 0),
(841, 'L99', 'Autres affections de la peau et du tissu cellulaire sous-cutané au cours de maladies classées ailleurs', 0),
(842, 'M00', 'Arthrites à bactéries pyogènes', 0),
(843, 'M01', 'Arthrites infectieuses directes au cours de maladies infectieuses et parasitaires classées ailleurs', 0),
(844, 'M02', 'Arthropathies réactionnelles', 0),
(845, 'M03', 'Arthropathies post-infectieuses et réactionnelles au cours de maladies classées ailleurs', 0),
(846, 'M30', 'Périartérite noueuse et affections apparentées', 0),
(847, 'M31', 'Autres vasculopathies nécrosantes', 0),
(848, 'M32', 'Lupus érythémateux disséminé', 0),
(849, 'M33', 'Dermatopolymyosite', 0),
(850, 'M34', 'Sclérose systémique', 0),
(851, 'M35', 'Autres atteintes systémiques du tissu conjonctif', 0),
(852, 'M36', 'Atteintes systémiques du tissu conjonctif au cours de maladies classées ailleurs', 0),
(853, 'M40', 'Cyphose et lordose', 0),
(854, 'M41', 'Scoliose', 0),
(855, 'M42', 'Ostéochondrite vertébrale', 0),
(856, 'M43', 'Autres dorsopathies avec déformation', 0),
(857, 'M60', 'Myosite', 0);
INSERT INTO `icd10` (`id`, `code`, `name`, `common`) VALUES
(858, 'M61', 'Calcification et ossification de muscles', 0),
(859, 'M62', 'Autres atteintes musculaires', 0),
(860, 'M63', 'Atteintes musculaires au cours de maladies classées ailleurs', 0),
(861, 'M80', 'Ostéoporose avec fracture pathologique', 0),
(862, 'M81', 'Ostéoporose sans fracture pathologique', 0),
(863, 'M82', 'Ostéoporose au cours de maladies classées ailleurs', 0),
(864, 'M83', 'Ostéomalacie de l’adulte', 0),
(865, 'M84', 'Anomalie de la continuité osseuse', 0),
(866, 'M85', 'Autres anomalies de la densité et de la structure osseuses', 0),
(867, 'M95', 'Autres déformations du système ostéo-articulaire, des muscles et du tissu conjonctif', 0),
(868, 'M96', 'Affections du système ostéo-articulaire et des muscles après un acte à visée diagnostique et thérapeutique, non classées ailleurs', 0),
(869, 'M99', 'Lésions biomécaniques, non classées ailleurs', 0),
(870, 'N00', 'Syndrome néphritique aigu', 0),
(871, 'N01', 'Syndrome néphritique d’évolution rapide', 0),
(872, 'N02', 'Hématurie récidivante et persistante', 0),
(873, 'N03', 'Syndrome néphritique chronique', 0),
(874, 'N04', 'Syndrome néphrotique', 0),
(875, 'N05', 'Syndrome néphritique, sans précision', 0),
(876, 'N06', 'Protéinurie isolée avec lésions morphologiques précisées', 0),
(877, 'N07', 'Néphropathie héréditaire, non classée ailleurs', 0),
(878, 'N08', 'Glomérulopathies au cours de maladies classées ailleurs', 0),
(879, 'N10', 'Néphrite tubulo-interstitielle aiguë', 0),
(880, 'N11', 'Néphrite tubulo-interstitielle chronique', 0),
(881, 'N12', 'Néphrite tubulo-interstitielle, non précisée comme aiguë ou chronique', 0),
(882, 'N13', 'Uropathie obstructive et par reflux', 0),
(883, 'N14', 'Atteintes tubulo-interstitielles et tubulaires dues à des médicaments et des métaux lourds', 0),
(884, 'N15', 'Autres maladies rénales tubulo-interstitielles', 0),
(885, 'N16', 'Maladies rénales tubulo-interstitielles au cours de maladies classées ailleurs', 0),
(886, 'N17', 'Insuffisance rénale aiguë', 1),
(887, 'N18', 'Insuffisance rénale chronique', 0),
(888, 'N19', 'Insuffisance rénale, sans précision', 0),
(889, 'N20', 'Calcul du rein et de l’uretère', 0),
(890, 'N21', 'Calcul des voies urinaires inférieures', 0),
(891, 'N22', 'Calcul des voies urinaires au cours de maladies classées ailleurs', 0),
(892, 'N23', 'Colique néphrétique, sans précision', 0),
(893, 'N25', 'Affections dues à une tubulopathie', 0),
(894, 'N26', 'Rein scléreux, sans précision', 0),
(895, 'N27', 'Petit rein de cause inconnue', 0),
(896, 'N28', 'Autres affections du rein et de l’uretère, non classées ailleurs', 0),
(897, 'N29', 'Autres affections du rein et de l’uretère au cours de maladies classées ailleurs', 0),
(898, 'N30', 'Cystite', 0),
(899, 'N31', 'Dysfonctionnement neuro-musculaire de la vessie', 0),
(900, 'N32', 'Autres affections de la vessie', 0),
(901, 'N33', 'Affections de la vessie au cours de maladies classées ailleurs', 0),
(902, 'N34', 'Urétrite et syndrome urétral', 0),
(903, 'N35', 'Rétrécissement urétral', 0),
(904, 'N36', 'Autres affections de l’urètre', 0),
(905, 'N37', 'Affections de l’urètre au cours de maladies classées ailleurs', 0),
(906, 'N39', 'Autres affections de l’appareil urinaire', 0),
(907, 'N40', 'Hyperplasie de la prostate', 0),
(908, 'N41', 'Affections inflammatoires de la prostate', 0),
(909, 'N42', 'Autres affections de la prostate', 0),
(910, 'N43', 'Hydrocèle et spermatocèle', 1),
(911, 'N44', 'Torsion du testicule', 0),
(912, 'N45', 'Orchite et épididymite', 0),
(913, 'N46', 'Stérilité, chez l’homme', 0),
(914, 'N47', 'Hypertrophie du prépuce, phimosis et paraphimosis', 0),
(915, 'N48', 'Autres affections de la verge', 0),
(916, 'N49', 'Affections inflammatoires des organes génitaux de l’homme, non classées ailleurs', 0),
(917, 'N50', 'Autres affections des organes génitaux de l’homme', 0),
(918, 'N51', 'Affections des organes génitaux de l’homme au cours de maladies classées ailleurs', 0),
(919, 'N60', 'Dysplasies mammaires bénignes', 0),
(920, 'N61', 'Affections inflammatoires du sein', 0),
(921, 'N62', 'Hypertrophie mammaire', 0),
(922, 'N63', 'Tuméfaction mammaire, sans précision', 0),
(923, 'N64', 'Autres affections du sein', 0),
(924, 'N70', 'Salpingite et ovarite', 0),
(925, 'N71', 'Affections inflammatoires de l’utérus, à l’exclusion du col', 0),
(926, 'N72', 'Affections inflammatoires du col de l’utérus', 0),
(927, 'N73', 'Autres affections inflammatoires pelviennes de la femme', 0),
(928, 'N74', 'Affections inflammatoires pelviennes de la femme, au cours de maladies classées ailleurs', 0),
(929, 'N75', 'Affection de la glande de Bartholin', 0),
(930, 'N76', 'Autres inflammations du vagin et de la vulve', 1),
(931, 'N77', 'Ulcération et inflammation vulvo-vaginales au cours de maladies classées ailleurs', 0),
(932, 'N80', 'Endométriose', 0),
(933, 'N81', 'Prolapsus génital', 0),
(934, 'N82', 'Fistules de l’appareil génital de la femme', 1),
(935, 'N83', 'Affections non inflammatoires de l’ovaire, de la trompe de Fallope et du ligament large', 0),
(936, 'N84', 'Polype de l’appareil génital de la femme', 0),
(937, 'N85', 'Autres affections non inflammatoires de l’utérus, sauf le col', 0),
(938, 'N86', 'Erosion et ectropion du col de l’utérus', 0),
(939, 'N87', 'Dysplasie du col de l’utérus', 0),
(940, 'N88', 'Autres affections non inflammatoires du col de l’utérus', 0),
(941, 'N89', 'Autres affections non inflammatoires du vagin', 0),
(942, 'N90', 'Autres affections non inflammatoires de la vulve et du périnée', 0),
(943, 'N91', 'Aménorrhée, oligoménorrhée et hypoménorrhée', 0),
(944, 'N92', 'Ménorragie, polyménorrhée et métrorragie', 0),
(945, 'N93', 'Autres saignements anormaux de l’utérus et du vagin', 0),
(946, 'N94', 'Douleurs et autres affections des organes génitaux de la femme et du cycle menstruel', 0),
(947, 'N95', 'Troubles de la ménopause et autres troubles de la périménopause', 0),
(948, 'N96', 'Avortements à répétition', 0),
(949, 'N97', 'Stérilité de la femme', 0),
(950, 'N98', 'Complications de la fécondation artificielle', 0),
(951, 'N99', 'Affections de l’appareil génito-urinaire après un acte à visée diagnostique et thérapeutique, non classées ailleurs', 0),
(952, 'O00', 'Grossesse extra-utérine', 0),
(953, 'O01', 'Môle hydatiforme', 0),
(954, 'O02', 'Autres produits anormaux de la conception', 0),
(955, 'O03', 'Avortement spontané', 0),
(956, 'O04', 'Avortement médical', 0),
(957, 'O05', 'Autres formes d’avortement', 0),
(958, 'O06', 'Avortement, sans précision', 0),
(959, 'O07', 'Echec d’une tentative d’avortement', 0),
(960, 'O08', 'Complications consécutives à un avortement, une grossesse extra-utérine et molaire', 0),
(961, 'O10', 'Hypertension préexistante compliquant la grossesse, l’accouchement et la puerpéralité', 0),
(962, 'O11', 'Syndrome hypertensif préexistant, avec protéinurie surajoutée', 0),
(963, 'O12', 'Œdème et protéinurie gestationnels [liés à la grossesse] sans hypertension', 0),
(964, 'O13', 'Hypertension gestationnelle [liée à la grossesse] sans protéinurie importante', 0),
(965, 'O14', 'Hypertension gestationnelle [liée à la grossesse] avec protéinurie importante', 0),
(966, 'O15', 'Eclampsie', 0),
(967, 'O16', 'Hypertension de la mère, sans précision', 0),
(968, 'O20', 'Hémorragie du début de la grossesse', 0),
(969, 'O21', 'Vomissements incoercibles au cours de la grossesse', 0),
(970, 'O22', 'Complications veineuses de la grossesse', 0),
(971, 'O23', 'Infections de l’appareil génito-urinaire au cours de la grossesse', 0),
(972, 'O24', 'Diabète sucré au cours de la grossesse', 0),
(973, 'O25', 'Malnutrition au cours de la grossesse', 0),
(974, 'O26', 'Soins maternels pour d’autres affections liées principalement à la grossesse', 0),
(975, 'O28', 'Résultats anormaux constatés au cours de l’examen prénatal systématique de la mère', 0),
(976, 'O29', 'Complications d’une anesthésie au cours de la grossesse', 0),
(977, 'O30', 'Grossesse multiple', 0),
(978, 'O31', 'Complications spécifiques à une grossesse multiple', 0),
(979, 'O32', 'Soins maternels pour présentation anormale connue ou présumée du fœtus', 0),
(980, 'O33', 'Soins maternels pour disproportion fœto-pelvienne connue ou présumée', 0),
(981, 'O34', 'Soins maternels pour anomalie connue ou présumée des organes pelviens', 0),
(982, 'O35', 'Soins maternels pour anomalie et lésion fœtales, connues ou présumées', 0),
(983, 'O36', 'Soins maternels pour d’autres affections connues ou présumées du fœtus', 0),
(984, 'O40', 'Hydramnios', 0),
(985, 'O41', 'Autres anomalies du liquide amniotique et des membranes', 0),
(986, 'O42', 'Rupture prématurée des membranes', 0),
(987, 'O43', 'Anomalies du placenta', 0),
(988, 'O44', 'Placenta praevia', 0),
(989, 'O45', 'Décollement prématuré du placenta [hématome rétro-placentaire]', 0),
(990, 'O46', 'Hémorragie précédant l’accouchement, non classée ailleurs', 0),
(991, 'O47', 'Faux travail', 0),
(992, 'O48', 'Grossesse prolongée', 0),
(993, 'O60', 'Travail prématuré [avant terme]', 0),
(994, 'O61', 'Echec du déclenchement du travail', 0),
(995, 'O62', 'Anomalies de la contraction utérine et de la dilatation du col', 0),
(996, 'O63', 'Travail prolongé', 0),
(997, 'O64', 'Dystocie due à une position et une présentation anormales du fœtus', 0),
(998, 'O65', 'Dystocie due à une anomalie pelvienne de la mère', 0),
(999, 'O66', 'Autres dystocies', 0),
(1000, 'O67', 'Travail et accouchement compliqués d’une hémorragie, non classée ailleurs', 0),
(1001, 'O68', 'Travail et accouchement compliqués d’une détresse fœtale', 0),
(1002, 'O69', 'Travail et accouchement compliqués d’anomalies du cordon ombilical', 0),
(1003, 'O70', 'Déchirure obstétricale du périnée', 0),
(1004, 'O71', 'Autres traumatismes obstétricaux', 0),
(1005, 'O72', 'Hémorragie du post-partum', 0),
(1006, 'O73', 'Rétention du placenta et des membranes, sans hémorragie', 0),
(1007, 'O74', 'Complications de l’anesthésie au cours du travail et de l’accouchement', 0),
(1008, 'O75', 'Autres complications du travail et de l’accouchement, non classées ailleurs', 0),
(1009, 'O80', 'Accouchement unique et spontané', 0),
(1010, 'O81', 'Accouchement unique par forceps et ventouse', 0),
(1011, 'O82', 'Accouchement unique par césarienne', 0),
(1012, 'O83', 'Autres accouchements uniques avec assistance', 0),
(1013, 'O84', 'Accouchements multiples', 0),
(1014, 'O85', 'Septicémie puerpérale', 0),
(1015, 'O86', 'Autres infections puerpérales', 0),
(1016, 'O87', 'Complications veineuses au cours de la puerpéralité', 0),
(1017, 'O88', 'Embolie obstétricale', 0),
(1018, 'O89', 'Complications de l’anesthésie au cours de la puerpéralité', 0),
(1019, 'O90', 'Complications puerpérales, non classées ailleurs', 0),
(1020, 'O91', 'Infections mammaires associées à l’accouchement', 0),
(1021, 'O92', 'Autres mastopathies et anomalies de la lactation associées à l’accouchement', 0),
(1022, 'O94', 'Séquelles de complications de la grossesse, de l’accouchement et de la puerpéralité', 0),
(1023, 'O95', 'Mort d’origine obstétricale de cause non précisée', 0),
(1024, 'O96', 'Mort d’origine obstétricale, survenant plus de 42 jours mais moins d’un an après l’accouchement', 0),
(1025, 'O97', 'Mort de séquelles relevant directement d’une cause obstétricale', 0),
(1026, 'O98', 'Maladies infectieuses et parasitaires de la mère classées ailleurs mais compliquant la grossesse, l’accouchement et la puerpéralité', 0),
(1027, 'O99', 'Autres maladies de la mère classées ailleurs, mais compliquant la grossesse, l’accouchement et la puerpéralité', 0),
(1028, 'P00', 'Fœtus et nouveau-né affectés par des affections maternelles, éventuellement sans rapport avec la grossesse actuelle', 0),
(1029, 'P01', 'Fœtus et nouveau-né affectés par les complications de la grossesse chez la mère', 0),
(1030, 'P02', 'Fœtus et nouveau-né affectés par des complications concernant le placenta, le cordon ombilical et les membranes', 0),
(1031, 'P03', 'Fœtus et nouveau-né affectés par d’autres complications du travail et de l’accouchement', 0),
(1032, 'P04', 'Fœtus et nouveau-né affectés par des effets nocifs transmis par voie transplacentaire ou par le lait maternel', 0),
(1033, 'P05', 'Retard de croissance et malnutrition du fœtus', 1),
(1034, 'P07', 'Anomalies liées à une brièveté de la gestation et un poids insuffisant à la naissance, non classés ailleurs', 0),
(1035, 'P08', 'Anomalies liées à une gestation prolongée et un poids élevé à la naissance', 0),
(1036, 'P10', 'Déchirure et hémorragie intracrâniennes dues à un traumatisme obstétrical', 0),
(1037, 'P11', 'Autres lésions du système nerveux central dues à un traumatisme obstétrical', 0),
(1038, 'P12', 'Lésion du cuir chevelu due à un traumatisme obstétrical', 0),
(1039, 'P13', 'Lésion du squelette due à un traumatisme obstétrical', 0),
(1040, 'P14', 'Lésion du système nerveux périphérique due à un traumatisme obstétrical', 0),
(1041, 'P15', 'Autres traumatismes obstétricaux', 0),
(1042, 'P20', 'Hypoxie intra-utérine', 0),
(1043, 'P21', 'Asphyxie obstétricale', 0),
(1044, 'P22', 'Détresse respiratoire du nouveau-né', 0),
(1045, 'P23', 'Pneumopathie congénitale', 0),
(1046, 'P24', 'Syndromes néonatals d’aspiration', 0),
(1047, 'P25', 'Emphysème interstitiel et affections apparentées survenant pendant la période périnatale', 0),
(1048, 'P26', 'Hémorragie pulmonaire survenant pendant la période périnatale', 0),
(1049, 'P27', 'Maladies respiratoires chroniques survenant pendant la période périnatale', 0),
(1050, 'P28', 'Autres affections respiratoires survenant pendant la période périnatale', 0),
(1051, 'P29', 'Affections cardio-vasculaires survenant pendant la période périnatale', 0),
(1052, 'P35', 'Maladies virales congénitales', 0),
(1053, 'P36', 'Infection bactérienne du nouveau-né', 0),
(1054, 'P37', 'Autres maladies infectieuses et parasitaires congénitales', 0),
(1055, 'P38', 'Omphalite du nouveau-né, avec ou sans hémorragie légère', 0),
(1056, 'P39', 'Autres infections spécifiques de la période périnatale', 0),
(1057, 'P50', 'Perte de sang fœtal', 0),
(1058, 'P51', 'Hémorragie ombilicale du nouveau-né', 0),
(1059, 'P52', 'Hémorragie intracrânienne non traumatique du fœtus et du nouveau-né', 0),
(1060, 'P53', 'Maladie hémorragique du fœtus et du nouveau-né', 0),
(1061, 'P54', 'Autres hémorragies néonatales', 0),
(1062, 'P55', 'Maladie hémolytique du fœtus et du nouveau-né', 0),
(1063, 'P56', 'Anasarque fœtoplacentaire due à une maladie hémolytique', 0),
(1064, 'P57', 'Ictère nucléaire', 0),
(1065, 'P58', 'Ictère néonatal dû à d’autres hémolyses excessives', 0),
(1066, 'P59', 'Ictère néonatal dû à des causes autres et sans précision', 0),
(1067, 'P60', 'Coagulation intravasculaire disséminée chez le fœtus et le nouveau-né', 0),
(1068, 'P61', 'Autres affections hématologiques de la période périnatale', 0),
(1069, 'P70', 'Anomalies transitoires du métabolisme des glucides spécifiques du fœtus et du nouveau-né', 0),
(1070, 'P71', 'Anomalies transitoires du métabolisme du calcium et du magnésium du nouveau-né', 0),
(1071, 'P72', 'Autres anomalies endocriniennes transitoires du nouveau-né', 0),
(1072, 'P74', 'Autres anomalies électrolytiques et métaboliques transitoires du nouveau-né', 0),
(1073, 'P75', 'Iléus méconial (E84.1+) ', 0),
(1074, 'P76', 'Autres occlusions intestinales du nouveau-né', 0),
(1075, 'P77', 'Entérocolite nécrosante du fœtus et du nouveau-né', 0),
(1076, 'P78', 'Autres affections périnatales de l’appareil digestif', 0),
(1077, 'P80', 'Hypothermie du nouveau-né', 0),
(1078, 'P81', 'Autres troubles de la régulation thermique du nouveau-né', 0),
(1079, 'P83', 'Autres affections des téguments spécifiques du fœtus et du nouveau-né', 0),
(1080, 'P90', 'Convulsions du nouveau-né', 0),
(1081, 'P91', 'Autres affections cérébrales du nouveau-né', 0),
(1082, 'P92', 'Problèmes alimentaires du nouveau-né', 0),
(1083, 'P93', 'Réactions et intoxications médicamenteuses du fœtus et du nouveau-né', 0),
(1084, 'P94', 'Anomalies du tonus musculaire du nouveau-né', 0),
(1085, 'P95', 'Mort fœtale de cause non précisée', 0),
(1086, 'P96', 'Autres affections dont l’origine se situe dans la période périnatale', 0),
(1087, 'Q00', 'Anencéphalie et malformations similaires', 0),
(1088, 'Q01', 'Encéphalocèle', 0),
(1089, 'Q02', 'Microcéphalie', 0),
(1090, 'Q03', 'Hydrocéphalie congénitale', 0),
(1091, 'Q04', 'Autres malformations congénitales de l’encéphale', 0),
(1092, 'Q05', 'Spina bifida', 0),
(1093, 'Q06', 'Autres malformations congénitales de la moelle épinière', 0),
(1094, 'Q07', 'Autres malformations congénitales du système nerveux', 0),
(1095, 'Q10', 'Malformations congénitales des paupières, de l’appareil lacrymal et de l’orbite', 0),
(1096, 'Q11', 'Anophtalmie, microphtalmie et macrophtalmie', 0),
(1097, 'Q12', 'Malformations congénitales du cristallin', 0),
(1098, 'Q13', 'Malformations congénitales de la chambre antérieure de l’œil', 0),
(1099, 'Q14', 'Malformations congénitales de la chambre postérieure de l’œil', 0),
(1100, 'Q15', 'Autres malformations congénitales de l’œil', 0),
(1101, 'Q16', 'Malformations congénitales de l’oreille avec atteinte de l’audition', 0),
(1102, 'Q17', 'Autres malformations congénitales de l’oreille', 0),
(1103, 'Q18', 'Autres malformations congénitales de la face et du cou', 0),
(1104, 'Q20', 'Malformations congénitales des cavités et des orifices cardiaques', 0),
(1105, 'Q21', 'Malformations congénitales des cloisons cardiaques', 0),
(1106, 'Q22', 'Malformations congénitales de la valve pulmonaire et de la valvule tricuspide', 0),
(1107, 'Q23', 'Malformations congénitales des valvules aortique et mitrale', 0),
(1108, 'Q24', 'Autres malformations congénitales cardiaques', 0),
(1109, 'Q25', 'Malformations congénitales des gros vaisseaux', 0),
(1110, 'Q26', 'Malformations congénitales des grandes veines', 0),
(1111, 'Q27', 'Autres malformations congénitales de l’appareil circulatoire périphérique', 0),
(1112, 'Q28', 'Autres malformations congénitales de l’appareil circulatoire', 0),
(1113, 'Q30', 'Malformations congénitales du nez', 0),
(1114, 'Q31', 'Malformations congénitales du larynx', 0),
(1115, 'Q32', 'Malformations congénitales de la trachée et des bronches', 0),
(1116, 'Q33', 'Malformations congénitales du poumon', 0),
(1117, 'Q34', 'Autres malformations congénitales de l’appareil respiratoire', 0),
(1118, 'Q35', 'Fente palatine', 0),
(1119, 'Q36', 'Fente labiale', 0),
(1120, 'Q37', 'Fente labio-palatine', 0),
(1121, 'Q38', 'Autres malformations congénitales de la langue, de la bouche et du pharynx', 0),
(1122, 'Q39', 'Malformations congénitales de l’œsophage', 0),
(1123, 'Q40', 'Autres malformations congénitales des voies digestives supérieures', 0),
(1124, 'Q41', 'Absence, atrésie et sténose congénitales de l’intestin grêle', 0),
(1125, 'Q42', 'Absence, atrésie et sténose congénitales du côlon', 0),
(1126, 'Q43', 'Autres malformations congénitales de l’intestin', 0),
(1127, 'Q44', 'Malformations congénitales de la vésicule biliaire, des voies biliaires et du foie', 0),
(1128, 'Q45', 'Autres malformations congénitales de l’appareil digestif', 0),
(1129, 'Q50', 'Malformations congénitales des ovaires, des trompes de Fallope et des ligaments larges', 0),
(1130, 'Q51', 'Malformations congénitales de l’utérus et du col de l’utérus', 0),
(1131, 'Q52', 'Autres malformations congénitales des organes génitaux de la femme', 0),
(1132, 'Q53', 'Cryptorchidie', 0),
(1133, 'Q54', 'Hypospadias', 0),
(1134, 'Q55', 'Autres malformations congénitales des organes génitaux de l’homme', 0),
(1135, 'Q56', 'Non-différenciation sexuelle et pseudo-hermaphrodisme', 0),
(1136, 'Q60', 'Agénésie rénale et autres défauts de développement rénal', 0),
(1137, 'Q61', 'Maladies kystiques du rein', 0),
(1138, 'Q62', 'Anomalies congénitales obstructives du bassinet et malformations congénitales de l’uretère', 0),
(1139, 'Q63', 'Autres malformations congénitales du rein', 0),
(1140, 'Q64', 'Autres malformations congénitales de l’appareil urinaire', 0),
(1141, 'Q65', 'Anomalies morphologiques congénitales de la hanche', 0),
(1142, 'Q66', 'Anomalies morphologiques congénitales du pied', 0),
(1143, 'Q67', 'Anomalies morphologiques congénitales de la tête, de la face, du rachis et du thorax', 0),
(1144, 'Q68', 'Autres anomalies morphologiques congénitales ostéo-articulaires et des muscles', 0),
(1145, 'Q69', 'Polydactylie', 0),
(1146, 'Q70', 'Syndactylie', 0),
(1147, 'Q71', 'Raccourcissement du membre supérieur', 0),
(1148, 'Q72', 'Raccourcissement du membre inférieur', 0),
(1149, 'Q73', 'Raccourcissement d’un membre non précisé', 0),
(1150, 'Q74', 'Autres malformations congénitales d’un (des) membre(s)', 0),
(1151, 'Q75', 'Autres malformations congénitales des os du crâne et de la face', 0),
(1152, 'Q76', 'Malformations congénitales du rachis et du thorax osseux', 0),
(1153, 'Q77', 'Ostéochondrodysplasie avec anomalies de la croissance des os longs et du rachis', 0),
(1154, 'Q78', 'Autres ostéochondrodysplasies', 0),
(1155, 'Q79', 'Malformations congénitales du système ostéo-articulaire et des muscles, non classées ailleurs', 0),
(1156, 'Q80', 'Ichtyose congénitale', 0),
(1157, 'Q81', 'Epidermolyse bulleuse', 0),
(1158, 'Q82', 'Autres malformations congénitales de la peau', 0),
(1159, 'Q83', 'Malformations congénitales du sein', 0),
(1160, 'Q84', 'Autres malformations congénitales de la peau et des phanères', 0),
(1161, 'Q85', 'Phacomatoses, non classées ailleurs', 0),
(1162, 'Q86', 'Syndromes congénitaux malformatifs dus à des causes exogènes connues, non classés ailleurs', 0),
(1163, 'Q87', 'Autres syndromes congénitaux malformatifs précisés atteignant plusieurs systèmes', 0),
(1164, 'Q89', 'Autres malformations congénitales, non classées ailleurs', 0),
(1165, 'Q90', 'Syndrome de Down', 0),
(1166, 'Q91', 'Syndrome d’Edwards et syndrome de Patau', 0),
(1167, 'Q92', 'Autres trisomies et trisomies partielles des autosomes, non classées ailleurs', 0),
(1168, 'Q93', 'Monosomies et délétions des autosomes, non classées ailleurs', 0),
(1169, 'Q95', 'Réarrangements équilibrés et marqueurs structuraux, non classés ailleurs', 0),
(1170, 'Q96', 'Syndrome de Turner', 0),
(1171, 'Q97', 'Autres anomalies des chromosomes sexuels, phénotype féminin, non classées ailleurs', 0),
(1172, 'Q98', 'Autres anomalies des chromosomes sexuels, phénotype masculin, non classées ailleurs', 0),
(1173, 'Q99', 'Autres anomalies des chromosomes, non classées ailleurs', 0),
(1174, 'R00', 'Anomalies du rythme cardiaque', 0),
(1175, 'R01', 'Souffles et autres bruits cardiaques', 0),
(1176, 'R02', 'Gangrène, non classée ailleurs', 0),
(1177, 'R03', 'Constatation d’une anomalie de la tension artérielle, sans diagnostic', 0),
(1178, 'R04', 'Hémorragie des voies respiratoires', 0),
(1179, 'R05', 'Toux', 1),
(1180, 'R06', 'Anomalies de la respiration', 0),
(1181, 'R07', 'Douleur au niveau de la gorge et du thorax', 0),
(1182, 'R09', 'Autres symptômes et signes relatifs aux appareils circulatoire et respiratoire', 0),
(1183, 'R10', 'Douleur abdominale et pelvienne', 0),
(1184, 'R11', 'Nausées et vomissements', 0),
(1185, 'R12', 'Pyrosis', 0),
(1186, 'R13', 'Dysphagie', 0),
(1187, 'R14', 'Flatulence et troubles apparentés', 0),
(1188, 'R15', 'Incontinence des matières fécales', 0),
(1189, 'R16', 'Hépatomégalie et splénomégalie, non classées ailleurs', 0),
(1190, 'R17', 'Ictère, sans précision', 1),
(1191, 'R18', 'Ascite', 0),
(1192, 'R19', 'Autres symptômes et signes relatifs à l’appareil digestif et à l’abdomen', 0),
(1193, 'R20', 'Troubles de la sensibilité cutanée', 0),
(1194, 'R21', 'Rash et autres éruptions cutanées non spécifiques', 0),
(1195, 'R22', 'Autres tuméfactions et masses localisées de la peau et du tissu cellulaire sous-cutané', 0),
(1196, 'R23', 'Autres modifications de la peau', 0),
(1197, 'R25', 'Mouvements involontaires anormaux', 0),
(1198, 'R26', 'Anomalies de la démarche et de la motilité', 0),
(1199, 'R27', 'Autres troubles de la coordination', 0),
(1200, 'R29', 'Autres symptômes et signes relatifs aux systèmes nerveux et ostéo-musculaire', 0),
(1201, 'R30', 'Douleur à la miction', 0),
(1202, 'R31', 'Hématurie, sans précision', 1),
(1203, 'R32', 'Incontinence urinaire, sans précision', 0),
(1204, 'R33', 'Rétention d’urine', 0),
(1205, 'R34', 'Anurie et oligurie', 0),
(1206, 'R35', 'Polyurie', 0),
(1207, 'R36', 'Ecoulement urétral', 1),
(1208, 'R39', 'Autres symptômes et signes relatifs à l’appareil urinaire', 0),
(1209, 'R40', 'Somnolence, stupeur et coma', 0),
(1210, 'R41', 'Autres symptômes et signes relatifs aux fonctions cognitives et à la conscience', 0),
(1211, 'R42', 'Etourdissements et éblouissements', 0),
(1212, 'R43', 'Troubles de l’odorat et du goût', 0),
(1213, 'R44', 'Autres symptômes et signes relatifs aux sensations et aux perceptions générales', 0),
(1214, 'R45', 'Symptômes et signes relatifs à l’humeur', 0),
(1215, 'R46', 'Symptômes et signes relatifs à l’apparence et au comportement', 0),
(1216, 'R47', 'Troubles du langage, non classés ailleurs', 0),
(1217, 'R48', 'Dyslexie et autres troubles de la fonction symbolique, non classés ailleurs', 0),
(1218, 'R49', 'Troubles de la voix', 0),
(1219, 'R50', 'Fièvre d’origine autre et inconnue', 0),
(1220, 'R51', 'Céphalée', 0),
(1221, 'R52', 'Douleur, non classée ailleurs', 0),
(1222, 'R53', 'Malaise et fatigue', 0),
(1223, 'R54', 'Sénilité', 0),
(1224, 'R55', 'Syncope et collapsus', 0),
(1225, 'R56', 'Convulsions, non classées ailleurs', 0),
(1226, 'R57', 'Choc, non classé ailleurs', 0),
(1227, 'R58', 'Hémorragie, non classée ailleurs', 0),
(1228, 'R59', 'Adénopathies', 0),
(1229, 'R60', 'Œdème, non classé ailleurs', 0),
(1230, 'R61', 'Hyperhidrose', 0),
(1231, 'R62', 'Retard du développement physiologique', 0),
(1232, 'R63', 'Symptômes et signes relatifs à l’absorption d’aliments et de liquides', 0),
(1233, 'R64', 'Cachexie', 0),
(1234, 'R68', 'Autres symptômes et signes généraux', 0),
(1235, 'R69', 'Causes inconnues et non précisées de morbidité', 0),
(1236, 'R70', 'Accélération de la vitesse de sédimentation et anomalies de la viscosité plasmatique', 0),
(1237, 'R71', 'Anomalies des globules rouges', 0),
(1238, 'R72', 'Anomalies des globules blancs, non classées ailleurs', 0),
(1239, 'R73', 'Augmentation de la glycémie', 0),
(1240, 'R74', 'Anomalies des taux d’enzymes sériques', 0),
(1241, 'R75', 'Mise en évidence par des examens de laboratoire du virus de l’immunodéficience humaine [VIH]', 0),
(1242, 'R76', 'Autres anomalies de résultats immunologiques sériques', 0),
(1243, 'R77', 'Autres anomalies des protéines plasmatiques', 0),
(1244, 'R78', 'Présence de drogues et d’autres substances non trouvées normalement dans le sang', 0),
(1245, 'R79', 'Autres résultats anormaux des examens chimiques du sang', 0),
(1246, 'R80', 'Protéinurie isolée', 0),
(1247, 'R81', 'Glycosurie', 0),
(1248, 'R82', 'Autres résultats anormaux de l’examen des urines', 0),
(1249, 'R83', 'Résultats anormaux de l’examen du liquide céphalo-rachidien', 0),
(1250, 'R84', 'Résultats anormaux de prélèvements effectués sur l’appareil respiratoire et le thorax', 0),
(1251, 'R85', 'Résultats anormaux de prélèvements effectués sur l’appareil digestif et la cavité abdominale', 0),
(1252, 'R86', 'Résultats anormaux de prélèvements effectués sur les organes génitaux de l’homme', 0),
(1253, 'R87', 'Résultats anormaux de prélèvements effectués sur les organes génitaux de la femme', 0),
(1254, 'R89', 'Résultats anormaux de prélèvements effectués sur d’autres organes, appareils et tissus', 0),
(1255, 'R90', 'Résultats anormaux d’imagerie diagnostique du système nerveux central', 0),
(1256, 'R91', 'Résultats anormaux d’imagerie diagnostique du poumon', 0),
(1257, 'R92', 'Résultats anormaux d’imagerie diagnostique du sein', 0),
(1258, 'R93', 'Résultats anormaux d’imagerie diagnostique d’autres parties du corps', 0),
(1259, 'R94', 'Résultats anormaux d’explorations fonctionnelles', 0),
(1260, 'R95', 'Syndrome de la mort subite du nourrisson', 0),
(1261, 'R96', 'Autre mort subite de cause inconnue', 0),
(1262, 'R98', 'Décès sans témoin', 0),
(1263, 'R99', 'Autres causes de mortalité mal définies et non précisées', 0),
(1264, 'S00', 'Lésion traumatique superficielle de la tête', 0),
(1265, 'S01', 'Plaie ouverte de la tête', 0),
(1266, 'S02', 'Fracture du crâne et des os de la face', 0),
(1267, 'S03', 'Luxation, entorse et foulure d’articulations et de ligaments de la tête', 0),
(1268, 'S04', 'Lésion traumatique des nerfs crâniens', 0),
(1269, 'S05', 'Lésion traumatique de l’œil et de l’orbite', 1),
(1270, 'S06', 'Lésion traumatique intracrânienne', 0),
(1271, 'S07', 'Ecrasement de la tête', 0),
(1272, 'S08', 'Amputation traumatique d’une partie de la tête', 0),
(1273, 'S09', 'Lésions traumatiques de la tête, autres et sans précision', 0),
(1274, 'S10', 'Lésion traumatique superficielle du cou', 0),
(1275, 'S11', 'Plaie ouverte du cou', 0),
(1276, 'S12', 'Fracture du cou', 0),
(1277, 'S13', 'Luxation, entorse et foulure des articulations et des ligaments au niveau du cou', 0),
(1278, 'S14', 'Lésion traumatique des nerfs et de la moelle épinière au niveau du cou', 0),
(1279, 'S15', 'Lésion traumatique des vaisseaux sanguins au niveau du cou', 0),
(1280, 'S16', 'Lésion traumatique des muscles et des tendons au niveau du cou', 0),
(1281, 'S17', 'Ecrasement du cou', 0),
(1282, 'S18', 'Amputation traumatique au niveau du cou', 0),
(1283, 'S19', 'Lésions traumatiques du cou, autres et sans précision', 0),
(1284, 'S20', 'Lésion traumatique superficielle du thorax', 0),
(1285, 'S21', 'Plaie ouverte du thorax', 0),
(1286, 'S22', 'Fracture de côte(s), du sternum et du rachis dorsal', 0),
(1287, 'S23', 'Luxation, entorse et foulure des articulations et des ligaments du thorax', 0),
(1288, 'S24', 'Lésion traumatique des nerfs et de la moelle épinière au niveau du thorax', 0),
(1289, 'S25', 'Lésion traumatique de vaisseaux sanguins du thorax', 0),
(1290, 'S26', 'Lésion traumatique du cœur', 0),
(1291, 'S27', 'Lésions traumatiques d’organes intrathoraciques, autres et non précisés', 0),
(1292, 'S28', 'Ecrasement du thorax et amputation traumatique d’une partie du thorax', 0),
(1293, 'S29', 'Lésions traumatiques du thorax, autres et sans précision', 0),
(1294, 'S30', 'Lésion traumatique superficielle de l’abdomen, des lombes et du bassin', 0),
(1295, 'S31', 'Plaie ouverte de l’abdomen, des lombes et du bassin', 0),
(1296, 'S32', 'Fracture du rachis lombaire et du bassin', 0),
(1297, 'S33', 'Luxation, entorse et foulure des articulations et des ligaments du rachis lombaire et du bassin', 0),
(1298, 'S34', 'Lésion traumatique des nerfs et de la moelle épinière lombaire au niveau de l’abdomen, des lombes et du bassin', 0),
(1299, 'S35', 'Lésion traumatique de vaisseaux sanguins au niveau de l’abdomen, des lombes et du bassin', 0),
(1300, 'S36', 'Lésion traumatique d’organes intra-abdominaux', 0),
(1301, 'S37', 'Lésion traumatique des organes pelviens et urinaires', 0),
(1302, 'S38', 'Ecrasement et amputation traumatique d’une partie de l’abdomen, des lombes et du bassin', 0),
(1303, 'S39', 'Lésions traumatiques de l’abdomen, des lombes et du bassin, autres et sans précision', 0),
(1304, 'S40', 'Lésion traumatique superficielle de l’épaule et du bras', 0),
(1305, 'S41', 'Plaie ouverte de l’épaule et du bras', 0),
(1306, 'S42', 'Fracture de l’épaule et du bras', 0),
(1307, 'S43', 'Luxation, entorse et foulure des articulations et des ligaments de la ceinture scapulaire', 0),
(1308, 'S44', 'Lésion traumatique de nerfs au niveau de l’épaule et du bras', 0),
(1309, 'S45', 'Lésion des vaisseaux sanguins au niveau de l’épaule et du bras', 0),
(1310, 'S46', 'Lésion traumatique de muscles et de tendons au niveau de l’épaule et du bras', 0),
(1311, 'S47', 'Ecrasement de l’épaule et du bras', 0),
(1312, 'S48', 'Amputation traumatique de l’épaule et du bras', 0),
(1313, 'S49', 'Lésions traumatiques de l’épaule et du bras, autres et sans précision', 0),
(1314, 'S50', 'Lésion traumatique superficielle de l’avant-bras', 0),
(1315, 'S51', 'Plaie ouverte de l’avant-bras', 0),
(1316, 'S52', 'Fracture de l’avant-bras', 0),
(1317, 'S53', 'Luxation, entorse et foulure des articulations et des ligaments du coude', 0),
(1318, 'S54', 'Lésion traumatique de nerfs au niveau de l’avant-bras', 0),
(1319, 'S55', 'Lésion traumatique de vaisseaux sanguins au niveau de l’avant-bras', 0),
(1320, 'S56', 'Lésion traumatique de muscles et de tendons au niveau de l’avant-bras', 0),
(1321, 'S57', 'Ecrasement de l’avant-bras', 0),
(1322, 'S58', 'Amputation traumatique de l’avant-bras', 0),
(1323, 'S59', 'Lésions traumatiques de l’avant-bras, autres et sans précision', 0),
(1324, 'S60', 'Lésion traumatique superficielle du poignet et de la main', 0),
(1325, 'S61', 'Plaie ouverte du poignet et de la main', 0),
(1326, 'S62', 'Fracture au niveau du poignet et de la main', 0),
(1327, 'S63', 'Luxation, entorse et foulure d’articulations et de ligaments au niveau du poignet et de la main', 0),
(1328, 'S64', 'Lésion traumatique de nerfs au niveau du poignet et de la main', 0),
(1329, 'S65', 'Lésion traumatique de vaisseaux sanguins au niveau du poignet et de la main', 0),
(1330, 'S66', 'Lésion traumatique de muscles et de tendons au niveau du poignet et de la main', 0),
(1331, 'S67', 'Ecrasement du poignet et de la main', 0),
(1332, 'S68', 'Amputation traumatique du poignet et de la main', 0),
(1333, 'S69', 'Lésions traumatiques du poignet et de la main, autres et sans précision', 0),
(1334, 'S70', 'Lésion traumatique superficielle de la hanche et de la cuisse', 0),
(1335, 'S71', 'Plaie ouverte de la hanche et de la cuisse', 0),
(1336, 'S72', 'Fracture du fémur', 0),
(1337, 'S73', 'Luxation, entorse et foulure de l’articulation et des ligaments de la hanche', 0),
(1338, 'S74', 'Lésion traumatique de nerfs au niveau de la hanche et de la cuisse', 0),
(1339, 'S75', 'Lésion traumatique de vaisseaux sanguins au niveau de la hanche et de la cuisse', 0),
(1340, 'S76', 'Lésion traumatique de muscles et de tendons au niveau de la hanche et de la cuisse', 0),
(1341, 'S77', 'Ecrasement de la hanche et de la cuisse', 0),
(1342, 'S78', 'Amputation traumatique de la hanche et de la cuisse', 0),
(1343, 'S79', 'Lésions traumatiques de la hanche et de la cuisse, autres et sans précision', 0),
(1344, 'S80', 'Lésion traumatique superficielle de la jambe', 0),
(1345, 'S81', 'Plaie ouverte de la jambe', 0),
(1346, 'S82', 'Fracture de la jambe, y compris la cheville', 0),
(1347, 'S83', 'Luxation, entorse et foulure des articulations et des ligaments du genou', 0),
(1348, 'S84', 'Lésion traumatique des nerfs au niveau de la jambe', 0),
(1349, 'S85', 'Lésion traumatique de vaisseaux sanguins au niveau de la jambe', 0),
(1350, 'S86', 'Lésion traumatique de muscles et de tendons au niveau de la jambe', 0),
(1351, 'S87', 'Ecrasement de la jambe', 0),
(1352, 'S88', 'Amputation traumatique de la jambe', 0),
(1353, 'S89', 'Lésions traumatiques de la jambe, autres et sans précision', 0),
(1354, 'S90', 'Lésion traumatique superficielle de la cheville et du pied', 0),
(1355, 'S91', 'Plaie ouverte de la cheville et du pied', 0),
(1356, 'S92', 'Fracture du pied, sauf la cheville', 0),
(1357, 'S93', 'Luxation, entorse et foulure des articulations et des ligaments au niveau de la cheville et du pied', 0),
(1358, 'S94', 'Lésion traumatique des nerfs au niveau de la cheville et du pied', 0),
(1359, 'S95', 'Lésion traumatique de vaisseaux sanguins au niveau de la cheville et du pied', 0),
(1360, 'S96', 'Lésion traumatique de muscles et de tendons au niveau de la cheville et du pied', 0),
(1361, 'S97', 'Ecrasement de la cheville et du pied', 0),
(1362, 'S98', 'Amputation traumatique de la cheville et du pied', 0),
(1363, 'S99', 'Lésions traumatiques de la cheville et du pied, autres et sans précision', 0),
(1364, 'T00', 'Lésions traumatiques superficielles de plusieurs parties du corps', 0),
(1365, 'T01', 'Plaies ouvertes de plusieurs parties du corps', 0),
(1366, 'T02', 'Fractures de plusieurs parties du corps', 0),
(1367, 'T03', 'Luxations, entorses et foulures de plusieurs parties du corps', 0),
(1368, 'T04', 'Ecrasements de plusieurs parties du corps', 0),
(1369, 'T05', 'Amputations traumatiques de plusieurs parties du corps', 0),
(1370, 'T06', 'Autres lésions traumatiques de plusieurs parties du corps, non classées ailleurs', 0),
(1371, 'T07', 'Lésions traumatiques multiples, sans précision', 0),
(1372, 'T08', 'Fracture du rachis, niveau non précisé', 0),
(1373, 'T09', 'Autres lésions traumatiques du rachis et du tronc, niveau non précisé', 0),
(1374, 'T10', 'Fracture du membre supérieur, niveau non précisé', 0),
(1375, 'T11', 'Autres lésions traumatiques du membre supérieur, niveau non précisé', 0),
(1376, 'T12', 'Fracture d’un membre inférieur, niveau non précisé', 0),
(1377, 'T13', 'Autres lésions traumatiques du membre inférieur, niveau non précisé', 0),
(1378, 'T14', 'Lésions traumatiques d’une partie du corps non précisée', 0),
(1379, 'T15', 'Corps étranger dans la partie externe de l’œil', 0),
(1380, 'T16', 'Corps étranger dans l’oreille', 0),
(1381, 'T17', 'Corps étranger dans les voies respiratoires', 0),
(1382, 'T18', 'Corps étranger dans les voies digestives', 0),
(1383, 'T19', 'Corps étranger dans les voies génito-urinaires', 0),
(1384, 'T20', 'Brûlure et corrosion de la tête et du cou', 0),
(1385, 'T21', 'Brûlure et corrosion du tronc', 0),
(1386, 'T22', 'Brûlure et corrosion de l’épaule et du membre supérieur, sauf poignet et main', 0),
(1387, 'T23', 'Brûlure et corrosion du poignet et de la main', 0),
(1388, 'T24', 'Brûlure et corrosion de la hanche et du membre inférieur, sauf cheville et pied', 0),
(1389, 'T25', 'Brûlure et corrosion de la cheville et du pied', 0),
(1390, 'T33', 'Gelure superficielle', 0),
(1391, 'T34', 'Gelure avec nécrose des tissus', 0),
(1392, 'T35', 'Gelure de parties multiples du corps et sans précision', 0),
(1393, 'T36', 'Intoxication par antibiotiques systémiques', 0),
(1394, 'T37', 'Intoxication par d’autres anti-infectieux et antiparasitaires systémiques', 0),
(1395, 'T38', 'Intoxication par hormones et leurs substituts synthétiques et antagonistes, non classés ailleurs', 0),
(1396, 'T39', 'Intoxication par analgésiques non opioïdes, antipyrétiques et antirhumatisants', 0),
(1397, 'T40', 'Intoxication par narcotiques et psychodysleptiques [hallucinogènes]', 0),
(1398, 'T41', 'Intoxication par anesthésiques et gaz thérapeutiques', 0),
(1399, 'T42', 'Intoxication par anti-épileptiques, sédatifs, hypnotiques et anti-parkinsoniens', 0),
(1400, 'T43', 'Intoxication par médicaments psychotropes, non classés ailleurs', 0),
(1401, 'T44', 'Intoxication par médicaments agissant essentiellement sur le système nerveux autonome', 0),
(1402, 'T45', 'Intoxication par substances essentiellement systémiques et hématologiques, non classées ailleurs', 0),
(1403, 'T46', 'Intoxication par substances agissant essentiellement sur le système cardio-vasculaire', 0),
(1404, 'T47', 'Intoxication par substances agissant essentiellement sur le tractus gastro-intestinal', 0),
(1405, 'T48', 'Intoxication par substances agissant essentiellement sur les muscles lisses et striés et l’appareil respiratoire', 0),
(1406, 'T49', 'Intoxication par substances à usage topique agissant essentiellement sur la peau et les muqueuses et par médicaments à usage ophtalmologique, oto-rhino-laryngologique et dentaire', 0),
(1407, 'T50', 'Intoxication par diurétiques et médicaments et substances biologiques, autres et sans précision', 0),
(1408, 'T51', 'Effet toxique de l’alcool', 0),
(1409, 'T52', 'Effet toxique de solvants organiques', 0),
(1410, 'T53', 'Effet toxique de dérivés halogénés d’hydrocarbures aliphatiques et aromatiques', 0),
(1411, 'T54', 'Effet toxique de substances corrosives', 0),
(1412, 'T55', 'Effet toxique de savons et détergents', 0),
(1413, 'T56', 'Effet toxique des métaux', 0),
(1414, 'T57', 'Effet toxique d’autres substances non organiques', 0),
(1415, 'T58', 'Effet toxique du monoxyde de carbone', 0),
(1416, 'T59', 'Effets toxiques d’autres émanations, gaz et fumées', 0),
(1417, 'T60', 'Effet toxique de pesticides', 0),
(1418, 'T61', 'Effet toxique de substances nocives absorbées par le biais de fruits de mer', 0),
(1419, 'T62', 'Effet toxique d’autres substances nocives absorbées par le biais d’aliments', 0),
(1420, 'T63', 'Effet toxique d’un contact avec un animal venimeux', 0),
(1421, 'T64', 'Effet toxique de l’aflatoxine et d’autres mycotoxines contaminant des aliments', 0),
(1422, 'T65', 'Effet toxique de substances autres et non précisées', 0),
(1423, 'T66', 'Effets de rayonnements, sans précision', 0),
(1424, 'T67', 'Effets de la chaleur et de la lumière', 0),
(1425, 'T68', 'Hypothermie', 0),
(1426, 'T69', 'Autres effets d’une baisse de la température', 0),
(1427, 'T70', 'Effets de la pression atmosphérique et de la pression de l’eau', 0),
(1428, 'T71', 'Asphyxie', 0),
(1429, 'T73', 'Effets d’autres privations', 0),
(1430, 'T74', 'Syndromes dus à de mauvais traitements', 0),
(1431, 'T75', 'Effets d’autres causes externes', 0),
(1432, 'T78', 'Effets indésirables, non classés ailleurs', 0),
(1433, 'T79', 'Certaines complications précoces des traumatismes, non classées ailleurs', 0),
(1434, 'T80', 'Complications consécutives à une injection thérapeutique, une perfusion et une transfusion', 0),
(1435, 'T81', 'Complications d’actes à visée diagnostique et thérapeutique, non classées ailleurs', 0),
(1436, 'T82', 'Complications de prothèses, implants et greffes cardiaques et vasculaires', 0),
(1437, 'T83', 'Complications de prothèses, implants et greffes génito-urinaires', 0),
(1438, 'T84', 'Complications de prothèses, implants et greffes orthopédiques internes', 0),
(1439, 'T85', 'Complications d’autres prothèses, implants et greffes internes', 0),
(1440, 'T86', 'Echec et rejet d’organes et de tissus greffés', 0),
(1441, 'T87', 'Complications propres à une réimplantation et une amputation', 0),
(1442, 'T88', 'Autres complications de soins chirurgicaux et médicaux, non classées ailleurs', 0),
(1443, 'T90', 'Séquelles de lésions traumatiques de la tête', 0),
(1444, 'T91', 'Séquelles de lésions traumatiques du cou et du tronc', 0),
(1445, 'T92', 'Séquelles de lésions traumatiques du membre supérieur', 0),
(1446, 'T93', 'Séquelles de lésions traumatiques du membre inférieur', 0),
(1447, 'T94', 'Séquelles de lésions traumatiques de parties du corps multiples et non précisées', 0),
(1448, 'T95', 'Séquelles de brûlures, corrosions et gelures', 0),
(1449, 'T96', 'Séquelles d’intoxications par médicaments et substances biologiques', 0),
(1450, 'T97', 'Séquelles d’effets toxiques de substances d’origine essentiellement non médicinale', 0),
(1451, 'T98', 'Séquelles de causes externes, autres et sans précision', 0),
(1452, 'V01', 'Piéton blessé dans une collision avec un cycle', 0),
(1453, 'V02', 'Piéton blessé dans une collision avec un véhicule à moteur à deux ou trois roues', 0),
(1454, 'V03', 'Piéton blessé dans une collision avec une automobile ou une camionnette', 0),
(1455, 'V04', 'Piéton blessé dans une collision avec un véhicule lourd ou un autobus', 0),
(1456, 'V05', 'Piéton blessé dans une collision avec un train ou un véhicule ferroviaire', 0),
(1457, 'V06', 'Piéton blessé dans une collision avec un autre véhicule sans moteur', 0),
(1458, 'V09', 'Piéton blessé dans des accidents de transport, autres et sans précision', 0),
(1459, 'X60', 'Auto-intoxication par des analgésiques, antipyrétiques et antirhumatismaux non opiacés et exposition à ces produits', 0),
(1460, 'X61', 'Auto-intoxication par des anti-épileptiques, sédatifs, hypnotiques, antiparkinsoniens et psychotropes et exposition à ces produits, non classés ailleurs', 0),
(1461, 'X62', 'Auto-intoxication par des narcotiques et psychodysleptiques [hallucinogènes] et exposition à ces produits, non classés ailleurs', 0),
(1462, 'X63', 'Auto-intoxication par d’autres substances pharmacologiques agissant sur le système nerveux autonome et exposition à ces produits', 0),
(1463, 'X64', 'Auto-intoxication par des médicaments et substances biologiques et exposition à ces produits, autres et sans précision', 0),
(1464, 'X65', 'Auto-intoxication par l’alcool et exposition à l’alcool', 0),
(1465, 'X66', 'Auto-intoxication par des solvants organiques et des hydrocarbures halogénés et leurs émanations et exposition à ces produits', 0),
(1466, 'X67', 'Auto-intoxication par d’autres gaz et émanations et exposition à ces produits', 0),
(1467, 'X68', 'Auto-intoxication par des pesticides et exposition à ces produits', 0),
(1468, 'X69', 'Auto-intoxication par des produits chimiques et substances nocives et exposition à ces produits, autres et sans précision', 0),
(1469, 'X70', 'Lésion auto-infligée par pendaison, strangulation et suffocation', 0),
(1470, 'X71', 'Lésion auto-infligée par noyade et submersion', 0),
(1471, 'X72', 'Lésion auto-infligée par décharge d’une arme de poing', 0),
(1472, 'X73', 'Lésion auto-infligée par décharge de fusil, de carabine et d’arme de plus grande taille', 0),
(1473, 'X74', 'Lésion auto-infligée par décharge d’armes à feu, autres et sans précision', 0),
(1474, 'X75', 'Lésion auto-infligée par utilisation de matériel explosif', 0),
(1475, 'X76', 'Lésion auto-infligée par exposition à la fumée, au feu et aux flammes', 0),
(1476, 'X77', 'Lésion auto-infligée par exposition à la vapeur d’eau, à des gaz et objets brûlants', 0),
(1477, 'X78', 'Lésion auto-infligée par utilisation d’objet tranchant', 0),
(1478, 'X79', 'Lésion auto-infligée par utilisation d’objet contondant', 0),
(1479, 'X80', 'Lésion auto-infligée par saut dans le vide', 0),
(1480, 'X81', 'Lésion auto-infligée en sautant ou en se couchant devant un objet en mouvement', 0),
(1481, 'X82', 'Lésion auto-infligée par collision d’un véhicule à moteur', 0),
(1482, 'X83', 'Lésion auto-infligée par d’autres moyens précisés', 0),
(1483, 'X84', 'Lésion auto-infligée par un moyen non précisé', 0),
(1484, 'X85', 'Agression par médicaments et substances biologiques', 0),
(1485, 'X86', 'Agression par une substance corrosive', 0),
(1486, 'X87', 'Agression par des pesticides', 0),
(1487, 'X88', 'Agression par des gaz et émanations', 0),
(1488, 'X89', 'Agression par d’autres produits chimiques et nocifs précisés', 0),
(1489, 'X90', 'Agression par un produit chimique ou nocif, sans précision', 0),
(1490, 'X91', 'Agression par pendaison, strangulation et suffocation', 0),
(1491, 'X92', 'Agression par noyade et submersion', 0),
(1492, 'X93', 'Agression par arme de poing', 0),
(1493, 'X94', 'Agression par fusil, carabine et arme de plus grande taille', 0),
(1494, 'X95', 'Agression par des armes à feu, autres et sans précision', 0),
(1495, 'X96', 'Agression par matériel explosif', 0),
(1496, 'X97', 'Agression par la fumée, le feu et les flammes', 0),
(1497, 'X98', 'Agression par la vapeur d’eau, des gaz et objets brûlants', 0),
(1498, 'X99', 'Agression par objet tranchant', 0),
(1499, 'Y00', 'Agression par objet contondant', 0),
(1500, 'Y01', 'Agression par précipitation dans le vide', 0),
(1501, 'Y02', 'Agression en poussant ou plaçant la victime devant un objet en mouvement', 0),
(1502, 'Y03', 'Agression en provoquant une collision de véhicule à moteur', 0),
(1503, 'Y04', 'Agression par la force physique', 0),
(1504, 'Y05', 'Agression sexuelle par la force physique', 0),
(1505, 'Y06', 'Délaissement et abandon', 0),
(1506, 'Y07', 'Autres mauvais traitements', 0),
(1507, 'Y08', 'Agression par d’autres moyens précisés', 0),
(1508, 'Y09', 'Agression par un moyen non précisé', 0),
(1509, 'Y10', 'Intoxication par des analgésiques, antipyrétiques et antirhumatismaux non opiacés et exposition à ces produits, intention non déterminée', 0),
(1510, 'Y11', 'Intoxication par des anti-épileptiques, sédatifs, hypnotiques, antiparkinsoniens et psychotropes et exposition à ces produits, non classés ailleurs, intention non déterminée', 0),
(1511, 'Y12', 'Intoxication par des narcotiques et psychodysleptiques [hallucinogènes] et exposition à ces produits, non classés ailleurs, intention non déterminée', 0),
(1512, 'Y13', 'Intoxication par d’autres substances pharmacologiques agissant sur le système nerveux autonome et exposition à ces produits, intention non déterminée', 0),
(1513, 'Y14', 'Intoxication par des médicaments et substances biologiques, autres et sans précision et exposition à ces produits, intention non déterminée', 0),
(1514, 'Y15', 'Intoxication par l’alcool et exposition à l’alcool, intention non déterminée', 0),
(1515, 'Y16', 'Intoxication par des solvants organiques et des hydrocarbures halogénés et leurs émanations et exposition à ces produits, intention non déterminée', 0),
(1516, 'Y17', 'Intoxication par d’autres gaz et émanations et exposition à ces produits, intention non déterminée', 0),
(1517, 'Y18', 'Intoxication par des pesticides et exposition à ces produits, intention non déterminée', 0),
(1518, 'Y19', 'Intoxication par des produits chimiques et substances nocives et exposition à ces produits, autres et sans précision, intention non déterminée', 0),
(1519, 'Y20', 'Pendaison, strangulation et suffocation, intention non déterminée', 0),
(1520, 'Y21', 'Noyade et submersion, intention non déterminée', 0),
(1521, 'Y22', 'Décharge d’une arme de poing, intention non déterminée', 0),
(1522, 'Y23', 'Décharge de fusil, de carabine et d’arme de plus grande taille, intention non déterminée', 0),
(1523, 'Y24', 'Décharge d’armes à feu, autres et sans précision, intention non déterminée', 0),
(1524, 'Y25', 'Contact avec matériel explosif, intention non déterminée', 0),
(1525, 'Y26', 'Exposition à la fumée, au feu et aux flammes, intention non déterminée', 0),
(1526, 'Y27', 'Contact avec de la vapeur d’eau, des gaz et objets brûlants, intention non déterminée', 0),
(1527, 'Y28', 'Contact avec objet tranchant, intention non déterminée', 0),
(1528, 'Y29', 'Contact avec objet contondant, intention non déterminée', 0),
(1529, 'Y30', 'Chute, saut ou précipitation dans le vide, intention non déterminée', 0),
(1530, 'Y31', 'Lésion traumatique par un objet en mouvement (la victime étant tombée ou couchée devant l’objet ou entrée en collision avec celui-ci), intention non déterminée', 0),
(1531, 'Y32', 'Collision de véhicule à moteur, intention non déterminée', 0),
(1532, 'Y33', 'Autres événements précisés, intention non déterminée', 0),
(1533, 'Y34', 'Evénement sans précision, intention non déterminée', 0),
(1534, 'Y35', 'Intervention de la force publique', 0),
(1535, 'Y36', 'Faits de guerre', 0),
(1536, 'Y40', 'Antibiotiques systémiques', 0),
(1537, 'Y41', 'Autres anti-infectieux et antiparasitaires systémiques', 0),
(1538, 'Y42', 'Hormones et leurs substituts synthétiques et antagonistes, non classés ailleurs', 0),
(1539, 'Y43', 'Substances d’action pharmacologique essentiellement systémique', 0),
(1540, 'Y44', 'Substances agissant essentiellement sur les constituants du sang', 0),
(1541, 'Y45', 'Médicaments analgésiques, antipyrétiques et anti-inflammatoires', 0),
(1542, 'Y46', 'Anti-épileptiques et antiparkinsoniens', 0),
(1543, 'Y47', 'Sédatifs, hypnotiques et tranquillisants', 0),
(1544, 'Y48', 'Anesthésiques et gaz thérapeutiques', 0),
(1545, 'Y49', 'Médicaments psychotropes, non classés ailleurs', 0),
(1546, 'Y50', 'Stimulants du système nerveux central, non classés ailleurs', 0),
(1547, 'Y51', 'Médicaments agissant essentiellement sur le système nerveux autonome', 0);
INSERT INTO `icd10` (`id`, `code`, `name`, `common`) VALUES
(1548, 'Y52', 'Substances agissant essentiellement sur le système cardio-vasculaire', 0),
(1549, 'Y53', 'Substances agissant essentiellement sur le tractus gastro-intestinal', 0),
(1550, 'Y54', 'Médicaments agissant essentiellement sur le métabolisme de l’eau, des sels minéraux et de l’acide urique', 0),
(1551, 'Y55', 'Substances agissant essentiellement sur les muscles lisses et striés et l’appareil respiratoire', 0),
(1552, 'Y56', 'Substances à usage topique agissant essentiellement sur la peau et les muqueuses, médicaments à usage ophtalmologique, oto-rhino-laryngologique et dentaire', 0),
(1553, 'Y57', 'Substances médicamenteuses, autres et sans précision', 0),
(1554, 'Y58', 'Vaccins bactériens', 0),
(1555, 'Y59', 'Vaccins et substances biologiques, autres et sans précision', 0),
(1556, 'Y85', 'Séquelles d’un accident de transport', 0),
(1557, 'Y86', 'Séquelles d’autres accidents', 0),
(1558, 'Y87', 'Séquelles d’une lésion auto-infligée, d’une agression ou d’un événement, d’intention non déterminée', 0),
(1559, 'Y88', 'Actes médicaux et chirurgicaux considérés comme cause externe de séquelles', 0),
(1560, 'Y89', 'Séquelles d’autres causes externes', 0),
(1561, 'Y90', 'Preuves du rôle de l’alcool confirmé par le taux d’alcoolémie', 0),
(1562, 'Y91', 'Preuves du rôle de l’alcool confirmé par le degré d’intoxication', 0),
(1563, 'Y95', 'Facteurs nosocomiaux', 0),
(1564, 'Y96', 'Facteurs liés aux conditions de travail', 0),
(1565, 'Y97', 'Facteurs liés à la pollution de l’environnement', 0),
(1566, 'Y98', 'Facteurs liés au mode de vie', 0),
(1567, 'Z00', 'Examen général et investigations de sujets ne se plaignant de rien ou pour lesquels aucun diagnostic n’est rapporté', 0),
(1568, 'Z01', 'Autres examens spéciaux et investigations de sujets ne se plaignant de rien ou pour lesquels aucun diagnostic n’est rapporté', 0),
(1569, 'Z02', 'Examen médical et prise de contact à des fins administratives', 0),
(1570, 'Z03', 'Mise en observation et examen médical pour suspicion de maladies', 0),
(1571, 'Z04', 'Examen et mise en observation pour d’autres raisons', 0),
(1572, 'Z08', 'Examen de contrôle après traitement d’une tumeur maligne', 0),
(1573, 'Z09', 'Examen de contrôle après traitement d’affections autres que les tumeurs malignes', 0),
(1574, 'Z10', 'Examen général de routine d’une sous-population définie', 0),
(1575, 'Z11', 'Examen spécial de dépistage de maladies infectieuses et parasitaires', 0),
(1576, 'Z12', 'Examen spécial de dépistage des tumeurs', 0),
(1577, 'Z13', 'Examen spécial de dépistage d’autres maladies et états pathologiques', 0),
(1578, 'Z20', 'Sujets en contact avec et exposés à des maladies transmissibles', 0),
(1579, 'Z21', 'Infection asymptomatique par le virus de l’immunodéficience humaine [VIH]', 0),
(1580, 'Z22', 'Sujet porteur de germes responsables d’une maladie infectieuse', 0),
(1581, 'Z23', 'Nécessité d’une vaccination contre une seule maladie bactérienne', 0),
(1582, 'Z24', 'Nécessité d’une vaccination contre certaines maladies virales uniques', 0),
(1583, 'Z25', 'Nécessité d’une vaccination contre d’autres maladies virales uniques', 0),
(1584, 'Z26', 'Nécessité d’une vaccination contre d’autres maladies infectieuses uniques', 0),
(1585, 'Z27', 'Nécessité d’une vaccination associée contre plusieurs maladies infectieuses', 0),
(1586, 'Z28', 'Vaccination non faite', 0),
(1587, 'Z29', 'Nécessité d’autres mesures prophylactiques', 0),
(1588, 'Z30', 'Prise en charge d’une contraception', 0),
(1589, 'Z31', 'Mesures procréatives', 0),
(1590, 'Z32', 'Examen et test de grossesse', 0),
(1591, 'Z33', 'Grossesse constatée fortuitement', 0),
(1592, 'Z34', 'Surveillance d’une grossesse normale', 0),
(1593, 'Z35', 'Surveillance d’une grossesse à haut risque', 0),
(1594, 'Z36', 'Dépistage prénatal', 0),
(1595, 'Z37', 'Résultat de l’accouchement', 0),
(1596, 'Z38', 'Enfants nés vivants, selon le lieu de naissance', 0),
(1597, 'Z39', 'Soins et examens du post-partum', 0),
(1598, 'Z40', 'Opération prophylactique', 0),
(1599, 'Z41', 'Thérapie sans raison médicale', 0),
(1600, 'Z42', 'Soins de contrôle comprenant une opération plastique', 0),
(1601, 'Z43', 'Surveillance de stomies', 0),
(1602, 'Z44', 'Mise en place et ajustement d’appareils de prothèse externe', 0),
(1603, 'Z45', 'Ajustement et entretien d’une prothèse interne', 0),
(1604, 'Z46', 'Mise en place et ajustement d’autres appareils', 0),
(1605, 'Z47', 'Autres soins de contrôle orthopédiques', 0),
(1606, 'Z48', 'Autres soins de contrôle chirurgicaux', 0),
(1607, 'Z49', 'Surveillance d’une dialyse', 0),
(1608, 'Z50', 'Soins impliquant une rééducation', 0),
(1609, 'Z51', 'Autres soins médicaux', 0),
(1610, 'Z52', 'Donneurs d’organes et de tissus', 0),
(1611, 'Z53', 'Sujets ayant recours aux services de santé pour des actes médicaux spécifiques, non effectués', 0),
(1612, 'Z54', 'Convalescence', 0),
(1613, 'Z55', 'Difficultés liées à l’éducation et l’alphabétisation', 0),
(1614, 'Z56', 'Difficultés liées à l’emploi et au chômage', 0),
(1615, 'Z57', 'Exposition professionnelle à des facteurs de risque', 0),
(1616, 'Z58', 'Difficultés liées à l’environnement physique', 0),
(1617, 'Z59', 'Difficultés liées au logement et aux conditions économiques', 0),
(1618, 'Z60', 'Difficultés liées à l’environnement social', 0),
(1619, 'Z61', 'Difficultés liées à une enfance malheureuse', 0),
(1620, 'Z62', 'Autres difficultés liées à l’éducation', 0),
(1621, 'Z63', 'Autres difficultés liées à l’entourage immédiat, y compris la situation familiale', 0),
(1622, 'Z64', 'Difficultés liées à certaines situations psycho-sociales', 0),
(1623, 'Z65', 'Difficultés liées à d’autres situations psycho-sociales', 0),
(1624, 'Z70', 'Conseils relatifs aux attitudes, comportement et orientation en matière de sexualité', 0),
(1625, 'Z71', 'Sujets en contact avec les services de santé pour d’autres conseils et avis médicaux, non classés ailleurs', 0),
(1626, 'Z72', 'Difficultés liées au mode de vie', 0),
(1627, 'Z73', 'Difficultés liées à l’orientation de son mode de vie', 0),
(1628, 'Z74', 'Difficultés liées à une dépendance envers la personne qui donne les soins', 0),
(1629, 'Z75', 'Difficultés liées aux installations médicales et autres soins de santé', 0),
(1630, 'Z76', 'Sujet ayant recours aux services de santé dans d’autres circonstances', 0),
(1631, 'Z80', 'Antécédents familiaux de tumeur maligne', 0),
(1632, 'Z81', 'Antécédents familiaux de troubles mentaux et du comportement', 0),
(1633, 'Z82', 'Antécédents familiaux de certaines incapacités et maladies chroniques conduisant à l’invalidité', 0),
(1634, 'Z83', 'Antécédents familiaux d’autres maladies spécifiques', 0),
(1635, 'Z84', 'Antécédents familiaux d’autres affections', 0),
(1636, 'Z85', 'Antécédents personnels de tumeur maligne', 0),
(1637, 'Z86', 'Antécédents personnels de certaines autres maladies', 0),
(1638, 'Z87', 'Antécédents personnels d’autres maladies', 0),
(1639, 'Z88', 'Antécédents personnels d’allergie à des médicaments et des substances biologiques', 0),
(1640, 'Z89', 'Absence acquise d’un membre', 0),
(1641, 'Z90', 'Absence acquise d’organes, non classée ailleurs', 0),
(1642, 'Z91', 'Antécédents personnels de facteurs de risque, non classés ailleurs', 0),
(1643, 'Z92', 'Antécédents personnels de traitement médical', 0),
(1644, 'Z93', 'Stomies', 0),
(1645, 'Z94', 'Greffe d’organe et de tissu', 0),
(1646, 'Z95', 'Présence d’implants et de greffes cardiaques et vasculaires', 0),
(1647, 'Z96', 'Présence d’autres implants fonctionnels', 0),
(1648, 'Z97', 'Présence d’autres appareils', 0),
(1649, 'Z98', 'Autres états post-chirurgicaux', 0),
(1650, 'Z99', 'Dépendance envers des machines et appareils auxiliaires, non classée ailleurs', 0),
(1651, 'U04', 'Syndrome respiratoire aigu sévère [SRAS]', 0),
(1652, 'U80', 'Agents résistant à la pénicilline et apparentés', 0),
(1653, 'U81', 'Agents résistant à la vancomycine et apparentés', 0),
(1654, 'U88', 'Agents résistant à de multiples antibiotiques', 0),
(1655, 'U89', 'Agents résistant à des antibiotiques autres et non précisés', 0),
(1656, 'W55', 'Morsure ou coup donné par d’autres mammifères', 1),
(1669, 'A09 & E86', 'Diarrhée + Hypovolémie', 1),
(1670, 'A09 & K92.1', 'Diarrhée + Mélæna', 1),
(1671, 'A15-A19', 'Tuberculose', 1),
(1672, 'A20.0', 'Peste bubonique', 1),
(1673, 'A20.2', 'Peste pulmonaire', 1),
(1674, 'A33-A35', 'Tétanos néonatal, Tétanos obstétrical, Autres formes de tétanos', 1),
(1675, 'A90-A92', 'Dengue & Autres fièvres virales transmises par des moustiques', 1),
(1676, 'A92.4', 'Fièvre de la vallée du Rift', 1),
(1677, 'B05-B06', 'Rougeole & Rubéole', 1),
(1678, 'B20-B24', 'Maladies dues au virus de l’immunodéficience humaine', 1),
(1679, 'B50-B54', 'Paludisme', 1),
(1680, 'B88.1', 'Tungose [infestation par puce-chique]', 1),
(1681, 'D50-D64', 'Anémie', 1),
(1682, 'E40-E46', 'Malnutrition', 1),
(1683, 'G03.9', 'Méningite, sans précision', 1),
(1684, 'G83.9', 'Syndrome paralytique, sans précision', 1),
(1685, 'H53-H54', 'Troubles de la vision et cécité', 1),
(1686, 'H91.9', 'Perte de l’audition, sans précision', 1),
(1687, 'I10-I15', 'Maladies hypertensives', 1),
(1688, 'M25.5', 'Douleur articulaire', 1),
(1689, 'P05.0', 'Faible poids pour l’âge gestationnel', 1),
(1690, 'R05 & J00', 'Toux & Rhinopharyngite aiguë [rhume banal]', 1),
(1691, 'R30-R39', 'Symptômes et signes relatifs à l’appareil urinaire', 1),
(1692, 'T63.6', 'Effet toxique d’un contact avec d’autres animaux marins', 1),
(1693, 'Y40-Y59', 'Médicaments et substances biologiques ayant provoqué des effets indésirables au cours de leur usage thérapeutique', 1);

DROP TABLE IF EXISTS `patient`;

CREATE TABLE `patient` (
  `id` int(11) NOT NULL AUTO_INCREMENT,
  `patrec` int(11) NOT NULL,
  `name` varchar(100) COLLATE utf8_bin NOT NULL,
  `sex` enum('H','F') COLLATE utf8_bin NOT NULL,
  `fathername` varchar(100) COLLATE utf8_bin NOT NULL,
  `mothername` varchar(100) COLLATE utf8_bin NOT NULL,
--  `spousename` varchar(100) COLLATE utf8_bin DEFAULT NULL,
  `child1name` varchar(100) COLLATE utf8_bin DEFAULT NULL,
  `birthdate` date NOT NULL,
  `approxdob` tinyint(1) NOT NULL DEFAULT 0,
--  `address` varchar(100) COLLATE utf8_bin DEFAULT NULL,
--  `phone` varchar(100) COLLATE utf8_bin DEFAULT NULL,
  `birthvillage` int(11) null default null,
  `dusunID` int(11) NOT NULL,
  `notes` varchar(200) COLLATE utf8_bin DEFAULT NULL,
  PRIMARY KEY (`id`),
  UNIQUE KEY `patrec` (`patrec`),
  KEY `dusunID` (`dusunID`),
  CONSTRAINT `patient_ibfk_1` FOREIGN KEY (`dusunID`) REFERENCES `dusun` (`id`),
  CONSTRAINT `patient_ibfk_2` FOREIGN KEY (`birthvillage`) REFERENCES `dusun` (`id`)
) ENGINE=InnoDB AUTO_INCREMENT=2 DEFAULT CHARSET=utf8 COLLATE=utf8_bin;

-- INSERT INTO `patient` VALUES (1,1,'Anna','F','Jim','Mary',NULL,'2001-01-01',0,1,1,NULL);

DELIMITER ;;
CREATE  TRIGGER `patient_birthdate` BEFORE INSERT ON `patient` FOR EACH ROW
BEGIN
  IF YEAR(NEW.birthdate) < 1900 AND NEW.birthdate != '1899-12-31'
     THEN SIGNAL SQLSTATE '45000' SET MESSAGE_TEXT = 'Birthdate must be after 1900';
  END IF;
END ;;
DELIMITER ;

DROP TABLE IF EXISTS `visit`;

CREATE TABLE `visit` (
  `id` int(11) NOT NULL AUTO_INCREMENT,
  `patientID` int(11) NOT NULL,
  `visitTypeID` int(11) NOT NULL,
  `amount` int(11) DEFAULT NULL,
  `date` date NOT NULL,
  `docID` int(11) DEFAULT NULL,
  `location` int(11) NOT NULL,
  PRIMARY KEY (`id`),
  KEY `patientID` (`patientID`),
  KEY `visitTypeID` (`visitTypeID`),
  KEY `docID` (`docID`),
  CONSTRAINT `visit_ibfk_1` FOREIGN KEY (`patientID`) REFERENCES `patient` (`id`),
  CONSTRAINT `visit_ibfk_2` FOREIGN KEY (`visitTypeID`) REFERENCES `visitType` (`id`),
  CONSTRAINT `visit_ibfk_3` FOREIGN KEY (`docID`) REFERENCES `doc` (`id`),
  CONSTRAINT `visit_ibfk_4` FOREIGN KEY (`location`) REFERENCES `dusun` (`id`)
) ENGINE=InnoDB AUTO_INCREMENT=2 DEFAULT CHARSET=utf8 COLLATE=utf8_bin;

-- INSERT INTO `visit` VALUES (1,1,6,4000,'2021-01-23',1,1);

DELIMITER ;;
CREATE  TRIGGER `sign_of_payment` BEFORE INSERT ON `visit` FOR EACH ROW
BEGIN
  DECLARE T VARCHAR(10);
  SET T = (SELECT `type` FROM visitType WHERE id = NEW.visitTypeID);
  IF (T = 'payment' AND NEW.amount > 0 ) OR
     (T = 'service' AND NEW.amount < 0 )
     THEN SIGNAL SQLSTATE '45000' SET MESSAGE_TEXT = 'Payments must be negative and services must be positive';
  END IF;
END ;;
DELIMITER ;

DELIMITER ;;
CREATE  TRIGGER `visit_date` BEFORE INSERT ON `visit` FOR EACH ROW
BEGIN
  IF YEAR(NEW.`date`) < 2017  AND NEW.`date` != '1899-12-31'
     THEN SIGNAL SQLSTATE '45000' SET MESSAGE_TEXT = 'The date must be after 2017-01-01';
  END IF;
END ;;
DELIMITER ;

DROP TABLE IF EXISTS `visitType`;

CREATE TABLE `visitType` (
  `id` int(11) NOT NULL AUTO_INCREMENT,
  `label` varchar(50) COLLATE utf8_bin NOT NULL,
  `type` enum('service','payment') COLLATE utf8_bin NOT NULL DEFAULT 'service',
  PRIMARY KEY (`id`)
) ENGINE=InnoDB AUTO_INCREMENT=17 DEFAULT CHARSET=utf8 COLLATE=utf8_bin;

INSERT INTO `visitType` (`id`, `label`, `type`) VALUES
(1, '(inconnu)', 'service'),
(2, 'Payer en espèces', 'payment'),
(5, 'Inscription seulement', 'service'),
(6, 'Visite chez le médecin général', 'service'),
(8, 'Achat de médicaments ', 'service'),
(9, 'Visite pré natal', 'service'),
(10, 'Payer avec des semis ', 'payment'),
(11, 'Payer avec de l’artisanat', 'payment'),
(12, 'Vaccination', 'service'),
(13, 'Planning familial', 'service'),
(14, 'Payer avec produit agricole', 'payment'),
(15, 'Payer avec produit d’elevage', 'payment'),
(16, 'Payer avec activite main d’oeuvre', 'payment');

CREATE TABLE `fp` (
  `id` int(11) NOT NULL AUTO_INCREMENT,
  `patientID` int(11) NOT NULL,
  `date` date NOT NULL COMMENT 'visit date',
  `docID` int(11) NOT NULL,
  `newpat` enum('nouveau','ancien') DEFAULT NULL,
  `type` enum('diu','injectable','pillule','implant') NOT NULL,
  `grosesse` enum('negatif','positif') DEFAULT NULL,
  `last_period` date DEFAULT NULL COMMENT 'last period',
  `nextvisit` date DEFAULT NULL COMMENT 'next visit date',
  `kidage` int(3) DEFAULT NULL COMMENT 'age last kid (months)',
  `notes` varchar(500) DEFAULT NULL,
  PRIMARY KEY (`id`),
  UNIQUE KEY `fp_pat+date+type` (`patientID`,`date`,`type`),
  KEY `fp_patientID` (`patientID`),
  KEY `fp_docID` (`docID`),
  CONSTRAINT `fp_docID` FOREIGN KEY (`docID`) REFERENCES `doc` (`id`),
  CONSTRAINT `fp_patientID` FOREIGN KEY (`patientID`) REFERENCES `patient` (`id`)
) ENGINE=InnoDB ;

CREATE TABLE `vaxShot` (
  `id` int(11) NOT NULL AUTO_INCREMENT,
  `patientID` int(11) NOT NULL,
  `date` date NOT NULL COMMENT 'visit date',
  `docID` int(11) NOT NULL,
  `newvax` enum('nouveau','ancien') DEFAULT NULL,
  `vaxID` int(11) NOT NULL,
  `nextvisit` date DEFAULT NULL COMMENT 'next visit date',
  `notes` varchar(500) DEFAULT NULL,
  PRIMARY KEY (`id`),
  UNIQUE KEY `vaxShot_pat+date+vax` (patientID, `date`,`vaxID`),
  KEY `vaxShot_patientID` (`patientID`),
  KEY `vaxShot_docID` (`docID`),
  KEY `vaxShot_vaxID` (`vaxID`),
  CONSTRAINT `vaxShot_docID` FOREIGN KEY (`docID`) REFERENCES `doc` (`id`),
  CONSTRAINT `vaxShot_patientID` FOREIGN KEY (`patientID`) REFERENCES `patient` (`id`),
  CONSTRAINT `vaxShot_vaxID` FOREIGN KEY (`vaxID`) REFERENCES `vax` (`id`)
) ENGINE=InnoDB ;

CREATE TABLE `vax` (
  `id` int(11) NOT NULL AUTO_INCREMENT,
  `short` varchar(50) NOT NULL ,
  `notes` varchar(200) NOT NULL ,
  PRIMARY KEY (`id`),
  UNIQUE KEY `vax_short` (`short`)
) ENGINE=InnoDB ;

INSERT INTO vax (`short`, `notes`) VALUES 
 ('Ped: BCG','BCG'),  
 ('Ped: Polio, 0 semaine', 'Polio'), 
 ('Ped: BCG et Polio, 0 semaine','BCG et Polio'),
 ('Ped: Vax, 6 semaine','DTC Hep Hib 1 , PCV 10-1 , POLIO 1 , Rotavirus 1'),
 ('Ped: Vax, 10 semaine','DTC Hep Hib 2 , PCV 10-2 , POLIO 2 , Rotavirus 2'),
 ('Ped: Vax, 14 semaine','DTC Hep Hib 3 , PCV 10-3 , POLIO 3 , VPI'),
 ('Ped: Rougeole', 'Rougeole'),
 ('Tetanique, Vat 1','Tetanique'),
 ('Tetanique, Vat 2','Tetanique'),
 ('Tetanique, Vat 3','Tetanique'),
 ('Tetanique, Vat 4','Tetanique'),
 ('Tetanique, Vat 5','Tetanique');
