SET FOREIGN_KEY_CHECKS=0;

DROP TABLE IF EXISTS `Users`;

CREATE TABLE `Users` (
  `UserID` int(11) NOT NULL AUTO_INCREMENT,
  `UserName` varchar(32) COLLATE utf8_bin NOT NULL,
  `Password` varchar(32) COLLATE utf8_bin NOT NULL,
  `Role` enum('ADMIN','MEDICAL','PHARMACY')
    COLLATE utf8_bin NOT NULL,
  PRIMARY KEY (`UserID`),
  UNIQUE KEY `userName` (`UserName`)
) ENGINE=InnoDB AUTO_INCREMENT=2 DEFAULT CHARSET=utf8 COLLATE=utf8_bin;

INSERT INTO `Users` VALUES (1,'admin','CHANGEME','ADMIN'),(2,'medical','CHANGEME','MEDICAL'),(3,'pharmacy','CHANGEME','PHARMACY');

DROP TABLE IF EXISTS `antenatal`;

CREATE TABLE `antenatal` (
  `id` int(11) NOT NULL AUTO_INCREMENT,
  `patientID` int(11) NOT NULL,
  `G` enum('0','1','2','3','4','5','6','7','8','9','10')
    DEFAULT NULL COMMENT 'Gestations',
  `P` enum('0','1','2','3','4','5','6','7','8','9','10')
    DEFAULT NULL COMMENT 'Paritus',
  `A` enum('0','1','2','3','4','5','6','7','8','9','10')
    DEFAULT NULL COMMENT 'Abortus',
  `M` enum('0','1','2','3','4','5','6','7','8','9','10')
    DEFAULT NULL COMMENT 'Mati',
  `date` date NOT NULL COMMENT 'visit date',
  `docID` int(11) NOT NULL,
  `visit` enum('1','2','3','4','5','6','7','8','9','10')
    NOT NULL COMMENT 'visit number, this pregnancy',
  `weight` decimal(4,1) DEFAULT NULL COMMENT 'mother weight, kg',
  `tfu` decimal(4,1) DEFAULT NULL COMMENT 'fundus height, cm',
  `height` int(3) DEFAULT NULL COMMENT 'mother height, cm',
  `bp_syst` int(3) DEFAULT NULL COMMENT 'systolic BP',
  `bp_dia` int(3) DEFAULT NULL COMMENT 'diastolic BP',
  `heart_m` int(3) DEFAULT NULL COMMENT 'mother heart rate, bpm',
  `heart_c` int(3) DEFAULT NULL COMMENT 'baby heart rate, bpm',
  `last_period` date NOT NULL COMMENT 'Last period',
  `birth_date` date NOT NULL COMMENT 'predicted labor date',
  `nextvisit` date NOT NULL COMMENT 'next visit date',
  `risk` enum('bas','haut') COLLATE utf8_bin NOT NULL COMMENT 'predicted risk',
  `tetanus` enum('0','1','2','3','4','5')
     DEFAULT NULL COMMENT 'Number of anti-tetanus shots',
  `edema` tinyint(1) DEFAULT NULL,
  `bleeding` tinyint(1) DEFAULT NULL,
  `shrinking` tinyint(1) DEFAULT NULL,
  `stillfet` tinyint(1) DEFAULT NULL,
  `malaria` tinyint(1) DEFAULT NULL,
  `ultrasound` tinyint(1) DEFAULT NULL,
  `sti` tinyint(1) DEFAULT NULL,
  `notes` varchar(500) COLLATE utf8_bin DEFAULT NULL,
  PRIMARY KEY (`id`),
  UNIQUE KEY `visits` (`patientID`,`date`,`visit`),
  KEY `patientID` (`patientID`),
  KEY `docID` (`docID`),
  CONSTRAINT `docID` FOREIGN KEY (`docID`) REFERENCES `doc` (`id`),
  CONSTRAINT `patientID` FOREIGN KEY (`patientID`) REFERENCES `patient` (`id`)
) ENGINE=InnoDB ;

DELIMITER ;;
CREATE  TRIGGER `antenatal_sex` BEFORE INSERT ON `antenatal` FOR EACH ROW
BEGIN
  DECLARE S VARCHAR(1);
  SET S = (SELECT sex FROM patient WHERE patient.id = NEW.patientID);
  IF  S = 'H'
     THEN SIGNAL SQLSTATE '45000' SET MESSAGE_TEXT = 'Only females get antenatal visits';
  END IF;
END ;;
DELIMITER ;

DROP TABLE IF EXISTS `diagnoses`;

CREATE TABLE `diagnoses` (
  `id` int(11) NOT NULL AUTO_INCREMENT,
  `patientID` int(11) NOT NULL,
  `date` date NOT NULL,
  `suspect` tinyint(1) NOT NULL DEFAULT 0,
  `docID` int(11) NOT NULL,
  `icd10ID` int(11) NOT NULL,
  `note` varchar(200) COLLATE utf8_bin DEFAULT NULL,
  PRIMARY KEY (`id`),
  KEY `patientID` (`patientID`),
  KEY `icd10ID` (`icd10ID`),
  KEY `docID` (`docID`),
  CONSTRAINT `diagnoses_ibfk_1` FOREIGN KEY (`patientID`)
    REFERENCES `patient` (`id`),
  CONSTRAINT `diagnoses_ibfk_2` FOREIGN KEY (`icd10ID`)
    REFERENCES `icd10` (`id`),
  CONSTRAINT `diagnoses_ibfk_3` FOREIGN KEY (`docID`)
    REFERENCES `doc` (`id`)
) ENGINE=InnoDB AUTO_INCREMENT=2 DEFAULT CHARSET=utf8 COLLATE=utf8_bin;

DROP TABLE IF EXISTS `doc`;

CREATE TABLE `doc` (
  `id` int(11) NOT NULL AUTO_INCREMENT,
  `nama` varchar(100) NOT NULL,
  PRIMARY KEY (`id`),
  UNIQUE KEY `nama` (`nama`)
) ENGINE=InnoDB AUTO_INCREMENT=2 DEFAULT CHARSET=utf8;

INSERT INTO `doc` VALUES (1,'Test Doctor 1');

DROP TABLE IF EXISTS `drug`;

CREATE TABLE `drug` (
  `id` int(11) NOT NULL AUTO_INCREMENT,
  `genericID` int(11) NOT NULL,
  `format` enum('ampule','inhaler','capsule','solution','nebulizer','sachet','syrup','syrup dry','spray','supository','tablet','drops','tube','vial','powder') COLLATE utf8_bin NOT NULL,
  `size` decimal(10,2) DEFAULT NULL,
  `units` enum('g','mg','ug','L','ml','IU') COLLATE utf8_bin DEFAULT NULL,
  `conc` varchar(20) COLLATE utf8_bin DEFAULT NULL,
  PRIMARY KEY (`id`),
  UNIQUE KEY `genericID_2` (`genericID`,`format`,`size`),
  KEY `genericID` (`genericID`),
  CONSTRAINT `drug_ibfk_1` FOREIGN KEY (`genericID`) REFERENCES `drugGeneric` (`id`)
) ENGINE=InnoDB AUTO_INCREMENT=1053 DEFAULT CHARSET=utf8 COLLATE=utf8_bin;

INSERT INTO `drug` VALUES (269,1,'tablet',250.00,'mg',NULL),(271,3,'tablet',80.00,'mg',NULL),(273,3,'tablet',160.00,'mg',NULL),(274,3,'tablet',500.00,'mg',NULL),(276,489,'tube',5.00,'g','5%'),(277,573,'tablet',400.00,'mg',NULL),(278,8,'solution',100.00,'ml',NULL),(279,8,'solution',500.00,'ml',NULL),(280,8,'solution',1000.00,'L',NULL),(281,10,'tablet',100.00,'mg',NULL),(282,13,'syrup',5.00,'ml',NULL),(285,17,'tablet',25.00,'mg',NULL),(288,19,'syrup dry',60.00,'ml','125mg/5ml'),(289,19,'tablet',500.00,'mg',NULL),(290,502,'capsule',500.00,'mg',NULL),(291,502,'tablet',625.00,'mg',NULL),(293,24,'syrup',60.00,'ml',NULL),(294,24,'tablet',400.00,'mg',NULL),(295,28,'ampule',1.00,'ml',NULL),(296,30,'tablet',50.00,'mg',NULL),(297,31,'tablet',100.00,'mg',NULL),(298,33,'tablet',50.00,'mg',NULL),(300,34,'ampule',1.00,'ml','0.25/ml'),(301,38,'sachet',5.00,'g','5mg,250 IU'),(302,41,'drops',15.00,'ml',NULL),(303,44,'tube',30000.00,'mg',NULL),(304,48,'tablet',6.00,'mg',NULL),(305,49,'tube',5.00,'g','0.5 mg'),(306,51,'tablet',5.00,'mg',NULL),(307,52,'supository',150.00,'mg',NULL),(308,55,'tablet',8.00,'mg',NULL),(309,56,'tablet',4.00,'mg',NULL),(310,463,'inhaler',15.00,'ml','100ug/puff'),(311,62,'tablet',500.00,'mg',NULL),(312,64,'tablet',12.50,'mg',NULL),(313,64,'tablet',25.00,'mg',NULL),(315,64,'tablet',50.00,'mg',NULL),(316,65,'tablet',200.00,'mg',NULL),(317,66,'tablet',10.00,'mg',NULL),(318,66,'ampule',2.00,'ml','10mg/2ml'),(319,67,'tablet',5.00,'mg',NULL),(320,68,'capsule',500.00,'mg',NULL),(321,504,'vial',1000.00,'mg',NULL),(322,507,'capsule',250.00,'mg',NULL),(324,507,'syrup',60.00,'ml','125mg/5ml'),(325,507,'syrup',125.00,'mg',NULL),(328,507,'drops',10.00,'ml',NULL),(330,74,'tube',10.00,'g','20 mg, 25 mg'),(331,75,'spray',100.00,'ml',NULL),(332,80,'tablet',250.00,'mg',NULL),(334,82,'tablet',4.00,'mg',NULL),(335,86,'tablet',500.00,'mg',NULL),(336,88,'capsule',150.00,'mg',NULL),(338,88,'capsule',300.00,'mg',NULL),(339,89,'tube',50.00,'mg',NULL),(340,89,'tube',10.00,'g','0.05%'),(341,96,'tablet',20.00,'mg',NULL),(342,110,'ampule',1.00,'ml','5mg/ml'),(343,110,'tablet',0.50,'mg',NULL),(347,114,'ampule',2.00,'ml',NULL),(348,114,'tube',10.00,'mg',NULL),(349,114,'tablet',5.00,'mg',NULL),(352,115,'tablet',100.00,'mg',NULL),(353,117,'tablet',0.30,'mg',NULL),(354,121,'ampule',1.00,'ml','10mg/ml'),(355,121,'tablet',50.00,'mg',NULL),(356,125,'syrup',60.00,'ml','5mg/5ml'),(357,125,'tablet',10.00,'mg',NULL),(358,128,'capsule',100.00,'mg',NULL),(359,130,'tablet',25.00,'mg',NULL),(360,131,'ampule',1.00,'ml','1mg/ml'),(361,135,'syrup dry',60.00,'ml','200mg/5ml'),(365,135,'tablet',500.00,'mg',NULL),(367,137,'tablet',500.00,'mg',NULL),(368,141,'tablet',0.15,'mg',NULL),(369,144,'spray',100.00,'ml',NULL),(370,146,'tablet',10.00,'mg',NULL),(371,149,'tablet',20.00,'mg',NULL),(373,149,'tablet',40.00,'mg',NULL),(374,150,'tablet',300.00,'mg',NULL),(375,151,'tablet',200.00,'mg',NULL),(376,152,'tablet',5.00,'mg',NULL),(377,153,'capsule',150.00,'mg',NULL),(378,158,'capsule',20.00,'mg','20 mg'),(379,160,'nebulizer',2.00,'ml',NULL),(380,163,'ampule',2.00,'ml','10mg/ml'),(381,163,'tablet',40.00,'mg',NULL),(383,164,'tube',10.00,'g','10,10mg/10g'),(384,165,'ampule',2.00,'ml','40mg/ml'),(385,166,'tablet',5.00,'mg',NULL),(386,167,'solution',500.00,'ml','5%'),(387,169,'capsule',20.00,'mg',NULL),(388,170,'tablet',400.00,'mg',NULL),(389,171,'tablet',100.00,'mg',NULL),(390,174,'tablet',125.00,'mg',NULL),(391,174,'tablet',500.00,'mg',NULL),(392,175,'tablet',0.50,'mg',NULL),(393,175,'tablet',1.50,'mg',NULL),(394,178,'ampule',5.00,'ml','5000 IU/ml'),(395,182,'tablet',25.00,'mg',NULL),(397,447,'tube',5000.00,'mg',NULL),(398,185,'ampule',1.00,'ml','20mg/ml'),(399,186,'syrup',60.00,'ml','100mg/5ml'),(400,186,'tablet',200.00,'mg',NULL),(401,186,'tablet',400.00,'mg',NULL),(402,190,'solution',100.00,'ml',NULL),(403,193,'solution',5.00,'ml',NULL),(404,194,'solution',1.00,'L',NULL),(405,194,'solution',5.00,'ml',NULL),(406,194,'solution',60.00,'ml',NULL),(407,200,'tablet',100.00,'mg',NULL),(408,200,'tablet',300.00,'mg',NULL),(409,200,'tablet',400.00,'mg',NULL),(410,203,'tablet',5.00,'mg',NULL),(411,208,'tablet',200.00,'mg',NULL),(412,208,'tube',10.00,'g',NULL),(413,209,'capsule',30.00,'mg',NULL),(414,214,'tablet',100.00,'ug',NULL),(415,215,'ampule',2.00,'ml','20mg/ml'),(417,216,'tube',15000.00,'mg',NULL),(418,217,'tube',500.00,'mg',NULL),(419,218,'tablet',5.00,'mg',NULL),(422,220,'tablet',2.00,'mg',NULL),(423,221,'tablet',10.00,'mg',NULL),(425,223,'ampule',25.00,'ml','20%'),(426,226,'syrup',7.00,'ml','100mg/7ml'),(427,226,'syrup',30.00,'ml',NULL),(428,226,'tablet',100.00,'mg',NULL),(429,226,'tablet',500.00,'mg',NULL),(430,227,'vial',3.00,'ml','150mg/3ml'),(432,235,'tablet',500.00,'mg',NULL),(433,236,'tablet',500.00,'mg',NULL),(434,237,'tablet',2.50,'mg',NULL),(435,239,'tablet',4.00,'mg',NULL),(436,242,'ampule',1.00,'ml',NULL),(437,242,'tablet',0.13,'mg',NULL),(439,244,'tablet',500.00,'mg',NULL),(440,245,'tube',5.00,'g','2%'),(441,245,'tube',10.00,'g','2%'),(442,245,'tube',500.00,'mg',NULL),(443,246,'ampule',1.00,'ml',NULL),(444,246,'tablet',10.00,'mg',NULL),(445,247,'syrup',60.00,'ml',NULL),(446,248,'solution',500.00,'ml',NULL),(447,251,'tube',5.00,'ml',NULL),(448,253,'drops',2.00,'mg',NULL),(449,256,'drops',5.00,'ml',NULL),(450,256,'tube',15.00,'mg',NULL),(451,258,'tube',15.00,'g',NULL),(452,263,'tablet',10.00,'mg',NULL),(453,265,'tablet',100.00,'mg',NULL),(455,554,'tablet',500000.00,'IU',NULL),(456,554,'syrup',100000.00,'IU',NULL),(457,272,'capsule',20.00,'mg',NULL),(458,607,'tube',200.00,'mg',NULL),(459,277,'tube',3.50,'g',NULL),(460,278,'ampule',1.00,'ml',NULL),(461,279,'tablet',40.00,'mg',NULL),(462,480,'syrup',60.00,'ml','120mg/5ml'),(468,480,'tablet',500.00,'mg',NULL),(470,285,'tube',5.00,'mg',NULL),(471,288,'tablet',30.00,'mg',NULL),(472,288,'tablet',100.00,'mg',NULL),(473,290,'capsule',30.00,'mg',NULL),(476,292,'drops',5.00,'ml','20mg/ml'),(478,296,'ampule',1.00,'ml',NULL),(479,297,'drops',8.00,'ml','10000IU,5,1,40mg/ml'),(480,301,'tablet',300.00,'mg',NULL),(481,303,'solution',60.00,'ml',NULL),(482,303,'solution',1000.00,'ml',NULL),(483,307,'tablet',5.00,'mg',NULL),(485,311,'tablet',40.00,'mg',NULL),(486,313,'syrup',60.00,'ml',NULL),(487,314,'tablet',25.00,'mg',NULL),(488,315,'tablet',10.00,'mg',NULL),(489,315,'tablet',40.00,'mg',NULL),(490,567,'tablet',100.00,'mg',NULL),(491,321,'syrup',60.00,'ml','125mg/5ml'),(492,321,'tablet',125.00,'mg',NULL),(493,321,'tablet',250.00,'mg',NULL),(494,322,'tablet',40.00,'mg',NULL),(496,326,'tablet',10.00,'mg',NULL),(497,329,'ampule',2.00,'ml','250mg/ml'),(498,329,'tablet',200.00,'mg',NULL),(499,515,'ampule',25.00,'mg',NULL),(500,336,'capsule',300.00,'mg',NULL),(501,336,'tablet',450.00,'mg',NULL),(502,336,'tablet',600.00,'mg',NULL),(503,337,'tablet',450.00,'mg',NULL),(504,340,'solution',500.00,'ml',NULL),(505,341,'tablet',1.00,'mg',NULL),(506,342,'drops',60.00,'ml',NULL),(507,343,'nebulizer',2.50,'ml','2.5mg/2.5ml'),(508,343,'inhaler',0.10,'mg','.1mg/puff'),(509,343,'tablet',2.00,'mg',NULL),(510,343,'tablet',4.00,'mg',NULL),(511,343,'tablet',40.00,'mg',NULL),(512,343,'tablet',131.00,'mg',NULL),(513,344,'inhaler',10.00,'ml',NULL),(514,344,'nebulizer',2.50,'ml',NULL),(515,348,'capsule',10.00,'ml',NULL),(516,608,'tablet',10.00,'mg',NULL),(517,351,'tube',500.00,'mg',NULL),(518,353,'solution',500.00,'ml','0.9%'),(519,361,'tablet',25.00,'mg',NULL),(520,363,'vial',1.50,'g',NULL),(521,365,'tablet',500.00,'mg',NULL),(522,366,'syrup',200.00,'mg',NULL),(524,366,'tablet',480.00,'mg',NULL),(525,366,'drops',0.00,'ml',NULL),(526,371,'tablet',1.00,'mg',NULL),(527,371,'tablet',2.00,'mg',NULL),(529,375,'capsule',250.00,'mg',NULL),(530,375,'capsule',500.00,'mg',NULL),(532,376,'drops',10.00,'ml',NULL),(533,378,'tablet',10.00,'mg',NULL),(535,385,'ampule',5.00,'ml','50mg/ml'),(536,387,'syrup',60.00,'ml','40, 200mg/5ml'),(537,404,'drops',5.00,'ml',NULL),(539,2,'ampule',12.00,'mg',NULL),(540,388,'tablet',2.50,'mg',NULL),(541,388,'syrup',60.00,'ml','1.25 mg/30 mg/5 ml'),(542,228,'tablet',500.00,'mg',NULL),(544,407,'tablet',5.00,'mg',NULL),(545,408,'tablet',50.00,'mg',NULL),(546,409,'tablet',400.00,'mg',NULL),(547,410,'tablet',200.00,'mg',NULL),(548,411,'syrup dry',4.10,'g',NULL),(549,222,'tablet',200.00,'mg',NULL),(550,412,'tablet',1.00,'mg','1 mg; 130 mg'),(551,366,'tablet',960.00,'mg',NULL),(552,413,'tablet',2.00,'mg',NULL),(553,365,'tablet',NULL,NULL,NULL),(554,414,'tablet',100.00,'mg',NULL),(555,323,'tablet',40.00,'mg',NULL),(556,413,'tablet',10.00,'mg',NULL),(557,415,'tablet',700.00,'mg',NULL),(558,416,'tablet',15.00,'mg',NULL),(559,417,'tablet',500.00,'mg',NULL),(560,418,'tablet',500.00,'mg',NULL),(561,419,'tablet',500.00,'mg',NULL),(562,112,'tablet',15.00,'mg',NULL),(563,420,'ampule',0.50,'ml','50mg/10mg/0.5ml'),(564,212,'tablet',0.20,'mg','0.15 mg, 0.3 mg'),(565,397,'tablet',80.00,'mg',NULL),(566,421,'tablet',50.00,'ug',NULL),(567,291,'tablet',10.00,'mg',NULL),(568,162,'tablet',2.50,'mg','2.5 mg, 1 mg'),(569,247,'tablet',500.00,'mg',NULL),(572,424,'tablet',100.00,'mg',NULL),(573,206,'syrup',60.00,'ml','986,40mg/5ml'),(574,425,'syrup',60.00,'ml','120,50,1mg/5ml'),(575,426,'syrup',100.00,'ml','200,15,0.5,25,75/5ml'),(576,427,'syrup',60.00,'ml','325,325,50mg/5ml'),(577,428,'syrup',60.00,'ml','10,12.5mg/5ml'),(579,429,'tube',5.00,'ml','45,5,625,450,4800/5'),(582,430,'syrup',60.00,'ml','120, 2.5, 1, 15,60/5'),(583,431,'syrup',60.00,'ml','125,5,3.75, 0.5/5ml'),(584,12,'syrup',60.00,'ml','200,200,40mg/5ml'),(586,417,'syrup',60.00,'ml','130,3.5,30,.5,3.5/5'),(587,244,'syrup',60.00,'ml','125mg/5ml'),(588,433,'inhaler',100.00,'ug','100ug,50ug'),(589,433,'inhaler',250.00,'ug','250ug,50ug'),(590,434,'tablet',50.00,'mg','50mg,500mg'),(592,432,'syrup',60.00,'ml','160mg/5ml'),(593,436,'capsule',2.50,'mg','2.5mg'),(594,436,'capsule',5.00,'mg','5mg'),(595,436,'capsule',10.00,'mg','10mg'),(596,437,'tablet',100.00,'mg','100mg'),(597,438,'tablet',10.00,'mg','10mg'),(599,440,'tablet',5.00,'mg','5mg'),(600,441,'tablet',5.00,'mg','5mg,240mg'),(602,441,'tablet',2.50,'mg','2.5mg,120mg'),(604,254,'drops',5.00,'ml','3.5mg,10000IU,1mg/ml'),(606,444,'tablet',400.00,'mg','400mg'),(607,445,'tablet',262.00,'mg','262mg'),(608,446,'tube',28.00,'g','28g'),(609,447,'tube',28.00,'g','1%'),(610,432,'capsule',650.00,'mg','650mg'),(611,198,'nebulizer',2.50,'ml','0.5,2.5mg/2.5ml'),(612,448,'tablet',750.00,'mg','750mg'),(613,448,'tablet',500.00,'mg','500mg'),(615,519,'ampule',2.00,'ml','5mg/ml'),(616,282,'ampule',3.00,'g','3000000 units'),(617,449,'tablet',20.00,'mg','20mg'),(618,384,'ampule',2.00,'ml','50mg/ml'),(619,450,'tube',5.00,'g','0.1%'),(620,449,'tablet',40.00,'mg','40mg'),(621,451,'tablet',10.00,'mg','10mg'),(622,165,'ampule',0.00,'ml',NULL),(623,452,'tablet',200.00,'mg','200mg'),(624,453,'capsule',37.50,'mg','37.5mg'),(625,438,'tablet',5.00,'mg','5mg'),(626,438,'tablet',4.00,'mg','4mg'),(627,285,'tube',10.00,'g','5%'),(628,220,'capsule',2.00,'mg','2mg'),(629,454,'tube',10.00,'g','100,000U,200mg/1g'),(630,456,'ampule',2.00,'ml','20mg,0.0125mg/2ml'),(632,457,'ampule',1.00,'ml','0.2mg/ml'),(633,205,'ampule',1.00,'g','1 g'),(634,9,'solution',500.00,'ml','70%'),(635,9,'solution',1.00,'L','70%'),(636,193,'solution',1.00,'L','10%'),(637,193,'solution',59.00,'ml','10%'),(639,215,'solution',10.00,'g','2%'),(640,458,'nebulizer',2.50,'ml','0.083%'),(643,439,'tablet',100.00,'mg','100mg,12.5mg'),(644,432,'capsule',500.00,'mg','500mg'),(645,461,'nebulizer',2.50,'ml','0.02%'),(646,462,'capsule',30.00,'mg','30mg'),(648,462,'capsule',60.00,'mg','60mg'),(649,463,'spray',32.00,'ug','32ug'),(650,464,'tablet',10.00,'mg','10mg,20mg'),(652,465,'tablet',500.00,'mg','500mg'),(653,466,'tablet',10.00,'mg','10mg'),(654,467,'tablet',35.00,'mg','35mg'),(655,468,'capsule',500.00,'mg','500mg'),(656,468,'capsule',1.00,'g','1g'),(657,469,'capsule',4.00,'mg','4mg'),(658,453,'capsule',75.00,'mg','75mg'),(659,470,'tablet',500.00,'mg','500mg'),(660,471,'solution',2.90,'mg','2.85mg'),(661,471,'solution',4.60,'mg','4.6mg'),(662,472,'capsule',20.00,'mg','20mg'),(663,472,'capsule',40.00,'mg','40mg'),(664,473,'syrup',30.00,'ml','30ml'),(665,474,'spray',27.50,'ug','27.5ug'),(666,475,'tablet',25.00,'mg','25mg'),(667,209,'capsule',15.00,'mg','15mg'),(668,476,'tablet',20.00,'mg','20mg'),(670,478,'capsule',0.50,'mg','0.5mg'),(671,479,'capsule',200.00,'mg','200mg'),(673,481,'tablet',40.00,'mg','40mg'),(674,387,'tablet',80.00,'mg','80mg,400mg'),(675,482,'tablet',4.00,'mg','4mg'),(676,483,'tablet',NULL,NULL,NULL),(677,484,'tablet',50.00,'mg','50mg'),(679,485,'tablet',200.00,'mg','200mg,200IU'),(680,414,'tablet',NULL,NULL,NULL),(681,486,'tube',15.00,'g','0.025%'),(682,13,'syrup',60.00,'ml',NULL),(685,490,'capsule',500.00,'mg',NULL),(686,491,'syrup',60.00,'ml',NULL),(688,493,'tablet',500.00,'mg',NULL),(689,3,'tablet',100.00,'mg',NULL),(690,218,'tablet',10.00,'mg',NULL),(691,198,'spray',10.00,'ml',NULL),(692,495,'syrup',60.00,'ml',NULL),(693,496,'tablet',300.00,'mg',NULL),(694,497,'tablet',20.00,'mg',NULL),(695,161,'tablet',400.00,'mg',NULL),(697,400,'tablet',NULL,NULL,NULL),(698,500,'syrup',60.00,'ml',NULL),(699,114,'tablet',2.00,'mg',NULL),(701,501,'ampule',10.00,'IU','10IU/ml'),(703,503,'vial',100.00,'IU',NULL),(704,504,'vial',1.00,'g',NULL),(705,505,'tablet',10.00,'mg',NULL),(706,293,'capsule',20.00,'mg',NULL),(708,277,'tube',10.00,'mg','3.5 mg'),(710,509,'drops',10.00,'ml','36%'),(713,511,'supository',NULL,'mg','0.18 mg,20 mg'),(714,512,'tube',5.00,'g','1mg,5mg'),(716,507,'tube',5.00,'g','10 mg'),(717,513,'drops',7.50,'ml','0.05%b/v,0.01% b/v'),(718,514,'tablet',10.00,'g',NULL),(719,515,'ampule',5.00,'mg','50 mg'),(722,517,'syrup',1.00,'mg','1mg'),(723,516,'spray',5.00,'ml','5ml'),(724,68,'syrup dry',60.00,'ml','125/5 ml'),(725,519,'syrup',60.00,'ml','10 mg/5 ml'),(726,520,'tablet',2.00,'mg',NULL),(728,521,'ampule',1.00,'ml','10 mg/1ml'),(729,522,'tube',15.00,'g','0.5 %,10%'),(730,523,'syrup',10.00,'ml','10 %,90 %'),(731,524,'syrup',80.00,'ml',NULL),(732,525,'tablet',4.00,'mg',NULL),(738,526,'syrup',60.00,'ml',NULL),(739,135,'tube',20.00,'g','2 %'),(740,527,'ampule',1.00,'ml','150 mcg/ml'),(742,277,'tube',5.00,'g','3 %'),(743,528,'tablet',250.00,'mg',NULL),(744,529,'tube',80.00,'g',NULL),(745,19,'tablet',250.00,'mg',NULL),(748,182,'tablet',50.00,'mg',NULL),(749,530,'tablet',250.00,'mg',NULL),(750,531,'capsule',25.00,'mg',NULL),(751,532,'tablet',300.00,'mg',NULL),(752,384,'capsule',50.00,'mg',NULL),(753,22,'vial',1.00,'g',NULL),(754,299,'vial',10.00,'ml','10%'),(755,371,'capsule',5.00,'mg',NULL),(756,219,'tablet',300.00,'mg',NULL),(757,387,'tablet',480.00,'mg','80mg, 400mg'),(758,535,'syrup',60.00,'mg','8mg,50mg,200mg,2.5mg'),(759,536,'tablet',NULL,NULL,NULL),(760,537,'tablet',200.00,'mg',NULL),(761,489,'tablet',200.00,'mg',NULL),(762,538,'tablet',90.00,'mg',NULL),(763,307,'tablet',10.00,'mg',NULL),(764,163,'tablet',80.00,'mg',NULL),(765,539,'tablet',10.00,'mg',NULL),(766,540,'tablet',450.00,'mg',NULL),(767,541,'tablet',20.00,'mg',NULL),(768,542,'tablet',NULL,NULL,'500mg,50mg,2mg,8mg'),(770,543,'syrup',60.00,'ml','500mg/5ml'),(771,515,'tablet',150.00,'mg',NULL),(772,9,'solution',300.00,'ml','70%'),(773,442,'nebulizer',2.00,'ml','0.5mg'),(774,447,'tube',5.00,'g','2,5%'),(775,545,'ampule',1500.00,'IU','1 ml'),(776,546,'tube',5.00,'g',NULL),(778,86,'solution',5.00,'ml',NULL),(779,548,'tablet',960.00,'mg',NULL),(780,22,'tablet',500.00,'mg',NULL),(781,548,'syrup',60.00,'ml','40 mg;200 mg'),(782,548,'tablet',480.00,'mg',NULL),(783,175,'tablet',5.00,'mg',NULL),(784,150,'tablet',200.00,'mg',NULL),(786,549,'tablet',50.00,'ug',NULL),(787,68,'syrup dry',125.00,'mg','/5 ml'),(789,553,'syrup',50.00,'ml',NULL),(790,554,'supository',100000.00,'IU','100.000 UI'),(792,555,'tablet',200.00,'mg',NULL),(794,34,'solution',5.00,'ml','1%'),(796,557,'tablet',500.00,'mg',NULL),(797,558,'tablet',500.00,'mg',NULL),(798,559,'tablet',NULL,'mg',NULL),(799,560,'tablet',30.00,'mg',NULL),(800,511,'tube',15.00,'g',NULL),(801,505,'tablet',5.00,'mg',NULL),(802,114,'tube',5.00,'mg',NULL),(803,561,'tablet',5.00,'mg',NULL),(804,555,'ampule',24.00,'mg',NULL),(805,562,'tablet',200.00,'mg',NULL),(806,563,'solution',125.00,'mg',NULL),(807,489,'tablet',400.00,'mg',NULL),(808,507,'tube',3.50,'g','1%'),(809,564,'drops',5.00,'ml','3.0mg'),(810,565,'ampule',NULL,NULL,NULL),(811,566,'capsule',10.00,'mg',NULL),(812,519,'tablet',10.00,'mg',NULL),(814,568,'tube',10.00,'g','5 %'),(815,384,'tablet',50.00,'mg',NULL),(816,571,'syrup',60.00,'ml',NULL),(818,235,'ampule',NULL,NULL,NULL),(819,125,'syrup',30.00,'ml','5 mg/5 ml'),(820,321,'syrup',10.00,'ml',NULL),(821,507,'syrup',5.00,'ml','125mg'),(822,572,'tablet',NULL,NULL,NULL),(824,574,'tube',15.00,'g','2%'),(825,507,'tube',10.00,'g','2%'),(826,517,'capsule',10.00,'mg',NULL),(827,575,'ampule',2.00,'ml','4 mg'),(828,576,'solution',60.00,'ml',NULL),(829,13,'tablet',30.00,'mg',NULL),(830,577,'vial',5.00,'g',NULL),(831,497,'tablet',10.00,'mg',NULL),(832,578,'solution',5.00,'ml',NULL),(833,579,'solution',300.00,'ml',NULL),(834,577,'tube',5.00,'g',NULL),(835,12,'tablet',400.00,'mg',NULL),(836,580,'solution',15.00,'ml',NULL),(837,581,'tablet',20.00,'mg',NULL),(839,564,'tablet',400.00,'mg',NULL),(840,538,'tablet',30.00,'mg',NULL),(841,583,'solution',10.00,'ml','36%'),(842,308,'tablet',15.00,'mg',NULL),(843,291,'ampule',10.00,'mg',NULL),(845,585,'tube',20.00,'g',NULL),(847,586,'capsule',100.00,'mg',NULL),(848,587,'inhaler',NULL,NULL,NULL),(849,589,'tablet',500.00,'mg',NULL),(850,590,'tablet',50.00,'mg',NULL),(851,345,'powder',100.00,'g','0.02%'),(852,542,'tablet',500.00,'mg','100 mg, 8 mg, 2 mg'),(853,591,'tablet',2.00,'mg',NULL),(854,556,'tablet',8.00,'mg',NULL),(855,593,'capsule',100.00,'mg',NULL),(857,117,'tablet',0.25,'mg',NULL),(858,558,'tablet',10.00,'mg',NULL),(859,595,'tablet',50.00,'mg',NULL),(860,596,'tablet',5.00,'mg',NULL),(861,597,'tablet',5.00,'mg',NULL),(862,598,'tablet',50.00,'mg',NULL),(863,599,'tablet',25.00,'mg',NULL),(864,600,'capsule',NULL,NULL,NULL),(866,601,'capsule',NULL,NULL,NULL),(867,603,'tablet',NULL,NULL,NULL),(868,604,'tablet',NULL,NULL,NULL),(869,605,'tablet',NULL,NULL,NULL),(870,606,'tablet',10.00,'mg',NULL),(871,607,'sachet',200.00,'mg',NULL),(872,608,'tablet',20.00,'mg',NULL),(873,561,'tablet',10.00,'mg',NULL),(874,609,'capsule',300.00,'mg',NULL),(875,299,'tablet',600.00,'mg',NULL),(876,610,'tablet',50.00,'mg',NULL),(877,575,'tablet',4.00,'mg',NULL),(878,290,'capsule',100.00,'mg',NULL),(879,611,'tablet',10.00,'mg',NULL),(880,612,'tablet',625.00,'mg',NULL),(881,593,'capsule',200.00,'mg',NULL),(882,614,'tablet',NULL,'mg',NULL),(883,616,'syrup',60.00,'ml','120 mg; 25 mg; 1 mg'),(884,617,'syrup',60.00,'ml','1,25; 30'),(885,613,'syrup',60.00,'ml','120; 50; 4; 1; 2%'),(886,618,'syrup',60.00,'ml','120 mg; 25 mg; 1 mg;'),(887,639,'syrup',60.00,'ml','250mg; 50mg; 7,5mg; '),(888,620,'capsule',500.00,'mg',NULL),(889,621,'solution',60.00,'ml',NULL),(891,622,'solution',60.00,'ml','5%, 10%, 2%'),(893,623,'tube',5.00,'g',NULL),(894,624,'tube',15.00,'g',NULL),(895,625,'inhaler',10.00,'ml',NULL),(896,626,'inhaler',10.00,'ml',NULL),(897,627,'drops',5.00,'mg',NULL),(898,628,'drops',5.00,'ml',NULL),(899,629,'drops',5.00,'mg',NULL),(900,382,'drops',5.00,'ml',NULL),(901,630,'drops',10.00,'ml',NULL),(902,86,'drops',3.00,'mg',NULL),(903,632,'nebulizer',0.00,'mg',NULL),(904,634,'tablet',NULL,NULL,NULL),(905,635,'tablet',500.00,'mg',NULL),(906,636,'tablet',500.00,'mg',NULL),(907,637,'supository',0.00,'mg',NULL),(908,638,'tablet',10.00,'mg',NULL),(909,33,'tablet',100.00,'mg',NULL),(910,491,'tablet',500.00,'mg',NULL),(911,591,'tablet',4.00,'mg',NULL),(912,640,'tube',8.00,'ml',NULL),(913,134,'tablet',1.00,'mg',NULL),(914,641,'tablet',1.00,'mg',NULL),(915,361,'tablet',100.00,'mg',NULL),(916,89,'tube',5.00,'g',NULL),(918,642,'syrup',NULL,NULL,NULL),(919,687,'syrup',60.00,'ml',NULL),(920,644,'tablet',8.00,'mg',NULL),(921,645,'spray',15.00,'ml',NULL),(922,646,'tablet',500.00,'mg',NULL),(923,647,'solution',10.00,'ml',NULL),(924,575,'ampule',8.00,'mg',NULL),(925,575,'ampule',4.00,'mg',NULL),(926,61,'ampule',100.00,'mg',NULL),(927,648,'ampule',20.00,'mg',NULL),(928,291,'ampule',2.00,'mg',NULL),(929,414,'ampule',5000.00,'mg',NULL),(930,290,'ampule',100.00,'mg',NULL),(931,126,'ampule',20.00,'mg',NULL),(932,244,'ampule',100.00,'ml',NULL),(933,167,'ampule',25.00,'ml',NULL),(934,649,'solution',5.00,'mg',NULL),(935,650,'tube',3.00,'g',NULL),(936,374,'drops',5.00,NULL,'2%'),(937,385,'tablet',500.00,'mg',NULL),(938,651,'tube',5.00,'g',NULL),(939,652,'tablet',125.00,'mg',NULL),(940,653,'tablet',NULL,NULL,NULL),(941,593,'syrup dry',30.00,'ml','100 mg/5 ml'),(943,206,'tablet',NULL,'mg',NULL),(944,621,'powder',1.00,'mg',NULL),(945,539,'tube',5.00,'g','(harus dilengkapi)'),(946,613,'tablet',NULL,NULL,NULL),(947,221,'syrup',60.00,'ml','5mg/ml'),(948,517,'syrup',60.00,'ml','5mg/ml'),(949,654,'syrup',60.00,'ml',NULL),(950,543,'syrup',100.00,'ml','500ml/5ml'),(951,343,'syrup',100.00,'ml','2mg/5ml'),(952,617,'tablet',NULL,'mg','62,5'),(953,655,'tablet',62.50,'mg',NULL),(954,613,'tablet',700.00,'mg',NULL),(955,656,'syrup',60.00,'ml',NULL),(956,639,'tablet',NULL,NULL,NULL),(957,564,'drops',NULL,NULL,NULL),(959,658,'syrup',NULL,NULL,NULL),(960,659,'tube',NULL,NULL,NULL),(961,660,'tablet',NULL,NULL,NULL),(963,662,'drops',NULL,NULL,NULL),(964,663,'syrup',NULL,NULL,NULL),(965,543,'tablet',500.00,'mg',NULL),(967,667,'syrup',NULL,'ml',NULL),(968,668,'syrup',NULL,'ml',NULL),(969,669,'syrup',60.00,'ml',NULL),(970,670,'tube',NULL,NULL,NULL),(971,671,'tube',NULL,NULL,NULL),(972,672,'tablet',NULL,NULL,NULL),(973,673,'syrup',NULL,NULL,NULL),(974,674,'syrup',NULL,NULL,NULL),(975,235,'tablet',850.00,'mg',NULL),(976,601,'tablet',NULL,NULL,NULL),(977,675,'tablet',NULL,NULL,NULL),(978,421,'tablet',25.00,'ug',NULL),(979,549,'tablet',25.00,'ug',NULL),(980,676,'capsule',NULL,NULL,NULL),(981,677,'capsule',NULL,NULL,NULL),(982,406,'tablet',500.00,'mg',NULL),(983,679,'tablet',8.00,'mg',NULL),(984,680,'tablet',5.00,'mg',NULL),(985,679,'tablet',16.00,'mg',NULL),(986,681,'tablet',75.00,'mg',NULL),(987,690,'tablet',NULL,NULL,NULL),(988,683,'tablet',50.00,'mg',NULL),(989,684,'capsule',300.00,'mg',NULL),(990,685,'tablet',NULL,NULL,NULL),(991,686,'tablet',NULL,NULL,NULL),(992,688,'syrup',60.00,'ml',NULL),(993,689,'syrup',100.00,'ml',NULL),(994,690,'syrup',60.00,'ml',NULL),(996,581,'syrup',60.00,'ml','20mg/5ml'),(997,691,'syrup',300.00,'ml',NULL),(998,692,'powder',5.00,'g',NULL),(999,165,'tube',3.50,'g',NULL),(1000,165,'tube',15.00,'g',NULL),(1001,408,'tube',NULL,NULL,NULL),(1002,285,'tube',30.00,'g',NULL),(1003,693,'tube',15.00,'g',NULL),(1004,349,'tube',35.00,'g',NULL),(1005,480,'supository',250.00,'mg',NULL),(1006,480,'supository',125.00,'mg',NULL),(1007,694,'solution',3.00,'ml','100 unit/ml'),(1008,190,'solution',3.00,'ml','100 unit/ml'),(1009,695,'solution',3.00,'ml','100 unit/ml'),(1010,696,'solution',3.00,'ml','100 unit/ml'),(1011,697,'ampule',1.00,'ml','30 mg/ml'),(1012,698,'ampule',5.00,'ml','1 gr/5ml'),(1013,699,'solution',500.00,'ml',NULL),(1014,700,'solution',25.00,'ml',NULL),(1015,701,'capsule',NULL,NULL,NULL),(1017,701,'capsule',500.00,'mg',NULL),(1018,165,'drops',5.00,'ml','0.3%'),(1020,702,'tablet',50.00,'mg',NULL),(1021,703,'supository',NULL,NULL,NULL),(1022,680,'tablet',1.00,'mg',NULL),(1023,680,'tablet',1.25,'mg',NULL),(1024,702,'tablet',100.00,'mg',NULL),(1025,680,'tablet',2.50,'mg',NULL),(1026,591,'tablet',1.00,'mg',NULL),(1027,705,'syrup',60.00,'ml',NULL),(1028,165,'tube',5.00,'g','0.1%'),(1029,706,'tablet',20.00,'mg',NULL),(1030,707,'syrup',60.00,'ml',NULL),(1031,708,'tablet',NULL,'mg',NULL),(1032,690,'syrup',100.00,'ml',NULL),(1033,485,'tablet',500.00,'mg',NULL),(1034,710,'tablet',NULL,NULL,NULL),(1036,558,'tablet',15.00,'mg',NULL),(1037,711,'tablet',NULL,NULL,NULL),(1038,161,'tablet',0.40,'mg',NULL),(1039,714,'tablet',4.00,'mg',NULL),(1040,715,'tablet',50.00,'mg',NULL),(1041,716,'tablet',500.00,'mg',NULL),(1042,717,'tablet',0.50,'mg',NULL),(1043,718,'drops',5.00,'ml',NULL),(1046,719,'syrup',60.00,NULL,NULL),(1048,690,'syrup',NULL,NULL,NULL),(1049,13,'syrup',NULL,NULL,NULL),(1050,716,'tablet',NULL,NULL,NULL),(1051,720,'tablet',NULL,NULL,NULL),(1052,560,'syrup',60.00,'ml',NULL);

DROP TABLE IF EXISTS `drugDispense`;

CREATE TABLE `drugDispense` (
  `id` int(11) NOT NULL AUTO_INCREMENT,
  `drugID` int(11) NOT NULL,
  `numberTot` int(11) DEFAULT NULL,
  `date` date NOT NULL,
  `dosage` varchar(100) COLLATE utf8_bin DEFAULT NULL,
  `patientID` int(11) NOT NULL,
  `docID` int(11) NOT NULL,
  PRIMARY KEY (`id`),
  KEY `drugID` (`drugID`),
  KEY `patientID` (`patientID`),
  KEY `docID` (`docID`),
  CONSTRAINT `drugDispense_ibfk_1` FOREIGN KEY (`patientID`) REFERENCES `patient` (`id`),
  CONSTRAINT `drugDispense_ibfk_2` FOREIGN KEY (`drugID`) REFERENCES `drug` (`id`),
  CONSTRAINT `drugDispense_ibfk_3` FOREIGN KEY (`docID`) REFERENCES `doc` (`id`)
) ENGINE=InnoDB AUTO_INCREMENT=2 DEFAULT CHARSET=utf8 COLLATE=utf8_bin;

INSERT INTO `drugDispense` VALUES (1,1040,50,'2021-01-23','one per day',1,1);

DROP TABLE IF EXISTS `drugGeneric`;

CREATE TABLE `drugGeneric` (
  `id` int(11) NOT NULL AUTO_INCREMENT,
  `nameEng` varchar(100) CHARACTER SET utf8 NOT NULL,
  `nameInd` varchar(100) COLLATE utf8_bin DEFAULT NULL,
  `class` varchar(100) COLLATE utf8_bin DEFAULT NULL,
  PRIMARY KEY (`id`),
  UNIQUE KEY `nameEng` (`nameEng`)
) ENGINE=InnoDB AUTO_INCREMENT=721 DEFAULT CHARSET=utf8 COLLATE=utf8_bin;

INSERT INTO `drugGeneric` VALUES (1,'Acetazolamide',NULL,'opthalmological'),(2,'Acetylcysteine',NULL,'antidote'),(3,'Acetylsalicylic acid','Asam asetilsalisilat; acetosal','analgesic, antimigraine, cardiovascular'),(5,'Activated charcoal',NULL,'antidote'),(6,'Adrenaline',NULL,'anaesthetic'),(8,'Alcuronium chloride',NULL,'muscle relaxant'),(9,'Alcohol  ','Alkohol','antiseptic'),(10,'Allopurinol','Allopurinol','analgesic'),(11,'Aluminium diacetate',NULL,'dermatological'),(12,'Aluminium hydroxide plus magnesium hydroxide plus dimethicone','Aluminum hydroxide plus magnesium hydroxide plus dimethicone','gastrointestinal'),(13,'Ambroxol',NULL,'respiratory effect'),(14,'Amidotrizoate',NULL,'diagnostic'),(15,'Amiloride',NULL,'diuretic'),(16,'Aminophylline',NULL,'respiratory effect'),(17,'Amitriptyline','Amitriptyline','psychotherapeutic'),(19,'Amoxicillin','Amoxicillin','antibacterial'),(21,'Amphotericin B',NULL,'antifungal'),(22,'Ampicillin',NULL,'antibacterial'),(23,'Anhydrous glucose',NULL,'gastrointestinal'),(24,'Antacid',NULL,'gastrointestinal'),(25,'Anti-D immunoglobulin',NULL,'immunological'),(26,'Antitetanus immunoglobulin',NULL,'immunological'),(27,'Antivenom serum',NULL,'immunological'),(28,'Artemether',NULL,'antiprotozoal'),(29,'Artesunate',NULL,'antiprotozoal'),(30,'Artesunate plus amodiaquine',NULL,'antiprotozoal'),(31,'Ascorbic acid',NULL,'vitamin'),(32,'Asparaginase',NULL,'palliative'),(33,'Atenolol','Atenolol','cardiovascular'),(34,'Atropine','Atropin sulfas','anaesthetic, antidote, aastroint, opthal'),(36,'Azathioprine',NULL,'analgesic, palliative'),(37,'Barium sulfate',NULL,'diagnostic'),(38,'Bacitracin plus  polimyxin B','Basitrasin plus polymyxin B','antibacterial'),(39,'BCG',NULL,'immunological'),(40,'Beclometasone',NULL,'respiratory effect'),(41,'Benzalkonium',NULL,'opthalmological'),(42,'Benzathine benzylpenicillin',NULL,'antibacterial'),(43,'Benznidazole',NULL,'antiprotozoal'),(44,'Benzoic acid plus salicylic acid',NULL,'dermatological'),(45,'Benzoyl peroxide',NULL,'dermatological'),(46,'Benzyl benzoate',NULL,'dermatological'),(47,'Benzylpenicillin',NULL,'antibacterial'),(48,'Betahistine mesilate','Betahistine mesilate','vertigo'),(49,'Betamethasone','Betamethasone dipropionate','dermatological'),(50,'Biperiden',NULL,'antiparkinsonism'),(51,'Bisacodyl','Bisacodyl','laxative'),(52,'Bismuth subgalate - hexaclorophen',NULL,'gastrointestinal'),(53,'Black liquid for coughing ',NULL,'respiratory effect'),(54,'Bleomycin',NULL,'palliative'),(55,'Bromhexine HCL plus GG','Bromhexine plus gliseril guaiacolat','respiratory effect'),(56,'Bronchosal',NULL,'respiratory effect'),(58,'Bupivacaine',NULL,'anaesthetic'),(59,'Calamine lotion',NULL,'dermatological'),(60,'Calcium folinate',NULL,'palliative'),(61,'Calcium gluconate',NULL,'antidote, vitamin'),(62,'Calcium lactat',NULL,'vitamin'),(63,'Calortusine',NULL,'[null]'),(64,'Captopril','Captopril','cardiovascular, cardiovascular'),(65,'Carbamazepine','Carbamazepine','anticonvulsant, psychotherapeutic'),(66,'Carbazochrome sodium sulfonate','Carbazochrome','cardiovascular'),(67,'Carbimazole HAPUS',NULL,'endocrine effect'),(68,'Cefadroxil','Cefadroxil','antibacterial'),(69,'Ceftazidime',NULL,'antibacterial'),(71,'Chloral hydrate',NULL,'anaesthetic'),(72,'Chlorambucil',NULL,'palliative'),(74,'Chloramphenicol plus Hydrocortisone','Kloramfenikol plus hidrokortison','dermatological'),(75,'Chlorethyl',NULL,'anaesthetic'),(76,'Chlorhexidine',NULL,'antiseptic'),(77,'Chlorine base compound',NULL,'antiseptic'),(78,'Chlormethine',NULL,'palliative'),(79,'Chloroquin',NULL,'antiprotozoal'),(80,'Chloroquine','Klorokuin','analgesic, antiprotozoal'),(81,'Chloroxylenol',NULL,'antiseptic'),(82,'Chlorphenamine','Chlorpheniramini maleas','antiallergic'),(83,'Chlorpromazine',NULL,'psychotherapeutic'),(84,'Ciclosporin',NULL,'palliative'),(85,'Cimetidine',NULL,'gastrointestinal'),(86,'Ciprofloxacin','Ciprofloxacin','antibacterial'),(87,'Cisplatin',NULL,'palliative'),(88,'Clindamycin','Clindamycin','antibacterial'),(89,'Clobetasol Proprionate','Clobetasol proprionate','dermatological'),(90,'Clofazimine',NULL,'antibacterial'),(91,'Clomifene',NULL,'endocrine effect'),(92,'Clomipramine',NULL,'psychotherapeutic'),(93,'Clonazepam',NULL,'anticonvulsant'),(94,'Cloxacillin',NULL,'antibacterial'),(95,'Coal tar',NULL,'dermatological'),(96,'Codeine',NULL,'analgesic, gastrointestinal'),(97,'Colchicine',NULL,'analgesic'),(98,'Condoms with or without spermicide',NULL,'endocrine effect'),(99,'Copper-containing device',NULL,'endocrine effect'),(100,'Cromoglicic acid',NULL,'respiratory effect'),(101,'Cyclophosphamide',NULL,'analgesic, palliative'),(102,'Cytarabine',NULL,'palliative'),(103,'Dacarbazine',NULL,'palliative'),(104,'Dactinomycin',NULL,'palliative'),(105,'Dapsone',NULL,'antibacterial'),(106,'Daunorubicin',NULL,'palliative'),(107,'Deferoxamine',NULL,'antidote'),(108,'Desmopressin',NULL,'blood effect'),(109,'Dexamathasone + neomycin + polymixyn',NULL,'opthalmological'),(110,'Dexamethasone','Dexamethasone','antiallergic, endocrine effect'),(111,'Dextran 70',NULL,'blood product'),(112,'Dextromethorphan','Dextromethorphan','respiratory effect'),(113,'Diaphragms with spermicide',NULL,'endocrine effect'),(114,'Diazepam','Diazepam','anaesthetic, anticonvulsant, psychotherapeutic'),(115,'Diethylcarbamazine','Dietilkarbamasina','anthelmitic'),(116,'Diethyltoluamide',NULL,'insect repellent'),(117,'Digoxin','Digoksin','cardiovascular'),(118,'Diloxanide',NULL,'antiprotozoal'),(119,'Dimercaprol',NULL,'antidote'),(120,'Di-methionine',NULL,'antidote'),(121,'Diphenhydramine','Difenhidramin','antiallergic'),(122,'Diphtheria',NULL,'immunological'),(123,'Diphtheria antitoxin',NULL,'immunological'),(124,'Dithranol',NULL,'dermatological'),(125,'Domperidone','Domperidone','anti-emetic'),(126,'Dopamine',NULL,'cardiovascular'),(127,'Doxorubicin',NULL,'palliative'),(128,'Doxycycline',NULL,'antibacterial, antiprotozoal'),(129,'Eflornithine',NULL,'antiprotozoal'),(130,'Ephedrine','Efedrina','respiratory effect'),(131,'Epinephrine','Epinefrin','antiallergic, cardiovascular, opthal, respiratory'),(132,'Ergocalciferol',NULL,'vitamin'),(133,'Ergometrine',NULL,'oxytocic'),(134,'Ergotamine',NULL,'antimigraine'),(135,'Erythromycin','Eritromisina plus eritromisin','antibacterial'),(136,'Etanol',NULL,'antiseptic'),(137,'Ethambutol','Etambutol','antibacterial'),(138,'Ethanol',NULL,'antiseptic'),(139,'Ether',NULL,'anaesthetic'),(140,'Ethinylestradiol',NULL,'endocrine effect'),(141,'Ethinylestradiol plus levonorgestrel',NULL,'endocrine effect'),(142,'Ethinylestradiol plus norethisterone',NULL,'endocrine effect'),(143,'Ethosuximide',NULL,'anticonvulsant'),(144,'Ethyl chloride',NULL,'anaesthetic'),(145,'Etoposide',NULL,'palliative'),(146,'Extract belladona',NULL,'muscle relaxant'),(147,'Factor IX complex concentrate',NULL,'blood product'),(148,'Factor VIII concentrate',NULL,'blood product'),(149,'Famotidine','Famotidine','gastrointestinal'),(150,'Ferrous sulphate','Ferrous sulphate','blood effect'),(151,'Ferrous salt plus Folic acid','Exsiccated ferrous sulfate','blood effect'),(152,'Finasteride','Finasteride','palliative'),(153,'Fluconazole','Fluconazole','antifungal'),(154,'Flucytosine',NULL,'antifungal'),(155,'Fludrocortisone',NULL,'endocrine effect'),(156,'Fluorescein',NULL,'diagnostic'),(157,'Fluorouracil',NULL,'palliative, dermatological'),(158,'Fluoxetine HCl','Fluoxetine','psychotherapeutic'),(159,'Fluphenazine decanoate',NULL,'psychotherapeutic'),(160,'Fluticasone',NULL,'respiratory effect'),(161,'Folic acid',NULL,'blood effect'),(162,'Fradiomycin plus Gramicidin','Fradiomycin plus gramicidin','antibacterial'),(163,'Furosemide','Furosemida','diuretic'),(164,'Gammexane plus Usnic acid','Gamexane plus usnic','dermatological'),(165,'Gentamicin','Gentamycin','antibacterial, opthalmological'),(166,'Glibenclamide','Glibenclamide','endocrine effect'),(167,'Glucose','Glukosa','electrolyte'),(168,'Glucose with sodium chloride',NULL,'electrolyte'),(169,'Glucotest onemed',NULL,'diagnostic'),(170,'Glutaral',NULL,'antiseptic'),(171,'Glyceryl Guaiacolate',NULL,'respiratory effect'),(172,'Glyceryl trinitrate',NULL,'cardiovascular'),(173,'Grantusiff',NULL,'[null]'),(174,'Griseofulvin','Griseofulvin','antifungal'),(175,'Haloperidol','Haloperidol','psychotherapeutic'),(176,'Halothane',NULL,'anaesthetic'),(178,'Heparin Sodium',NULL,'[null]'),(179,'Hepatitis B',NULL,'immunological'),(180,'Hufavicee ',NULL,'vitamin'),(181,'Hydralazine',NULL,'cardiovascular'),(182,'Hydrochlorothiazide','Hydrochlorothiazide','cardiovascular, cardiovascular, diuretic'),(184,'Hydroxocobalamin',NULL,'blood effect'),(185,'Hyoscyamine','Hyoscine-N-butylbromide','antispasmodics'),(186,'Ibuprofen','Ibuprofen','analgesic'),(187,'Idoxuridine',NULL,'opthalmological'),(188,'Imipenem plus cilastatin',NULL,'antibacterial'),(189,'Influenza',NULL,'immunological'),(190,'Insulin aspart',NULL,'endocrine effect'),(191,'Intermediate-acting insulin',NULL,'endocrine effect'),(192,'Intraperitoneal dialysis solution',NULL,'peritoneal dialysis'),(193,'Providone iodine','Providone iodine','antiseptic'),(194,'Iodine Povidone',NULL,'antiseptic'),(195,'Iohexol',NULL,'diagnostic'),(196,'Iopanoic acid',NULL,'diagnostic'),(197,'Ipecacuanha',NULL,'antidote'),(198,'Ipratropium Bromide plus Salbutamol Sulphate','Ipratropium bromide plus salbutamol sulphate','respiratory effect'),(199,'Iron dextran',NULL,'blood effect'),(200,'Isoniazid','Isoniazida','antibacterial'),(201,'Isoniazid plus ethambutol ',NULL,'antibacterial'),(202,'Isoprenaline',NULL,'cardiovascular'),(203,'Isosorbide Dinitrate','Isosorbid dinitrat','cardiovascular'),(204,'Ivermectin',NULL,'anthelmitic'),(205,'Kanamycin','Kanamycin','antibacterial'),(206,'Kaolin plus Pectin','Kaolin plus pektin','gastrointestinal'),(207,'Ketamine',NULL,'anaesthetic'),(208,'Ketokonazole','Ketoconazolum','antifungal'),(209,'Lansoprazole','Lansaprazole','gastrointestinal'),(210,'Levamisole',NULL,'anthelmitic, palliative'),(211,'Levodopa plus carbidopa',NULL,'antiparkinsonism'),(212,'Levonorgestrel plus Etinilestradiol','Levonorgestrol plus etinilestradiol','endocrine effect'),(214,'Levothyroxine','Natrium levotiroksin','endocrine effect'),(215,'Lidocaine','Lidocain','anaesthetic, cardiovascular'),(216,'Lidocaine plus hydrocortisone',NULL,'gastrointestinal'),(217,'Lindane',NULL,'dermatological'),(218,'Lisinopril','Lisinopril','cardiovascular'),(219,'Lithium carbonate',NULL,'psychotherapeutic'),(220,'Loperamide','Loperamid HCL','gastrointestinal'),(221,'Loratadine','Loratadine','antiallergic'),(222,'Magnesium hydroxide','Magnesium hidroksida','gastrointestinal'),(223,'Magnesium sulfate','Magnesium sulfate','anticonvulsant'),(224,'Mannitol',NULL,'diuretic'),(225,'Measles',NULL,'immunological'),(226,'Mebendazole','Mebendazole','anthelmitic'),(227,'Medroxyprogesterone acetate','Medroxyprogesterone acetate','endocrine effect plus endocrine effect'),(228,'Mefenamic Acid',NULL,'analgesic'),(229,'Mefloquine',NULL,'antiprotozoal, antiprotozoal'),(230,'Meglumine antimoniate',NULL,'antiprotozoal'),(231,'Meglumine iotroxate',NULL,'diagnostic'),(232,'Melarsoprol',NULL,'antiprotozoal'),(233,'Meningitis',NULL,'immunological'),(234,'Mercaptopurine',NULL,'palliative'),(235,'Metformin','Metformin','endocrine effect'),(236,'Methampyrone','Methampyronum','analgesic'),(237,'Methotrexate','Methotrexate','immunological'),(239,'Methylprednisolon',NULL,'muscle relaxant'),(240,'Methylrosanilinium chloride',NULL,'dermatological'),(241,'Methylthioninium chloride',NULL,'antidote'),(242,'Methylergometrine','Methylergometrine','oxytocic'),(244,'Metronidazole','Metronidazole','antibacterial ,antiprotozoal'),(245,'Miconazole','Miconazole','dermatological'),(246,'Morphine',NULL,'anaesthetic, analgesic'),(247,'Multivitamin','Penambah darah plus omega 3','vitamin'),(248,'NaCl',NULL,'electrolyte'),(249,'Nalidixic acid',NULL,'antibacterial'),(250,'Naloxone',NULL,'antidote'),(251,'Natrium lauryl sulfat',NULL,'[null]'),(253,'Natrium Tetraborat ',NULL,'[null]'),(254,'Neomycin sulfate plus Polymyxin B Sulfate plus Dexamethasone','Neomycin sulfate plus polymyxin B sulfate plus dexamethasone','opthalmological'),(255,'Neomycin plus betamethason',NULL,'dermatological'),(256,'Neomycin plus placenta extract',NULL,'dermatological'),(257,'Neomycin sulfate plus bacitracin ',NULL,'dermatological'),(258,'Neomycin sulphate + bioplacenton',NULL,'dermatological'),(259,'Neostigmine',NULL,'muscle relaxant'),(260,'Nevirapine',NULL,'antiviral'),(261,'Niclosamide',NULL,'anthelmitic'),(262,'Nicotinamide',NULL,'vitamin'),(263,'Nifedipine','Nifedipine','cardiovascular'),(264,'Nifurtimox',NULL,'antiprotozoal'),(265,'Nitrofurantoin',NULL,'antibacterial'),(266,'Nitrous oxide',NULL,'anaesthetic'),(267,'Norethisterone',NULL,'endocrine effect'),(268,'Norethisterone enantate',NULL,'endocrine effect'),(269,'Normal immunoglobulin',NULL,'immunological'),(271,'OAT Kategori I Dewasa',NULL,'antibacterial'),(272,'Omeprazole','Omeprazole','gastrointestinal'),(274,'Oral rehydration salts',NULL,'gastrointestinal, electrolyte'),(275,'Oxamniquine',NULL,'anthelmitic'),(276,'Oxygen',NULL,'anaesthetic'),(277,'Oxytetracyclin',NULL,'antibacterial'),(278,'Oxytocin',NULL,'oxytocic'),(279,'Papaverine','Papaverini','gastrointestinal'),(281,'Penicillamine',NULL,'analgesic, antidote'),(282,'Penicillin','Penicillin','antibacterial'),(283,'Pentamidine',NULL,'antiprotozoal'),(285,'Permethrin',NULL,'dermatological'),(286,'Pertussis',NULL,'immunological'),(287,'Pethidine',NULL,'analgesic'),(288,'Phenobarbital','Fenobarbital','anticonvulsant'),(289,'Phenoxymethylpenicillin',NULL,'antibacterial'),(290,'Phenytoin','Phenytoin','anticonvulsant'),(291,'Phytomenadione',NULL,'blood effect'),(292,'Pilocarpine','Pilocarpine','opthalmological'),(293,'Piroxicam',NULL,'anthelmitic'),(294,'Podophyllum resin',NULL,'dermatological'),(295,'Poliomyelitis',NULL,'immunological'),(296,'Polygeline',NULL,'blood product'),(297,'Polymyxin B sulfate plus Neomycin sulfate plus Fludrocortisone acetate plus Lidocaine','Polymyxin B sulfate plus neomycin sulfate plus fludrocortisone acetate plus lidocaine','antibacterial'),(298,'Polyvidone iodine',NULL,'antiseptic'),(299,'Potassium chloride','Potassium chloride','electrolyte'),(300,'Potassium iodide',NULL,'antifungal, endocrine effect'),(301,'Potassium L-aspartate',NULL,'electrolyte'),(303,'Povidine iodine',NULL,'antiseptic'),(304,'Praziquantel',NULL,'anthelmitic, anthelmitic'),(305,'Prazosin',NULL,'cardiovascular'),(306,'Prednisolone',NULL,'antiallergic, palliative, endocrine effect, opthal'),(307,'Prednisone','Prednisone','endocrine effect'),(308,'Primaquine',NULL,'antiprotozoal'),(309,'Procainamide',NULL,'cardiovascular'),(310,'Procaine benzylpenicillin',NULL,'antibacterial'),(311,'Procarbazine',NULL,'palliative'),(312,'Proguanil',NULL,'antiprotozoal'),(313,'Prometazine',NULL,'gastrointestinal'),(314,'Promethazine',NULL,'anaesthetic, gastrointestinal'),(315,'Propranolol','Propranolol','antimigraine, cardiovascular'),(316,'Propyliodone',NULL,'diagnostic'),(319,'Protamine sulfate',NULL,'blood effect'),(320,'Prussian blue',NULL,'antidote'),(321,'Pyrantel','Pirantel pamoat','anthelmitic'),(322,'Pyrathiazine',NULL,'gastrointestinal'),(323,'Pyrathiazine plus vit B6','Pyrathiazine-8-chlorotheophyllinate plus vitamin B6','vitamin'),(325,'Pyridostigmine bromide',NULL,'muscle relaxant'),(326,'Pyridoxine','Pyridoxine','vitamin'),(327,'Pyrimethamine',NULL,'antiprotozoal'),(328,'Quinidine',NULL,'cardiovascular'),(329,'Quinine','Kinina sulfat','antiprotozoal'),(330,'Rabies',NULL,'immunological'),(331,'Rabies immunoglobulin',NULL,'immunological'),(333,'Reserpine',NULL,'cardiovascular'),(334,'Retinol',NULL,'vitamin'),(335,'Riboflavin',NULL,'vitamin'),(336,'Rifampicin','Rifampicin','antibacterial'),(337,'Rifampicin + isoniazid + pyrazinamide + ethambutol',NULL,'antibacterial'),(338,'Rifampicin plus isoniazid',NULL,'antibacterial'),(339,'Rifampicin plus isoniazid plus pyrazinamide',NULL,'antibacterial'),(340,'Ringer lactate','Ringer lactat','electrolyte'),(341,'Risperidon',NULL,'psychotherapeutic'),(342,'Rubella',NULL,'immunological'),(343,'Salbutamol','Salbutamol','oxytocic, respiratory effect'),(344,'Salbutamol + Ipratropium bromide',NULL,'respiratory effect'),(345,'Salicylic acid',NULL,'dermatological'),(346,'Selenium sulfide',NULL,'dermatological'),(347,'Senna',NULL,'gastrointestinal'),(348,'Silver nitrate',NULL,'opthalmological'),(349,'Silver sulfadiazine',NULL,'dermatological'),(351,'Skizon',NULL,'antifungal'),(352,'Sodium calcium edetate',NULL,'antidote'),(353,'Sodium chloride','Sodium kloride','gastrointestinal, electrolyte'),(354,'Sodium fluoride',NULL,'vitamin'),(355,'Sodium hydrogen carbonate',NULL,'electrolyte'),(356,'Sodium lactate',NULL,'electrolyte'),(357,'Sodium nitrite',NULL,'antidote'),(358,'Sodium nitroprusside',NULL,'cardiovascular'),(359,'Sodium thiosulfate',NULL,'antidote, dermatological'),(360,'Spectinomycin',NULL,'antiprotozoal'),(361,'Spironolactone','Spironolactone','diuretic'),(362,'Streptokinase',NULL,'cardiovascular'),(363,'Streptomycin','Streptomycin','antibacterial'),(364,'Sulfadiazine',NULL,'antibacterial'),(365,'Sulfadoxine plus pyrimethamine','Sulfadoksin plus pirimetamin','antiprotozoal'),(366,'Sulfamethoxazole plus trimethoprim','Sulfametoksazol plus trimetoprim','antibacterial, antiprotozoal'),(367,'Sulfasalazine',NULL,'analgesic, gastrointestinal'),(368,'Suramin sodium',NULL,'anthelmitic, antiprotozoal'),(369,'Suxamethonium chloride',NULL,'muscle relaxant'),(370,'Tamoxifen',NULL,'palliative'),(371,'Terazosin Hydrochloride','Terazosin hydrochloride','cardiovascular'),(372,'Testosterone',NULL,'endocrine effect'),(373,'Tetanus',NULL,'immunological'),(374,'Tetracaine','Tetracaine','opthalmological'),(375,'Tetracycline ','Tetracycline','antibacterial'),(376,'Tetrahidrozolin',NULL,'opthalmological'),(377,'Theophylline',NULL,'respiratory effect'),(378,'Thiamazole','Thiamazole','endocrine effect'),(379,'Thiamine',NULL,'vitamin'),(380,'Thioacetazone plus isoniazid',NULL,'antibacterial'),(381,'Thiopental',NULL,'anaesthetic'),(382,'Timolol',NULL,'opthalmological'),(383,'Topical sun protection agent',NULL,'dermatological'),(384,'Tramadol','Tramadol','analgesic'),(385,'Tranexamic acid','Tranexamic acid','blood effect, hematology'),(386,'Triclabendazole',NULL,'anthelmitic'),(387,'Trimethoprim plus sulfamethoxazole','Trimetoprim plus sulfametoksazol','antibacterial'),(388,'Triprolidin HCl plus pseudoephedrin HCl','Triprolidin HCl plus pseudoefedrin HCl','respiratory effect'),(389,'Trisodium citrate dihydrate + potassium chloride',NULL,'gastrointestinal'),(390,'Tropicamide',NULL,'diagnostic'),(391,'Tuberculin',NULL,'immunological'),(392,'Typhoid',NULL,'immunological'),(393,'Urea',NULL,'dermatological'),(394,'Valproic acid',NULL,'anticonvulsant, psychotherapeutic'),(395,'Vancomycin',NULL,'antibacterial'),(396,'Vecuronium bromide',NULL,'muscle relaxant'),(397,'Verapamil','Verapamil','cardiovascular'),(398,'Vinblastine',NULL,'palliative'),(399,'Vincristine',NULL,'palliative'),(400,'Vitamin',NULL,'vitamin'),(401,'Warfarin','Artesunat','blood effect'),(402,'Water',NULL,'electrolyte'),(404,'Zidovudine','Pyrazinamide','antiviral'),(406,'Calcium lactate','Calcium lactate','vitamin'),(407,'Carbimazole','Carbimazole','anti-thyroid'),(408,'Diclofenac Sodium','Diclofenac sodium','nsaid'),(409,'Isoniazid plus Pyridoxine','Isoniazid plus pyridoxine','antibiotic'),(410,'Ibuprofen plus Paracetamol','Ibuprofen plus paracetamol','analgesic'),(411,'Oral Rehydration Solution','Oralit','electrolytes'),(412,'Salbutamol plus theophylline','Salbutamol plus theophylline','respiratory'),(413,'B complex multivitamin','Multivitamin keluarga anda','vitamin'),(414,'Thiamine plus pyridoxine plus cyanocobalamine','Thiamine plus pyridoxine plus cyanocobalamine','vitamin'),(415,'Attapulgite plus pectin','Attapulgite plus pektin','gastrointestinal'),(416,'Dextromethorphan plus glyceril guiramine maleateaiacolate plus chlorpheniramine maleate','Dextromethorphan plus glyceril guaiacolate plus chlorpheniramine maleate','respiratory'),(417,'Paracetamol plus Dextromethorphan plus Glyceril plus Chlorpheriramine plus Phenilpropanolamin','Paracetamol plus dekstrometorphan plus gliseril plus chloropheniramine plus phenilpropanolamin','respiratory'),(418,'Paracetamol plus phenylpropanolamine plus dextromethorphan plus chlorpheniramine','Paracetamol plus phenylpropanolamine plus dextromethorphan plus chlorpheniramine','respiratory'),(419,'Paracetamol plus phenylpropanolamine plus chlorpheniramine','Paracetamol plus phenylpropanolamine plus chlorpheniramine','respiratory'),(420,'Medroxyprogesterone acetate plus Estradiol cypionate','Medroxyprogesterone acetate plus estradiol cypionate','endocrine'),(421,'Cyanocobalaminum','Cyanocobalaminum','vitamin'),(424,'Quinine ethylcarbonate','Kinina etilkarbonat','anti-protozoal'),(425,'Paracetamol plus glyceril plus chlorpheniramine','Parasetamol plus gliseril plus klorfeniramin','palliative'),(426,'Paracetamol plus pseudophedrine plus chlorpheniramine plus ammonium chloride','Parasetamol plus pseudoefedrin plus klorfeniramin plus amonium klorida plus succus liquiritiae','palliative'),(427,'Magnesium hydroxide plus Aluminum hydroxide plus dimethyl polysiloxane','Magnesium hydroxide plus amulminum hydroxide plus dimethyl polysiloxane','gastrointestinal'),(428,'Dextromethorphan plus Diphenhydramine','Dextromethorphan plus diphenhydramine','antitussive/palliative'),(429,'Sodium lauryl sulfate plus Sorbic acid plus PEG 400 plus Sodium Citrate plus sorbitol','Na lauryl sulfate plus sorbic acid plus PEG 400 plus Na citrate plus sorbitol','laxative'),(430,'Paracetamol plus ephedrine plus chlorpheniramine plus glyceril plus sodium citrate','Parasetamol plus efedrina plus chlorfeniramina plus gliseril plus natrium sitrat','respiratory'),(431,'Paracetamol plus Dextromethorphan plus Phenylpropanolamine plus Chlorpheniramine','Paracetamol plus dextromethorphan plus phenylpropanolamine plus chlorpheniramine','respiratory'),(432,'Acetaminophen','Acetaminophen','analgesic'),(433,'Fluticasone Propionate plus Salmeterol','Fluticasone propionate plus salmmeterol','respiratory'),(434,'Sitagliptin plus metformin','Sitagliptin plus metformin','endocrine'),(436,'Ramipril','Ramipril','cardiovascular'),(437,'Losartan potassium','Losartan potassium','cardiovascular'),(438,'Montelukast sodium','Montelukast sodium','respiratory, allergy'),(439,'Losartan potassium plus Hydrochlorothiazide','Losartan potassium plus hydrochlorothiazide','cardiovascular'),(440,'Desloratadine','Desloratadine','allergy'),(441,'Desloratadine plus Pseudoephedrine Sulfate','Desloratadine plus pseudoephedrine sulfate','allergy'),(442,'Fluticasone propionate','Fluticasone propionate','respiratory, endocrine effect'),(444,'Moxifloxacin HCl','Moxifloxacin HCl','antibiotic'),(445,'Bismuth subsalicylate','Bismuth subsalicylate','gastrointestinal'),(446,'Neomycin plus Polymyxin B plus Pramoxine HCl','Neomycin plus polymyxin B plus Pramoxine HCl','antibiotic'),(447,'Hydrocortisone','Hydrocortisone','dermatological'),(448,'Levofloxacin','Levofloxacin','antibiotic'),(449,'Atorvastatin calcium','Atorvastatin calcium','statin'),(450,'Adapalene','Adapalene','dermatological'),(451,'Methadose','Methadose','opiod'),(452,'Modafinil','Modafinil','psychotherapeutics'),(453,'Venlafaxine HCl','Venlafaxine HCl','psychotherapeutic'),(454,'Nystatin plus Zinc','Nystatin plus zinc','dermatogical'),(455,'Fentanyl','Fentanyl','opioid'),(456,'Lidocaine plus Epinephrine','Lidocaine plus epinephrine','anaesthetic'),(457,'Methergin','Methergin','utrotonic'),(458,'Albuterol Sulfate','Albuterol sulfate','respiratory'),(461,'Ipratropium','Ipratropium','respiratory'),(462,'Duloxetine HCl','Duloxetine HCl','psychotropic'),(463,'Budesonide','Budesonide','allergy'),(464,'Ezetimibe plus Simbastatin','Ezetimibe plus simbastatin','statin'),(465,'Famciclovir','Famciclovir','antiviral'),(466,'Ezetimibe','Ezetimibe','lipid lowering'),(467,'Risedronate sodium','Risedronate sodium','osteoporosis'),(468,'Valacyclovir HCl','Valacyclovir HCl','antiviral'),(469,'Tolterodine tartrate','Tolterodine tartrate','urinary'),(470,'Niacin','Niacin','lipid lowering'),(471,'Estradipl transdermal','Estradipl transdermal','gynacological'),(472,'Carvedilol phosphate','Carvedilol phosphate','cardiovascular'),(473,'Fexofenadine HCl','Fexofenadine HCl','allergy'),(474,'Fluticasone furoate','Fluticasone furoate','allergy'),(475,'Topiramate','Topiramate','migraine'),(476,'Rabeprazole sodium','Rabeprazole sodium','gastrointestinal'),(478,'Dutasteride','Dutasteride','prostate'),(479,'Celecoxib','Celecoxib','analgesic'),(480,'Paracetamol','Paracetamol','analgesic'),(481,'Olmesartan medoxomil','Olmesartan medoxomil','cardiovascular'),(482,'Rosiglitazone','Rosiglitazone','endocrine'),(483,'Dextromethorphan HBr plus Glycerilguaiacolat plus Diphenhydramin HCl','Dextromethorphan HBr plus glycerilguaiacolat plus diphenhydamin HCl','antitusif'),(484,'Metoprolol','Metoprolol','cardiovascular'),(485,'Calcium plus vitamin D','Calcium plus vitamin D','vitamin'),(486,'Triamcinolone','Triamcinolone','dermatological'),(489,'Acyclovir','Acyclovir','antiviral'),(490,'Cephalexin','Cephalexin','antibiotic'),(491,'Acetaminofen plus gliseril guaiacolat plus fenilpropanolamin HCl plus Dmp HBr plus CTM','Acetaminofen plus gliseril guaiacolat plus fenilpropanolamin HCl plus Dmp HBr plus CTM',NULL),(493,'Pyrazinamide','Pyrazinamide','antibiotic'),(495,'Vitamin Anak','Vitamin anak','vitamin'),(496,'Kalium Aspartate','Kalium aspartate','electrolytes'),(497,'Codein','Codein','opioid'),(500,'Promethazini HCl plus Ipecacuanhae Extractum plus Glicerylis Guaiacolas','Promethazini HCl plus ipecacuanhae extractum plus glicerylis guaiacolas','expectorant'),(501,'Oxytocin Synthetic','Oxytocin sintesis',NULL),(502,'Amoxicillin plus Clavulanic Acid','Amoxicillin plus asam klavulanat','antibiotic'),(503,'Human Insulin','Insulin Manusia','anti diabetes'),(504,'Ceftriaxone','Ceftriaxone','antibiotic'),(505,'Amlodipin','Amlodipin','hypertension'),(507,'Chloramphenicol','Kloramphenicol','antibiotic'),(509,'Policresulen','Policresulen','antifungi'),(511,'Extract Lithospermi Radix plus Ethyl Aminobenzoate','Lithospermi radix extractum plus aethylis aminobenzoas','anti hemorrhoids'),(512,'Betamethasone plus Neomycin','Betamethasone plus neomycin','dermatogenical'),(513,'Tetrahydrozolin HCl plus Benzalkonium Chloride','Tetrahydrozolin HCl plus benzalkonium chloride','opthalmetic'),(514,'Macuna beans (L-dopamine)','Macuna beans',NULL),(515,'Ranitidin','Ranitidin','gastrointestinal'),(516,'Azelastine HCl','Azelastine HCl','antihistamine'),(517,'Cetirizine HCl','Cetirizine HCl','antihistamine'),(519,'Metoclopramide','Metoclopramide','anti-vomiting'),(520,'Resperidone','Risperidone','antipsikotik'),(521,'Morphin','Morphin','opioid'),(522,'Neomycin Sulphate plus Bioplacenton','Neomycin sulphate plus bioplacenton','antibiotic'),(523,'Natrium Tetraborat plus Gliserolum','Natrium tetraborat plus gliserolum',NULL),(524,'Gliclazide','Gliclazide','anti diabetic'),(525,'Methylprednisolone','Methylprednisolone','glukokortikoid'),(526,'Acetaminophen plus Guaifenesin plus PP HCl plus CTM','Acetaminophen plus guaifenesin plus PP HCl plus CTM',NULL),(527,'Clonidin','Clonidine HCl','antihipertensi'),(528,'Paramomicyn Sulphate','Paromomycin sulphate','antibacterial'),(529,'Glyceryn Plus Propyleneglycol plus Hydroxyethyl Cellulose','Glycerin plus propyleneglycol plus hydroxyethyl cellulose','lubricating '),(530,'Methyldopa','Methyldopa','cardiovascular'),(531,'Noscapine','Noscapine','respiratory efect'),(532,'Quinine Sulphate','Quinine Sulphate','blood pressure'),(535,'Paracetamol plus Gliceryl Guaiacolat plus Chlorpheniramin Maleat plus Efedrin HCl','Parasetamol plus gliseril guaiakolat plus klorfeniramin maleat plus efedrin HCl',NULL),(536,'Prenatal','Prenatal','vitamin'),(537,'Voriconazole','Voriconazole','antifungal'),(538,'Diltiazem','Diltiazem','cardiovascular'),(539,'Clotrimazole','Clotrimazole','antibiotic'),(540,'Valganciclovir','Valganciclovir','antivirus'),(541,'Citalopram HBr','Citalopram HBr','anti depresan'),(542,'Paracetamol Plus Glyceryl Guaiacolate Plus Ephedrin HCl Plus CTM','Paracetamol plus gliseril guaiakolat plus efedrin HCl plus CTM','ispa'),(543,'Sucralfate','Sucralfate','gastrointestinal'),(545,'ATS','ATS','anti tetanus'),(546,'Triamcionolone acetonide','Triamcinolone acetonide','dental paste'),(548,'Cotrimoxazole','Kotrimoksazole','antibiotik'),(549,'Cianocobalamin','Vitamin B12','multivitamin'),(553,'Paracetamol, CTM, GG, Ammonium Chloride','Paracetamol, CTM, GG, Ammonium Chloride',NULL),(554,'Nystatin','Nystatin','antibiotik'),(555,'Aminophilline','Aminophylline ','antihistamin'),(556,'Bromhexine HCL','Bromhexine HCL',NULL),(557,'Diosmin 450mg+ Hesperidin 50mg','Diosmin 450mg+ Hesperidin 50mg','vascular'),(558,'Dextromethorpan Hbr. GG. Phenyilpropanolamin HCL. Chlorpheniramin Maleat','Dextromethorpan Hbr. GG. Phenyilpropanolamin HCL. Chlorpheniramin Maleat',NULL),(559,'Artesunate, Amodiaguin Hydrochloride','Artesunate, Amodiaguin Hidrochloride','anti malaria'),(560,'Ambroxol HCL','Ambroxol HCL','sekretolitik'),(561,'Flunarizine','Flunarizine Dihidroclorida','neurologi'),(562,'Cimetidin','Cimetidin','gastrointestinal'),(563,'Piperazine Citrate','Piperazine Citrate',NULL),(564,'Ofloxacin','Ofloxacin','antibiotik'),(565,'Novalgin','Novalgin','analgesik'),(566,'Cetirizine Dihidrocloride','Cetirizine Dihidrocloride','antihistamin'),(567,'Propylthiouracil','Propylthiouracil','endokrin'),(568,'Premetrin','Premethrin',NULL),(571,'Dipenhidramin Hidoclorida 12,5mg. Amonium Klorida. Kalium Sulfoguaiokolat. Natrium Sitrat. Mentol.','Dipenhidramin Hidoclorida 12,5mg. Amonium Klorida. Kalium Sulfoguaiokolat. Natrium Sitrat. Mentol.',NULL),(572,'Serratiopeptidase5mg, Pankreatin25mg, Lecitin100mg,','Serratiopeptidase5mg, Pankreatin25mg, Lecitin100mg,',NULL),(573,'Albendazole','Albendazole','anti parasit'),(574,'Hydroquinone','Hydroquinone',NULL),(575,'Ondancentron','Ondancentron','gastrointestinal'),(576,'Difenhidramin, Calamin, Zinc, Glicerin, Camphora','Difenhidramin, Calamin, Zinc, Glicerin, Camphora','antihistamin'),(577,'Neomycin Sulphate, Bacitracin','Neomycin Sulphate, Bacitracin','antibiotik bubuk'),(578,'Natrium lauril sulfoasetat, natrium sitrat, sorbitol, PEG 400, asam sorbat','Natrium lauril sulfoasetat, natrium sitrat, sorbitol, PEG 400, asam sorbat','pencahar'),(579,'Rivanol','Rivanol','antibiotik'),(580,'Sodium Chloride, Kalium Chloride','Sodium Chloride, Kalium Chloride',NULL),(581,'Zinc','Zinc','suplemen'),(583,'Albothil Consentrate','Albothil Consentrate',NULL),(585,'Tretinoin','Tretinoin',NULL),(586,'Doxycyclie','Doxycycline','antibiotik'),(587,'Salbutamol + ipratrium','Salbutamol + ipratrium',NULL),(588,'Neomycin sulfate 5 mg plus bacitracin 250 iu','Neomycin sulfate 5 mg plus bacitracin 250 iu',NULL),(589,'Azithromycin','Azithromycin','antibiotic'),(590,'Diclofenac Potassium','Kalium Diklofenak','analgesic'),(591,'Glimepiride','Glimepiride',NULL),(593,'Cefixime','Cefixime',NULL),(594,'Ifen','Ifen',NULL),(595,'Internolol','Internolol',NULL),(596,'Interpril','Interpril',NULL),(597,'Isosobide Dinitrate','Isosorbide Dinitrate',NULL),(598,'Kaditic','Kaditic',NULL),(599,'Amytriptyline','Amytriptyline',NULL),(600,'Suprabion','Suprabion',NULL),(601,'Caviplex','Caviplex',NULL),(602,'Anvomer','Anvomer',NULL),(603,'Anvomer B6','Anvomer B6',NULL),(604,'Prenatin','Prenatin',NULL),(605,'Molexflu','Molexflu',NULL),(606,'Tivomit','Tivomit',NULL),(607,'Oralit','Oralit',NULL),(608,'Simvastatin ','Simvastatin',NULL),(609,'Gemfibrozil','Gemfibrosil',NULL),(610,'Natrium Diclofenac','Natrium Diclofenac',NULL),(611,'Menadiol Diacetate','Vitamin K',NULL),(612,'Co Amoxiclav','Amoxiclav',NULL),(613,'Coparcetin','Coparcetin',NULL),(614,'Paracetamol 500 GG 100 efedrin HCl 8 CTM 2',NULL,NULL),(616,'Paracetamol plus Guaifenesin plus CTM',NULL,NULL),(617,'Quantidex','Quantidex',NULL),(618,'Paracetamol plus GG plus efedrina HCL plus klorfeniramin maleat plus alkohol 95%',NULL,NULL),(620,'Clarithromycin','Clarithromycin',NULL),(621,'Calamine 5%, zinc oxide 10%, diphenhydramine HCl 2%e',NULL,NULL),(622,'Calamine, zinc oxide, diphenhydramine',NULL,NULL),(623,'Hydrocortisone acetate 1% plus neomycin sulphate 0,5%',NULL,NULL),(624,'Extract lithospermi radix,prednisone, lidocaine, aethylis aminobenzoas, cetrimide',NULL,NULL),(625,'Fenoterol hydrobromide plus ipratropium bromide',NULL,NULL),(626,'Fenoterol hydrobromide',NULL,NULL),(627,'Pantocain',NULL,NULL),(628,'Cendo Xitrol',NULL,NULL),(629,'Cendo Tropin',NULL,NULL),(630,'Rotho',NULL,NULL),(632,'Flixotide',NULL,NULL),(634,'Spasminal',NULL,NULL),(635,'Methampyrone 500 mg, papaverine HCl 25 mg, belladonna extract 10 mg',NULL,NULL),(636,'Ardium','Ardium',NULL),(637,'Lithospermi radix extractum, prednisolonum, lidocainum,aethylis aminobezoas,cetrimide,lecithinum ovi',NULL,NULL),(638,'Vitamin B6','Vitamin B6',NULL),(639,'Flucadex','Flucadex',NULL),(640,'Aloclair Oral Gel','Aloclair oral Gel',NULL),(641,'Ergotamine tartrate, caffein',NULL,NULL),(642,'Hustarex','Hustarex',NULL),(644,'Ondansentron','Ondansentron',NULL),(645,'Aloclayr Spray',NULL,NULL),(646,'Lactas Calcicus','Calsuim Laktas',NULL),(647,'Asam salisilat, asam laktat, polidocanol','Asam salisilat, asam laktat, polidocanol',NULL),(648,'Buscopan','Buscopan',NULL),(649,'Docusate Sodium','Docusate Sodium',NULL),(650,'Hydrocortisone acetate 5mg, chloramphenicolum 2mg','Hydrocortisone acetate 5mg, chloramphenicolum 2mg',NULL),(651,'Chloramphenicol 2%; Prednisolone 0,25%','Chloramphenicol 2%; Prednisolone 0,25%',NULL),(652,'Carbon Aktivatus 125mg, Excipients Ad325mg',NULL,NULL),(653,'Amoxiclav',NULL,NULL),(654,'Guaifenesin 50 mg, Chlorpheniramine Maleat 1 mg',NULL,NULL),(655,'Neoprotifed',NULL,NULL),(656,'Bronchitin',NULL,NULL),(658,'Pacdin Cough',NULL,NULL),(659,'Erladerm-N ',NULL,NULL),(660,'Asam Folat',NULL,NULL),(661,'Microfine',NULL,NULL),(662,'Ottopain',NULL,NULL),(663,'Zenirex',NULL,NULL),(664,'Antacida semeticon',NULL,NULL),(665,'Pasaba sirup',NULL,NULL),(667,'Pasaba',NULL,NULL),(668,'Baby cough',NULL,NULL),(669,'Lactulak',NULL,NULL),(670,'Neocenta',NULL,NULL),(671,'Kenalog',NULL,NULL),(672,'Molagit',NULL,NULL),(673,'Batugin',NULL,NULL),(674,'FLutop c',NULL,NULL),(675,'Prenase',NULL,NULL),(676,'Ramabion',NULL,NULL),(677,'Etabion',NULL,NULL),(679,'Candesartan ',NULL,NULL),(680,'Bisoprolol Fumarate',NULL,NULL),(681,'Clopidogrel ',NULL,NULL),(683,'Dimenhydrinate',NULL,NULL),(684,'Gabapentin',NULL,NULL),(685,'Paracetamol 500 mg plus Pseudoephedrine HCI 7,5 mg plus CTM 2 mg',NULL,NULL),(686,'Paracetamol 500 mg plus Phenylpropanolamine HCl 12,5 mg plus CTM 2 mg',NULL,NULL),(687,'Dextromethorphan HBr 10mg plus Sulfoguaiacol 25 mg plus Ipecuanhae 0,005 mg',NULL,NULL),(688,'Triprolidine HCl 1,25 mg plus Pseudoephedrine HCl 30 mg',NULL,NULL),(689,'Ext Thymi plus Ext Primulae plus Ext Althaeae plus Ext Droserae plus Ext Serphylli ',NULL,NULL),(690,'Aluminium hydroxide plus magnesium hydroxide',NULL,NULL),(691,'Sonchi Folium plus Strobilanthi folium',NULL,NULL),(692,'Potassium Permanganate',NULL,NULL),(693,'Salicylic Acid plus Sulfur',NULL,NULL),(694,'Biphasic insulin aspart',NULL,NULL),(695,'Insulin glargine',NULL,NULL),(696,'Insulin detemir',NULL,NULL),(697,'Ketorolac',NULL,NULL),(698,'Piracetam',NULL,NULL),(699,'Dextrose plus sodium chloride plus potassium chloride plus sodim lactate',NULL,NULL),(700,'Sterilised water',NULL,NULL),(701,'Folamil Genio',NULL,NULL),(702,'Acarbose',NULL,NULL),(703,'Benzocain 1% plus ZnO 2% plus Alukol 0.25%',NULL,NULL),(705,'Flutop-C','Flutop-C','paracetamol 160mg;guafinesin 25mg;dextromethorpan hbr 3.5 mg;phenylpropanolamin hcl 3.5mg; ctm 0.5mg'),(706,'Curcuma','Curcuma',NULL),(707,'Fluanza',NULL,'paracetamol 125 mg,dextromet 3,75 mg,phenylpro 3,125 mg,ctm 0,5 mg,etanol 96% 1,6 %'),(708,'Arkavit',NULL,NULL),(709,'Lambucid',NULL,NULL),(710,'Antacida Doen',NULL,NULL),(711,'Health Suplement',NULL,NULL),(714,'Chlorpheniramine Maleat',NULL,NULL),(715,'Vitamin C',NULL,NULL),(716,'Metamizole',NULL,NULL),(717,'Dexamethasone; Dechlorpheniramine',NULL,NULL),(718,'Braito Tears',NULL,NULL),(719,'Cetirizine HCI 5 mg',NULL,NULL),(720,'Neuralgin',NULL,NULL);

DROP TABLE IF EXISTS `drugManuf`;

CREATE TABLE `drugManuf` (
  `id` int(11) NOT NULL AUTO_INCREMENT,
  `name` varchar(100) CHARACTER SET utf8 NOT NULL,
  `alamat` varchar(100) COLLATE utf8_bin DEFAULT NULL,
  PRIMARY KEY (`id`),
  UNIQUE KEY `name` (`name`)
) ENGINE=InnoDB AUTO_INCREMENT=171 DEFAULT CHARSET=utf8 COLLATE=utf8_bin;

INSERT INTO `drugManuf` VALUES (1,'Bayer','Jakarta'),(2,'Graha Farma','Solo'),(3,'Kimia Farma','Jakarta'),(4,'Hexpharm Jaya','Cipanas'),(5,'Tropica Mas','Cianjur'),(6,'Medifarma Laboratories','Bogor'),(7,'Ifars','Solo'),(8,'Pharos','Jakarta'),(9,'Balatif','Malang'),(10,'Nufarindo','Semarang'),(11,'Indofarma','Bekasi'),(12,'Pratapa Nirmala','Tangerang'),(13,'Nicholas','Jakarta'),(14,'Sanbe','Bandung'),(15,'Promedrahardjo farmasi industri','Sukabumi'),(16,'Pim pharmaceutical','Pasuruan'),(17,'Errita Pharma','Bandung'),(18,'Sanbe Farma','Bandung'),(19,'DexaMedica','Palembang'),(20,'Boehringer Ingelheim','Bogor'),(21,'Aditama Raya Farmindo','Surabaya'),(22,'Prafa','Citeureup'),(23,'Conmed','Cianjur'),(24,'Bima Mitra Farma','Tangerang'),(25,'Phapros','Semarang'),(26,'Novapharin','Gresik'),(27,'Molex Ayus','Tangerang'),(28,'Sejahtera Lestari Farma','Pasuruan'),(29,'Berlico Mulia Farma','yogyakarta'),(30,'Itrasal','semarang'),(31,'Phizer','New York'),(32,'Interbat','East Java'),(33,'Harsen','Jakarta'),(34,'Tunggal Idaman Abdi','Jakarta'),(35,'Abbott','Kent, England'),(36,'Organon','Jakarta'),(37,'Merck','Jakarta'),(38,'Otto Pharmaceutical Industries','Bandung'),(39,'Ebewe','Unterach, Austria'),(40,'Mega Esa Farma','Jakarta'),(41,'Combiphar','Bandung'),(42,'Meiji','Bangil-Pasuruan, Jawa Timur'),(43,'Solas','Bandung'),(44,'Zenith Pharmaceuticals','Semarang'),(45,'Mutifa Pharmaceutical','Medan'),(46,'Gratia Husada','Semarang'),(47,'Ikapharmindo Putramas','Jakarta'),(48,'Yupharin pharmaceuticals','Bogor'),(49,'Ciubros Farma','Semarang'),(50,'Rama Emerald Multi Sukses ','Surabaya'),(51,'Intijaya Meta Ratna Pharmindo','Semarang'),(52,'Schering','Kenilworth, NJ'),(53,'Bernofarm','Sidoarjo'),(54,'Tanabe Seiyaku','Osaka, Japan'),(55,'Cendo','Bandung'),(56,'Sankyo','Parsippany, NJ'),(57,'McNeil','Ft. Washington, Pa'),(58,'Erla','Semarang'),(59,'Walgreen','Deerfield, IL'),(60,'Longs Drugs','Walnut Creek, CA'),(61,'Pfizer','Morris Plains, NJ'),(62,'Otsuka','Lawang'),(63,'Kalbe','Bekasi'),(64,'Laboratories Galderma','Alby-sur-Chu00e9ran, France'),(65,'Cephalon','West Chester, PA'),(66,'Ethica','Jakarta'),(67,'Wyeth Pharmaceuticals','Philadelphia, PA'),(68,'Guardian Pharmatama','Tangerang'),(69,'LNK International','Hauppauge, NY'),(70,'Bristol-Meyers Squibb','Bogor'),(71,'Novartis','USA'),(72,'Jayamas Medica Industri','Indonesia'),(73,'Widatra Bhakti','Pandaan, Jawa Timur'),(74,'Braun Medical Industries','Jakarta'),(75,'Aplicare','Meriden, CT, USA'),(76,'AstraZeneca','Pandaan, Jawa Timur'),(77,'Nephron','Orlando, FL'),(78,'Eli Lilla','Indianapolis, IN'),(80,'Procter & Gamble','Cincinnati, OH'),(81,'Pharmacia & Upjohn','Kalamazoo, MI'),(82,'Kos Pharmaceuticals','Cranbury, NJ'),(83,'Berlex','Montville, NJ'),(84,'Sanofi Aventis','Bridgewater, NJ'),(85,'TAP Pharmaceutical','Lake Forest, IL'),(86,'Eisai','Teaneck, NJ'),(87,'Daiichi- Sankyo','Parsippany, NJ'),(88,'Fougera','Melville, NY'),(89,'Mahakam Beta Farma','Jakarta'),(90,'PT.Tanabe Indonesia','Bandung'),(92,'Mecosin Indonesia','Jakarta'),(93,'PT.Mecosin Indonesia','Jakarta'),(99,'Anugrah Argo Medica','Palembang'),(100,'Takeda Indonesia','Bekasi'),(101,'Global Multi Pharmalab','Semarang'),(102,'A & S Pharmaceutical','Bridgepoint, CT'),(103,'MedPointe','Somerset, NJ'),(104,'P.T USFI','Surabaya'),(105,'PT.Tunggal Idaman Abadi','Jakarta'),(106,'Darya-Varia','Bogor'),(107,'PT.Pyridam Farma','Cianjur'),(108,'PT.Soho','Jakarta'),(109,'PT.Surya Dermato','Surabaya'),(110,'PT.Yarindo Farmatama','Serang'),(111,'PT.Jayamas Medica',NULL),(112,'Remedica','Europe'),(113,'Apotex Inc.','Canada'),(114,'Roxane','Columbus'),(115,'PT.Alpharma','Jakarta'),(116,'Davinci Laboratories ','USA'),(117,'Roche','USA'),(118,'PT.Rama Emerld','Surabaya'),(119,'P.T Meprofarm','Bandung'),(120,'Bio Farma ',NULL),(122,'mulia farma suci ',NULL),(123,'Sampharindo Perdana','Bandung-Indonesia'),(124,'SakaFarma',NULL),(125,'PT. Meprofarm',NULL),(126,'Guilin Fharma',NULL),(130,'fahrenheit',NULL),(131,'UAP',NULL),(132,'PT.FERRON PAR PHARMACEUTICALS','CIKARANG-INDONESIA'),(133,'Holi Pharma',NULL),(134,'Soho Industries',NULL),(135,'metiska farma',NULL),(136,'Novell',NULL),(137,'Actavis',NULL),(138,'universal ',NULL),(139,'Bufa Aneka',NULL),(140,'Pt. Galenium',NULL),(141,'Pt. Usaha sekawan',NULL),(142,'Pt. taisho pharmaceutical',NULL),(143,'glaxo smith kline',NULL),(144,'korea otsuka',NULL),(145,'Pharmaceutical',NULL),(146,'Yekatria Farma',NULL),(147,'Tempo Scan Pacific',NULL),(148,'Trifa Laboratoris','Bandung'),(149,'Infocus gallery ','Ratu Plaza Lt. 3 No 45 Jakarta '),(150,'Metro Computer ','Jl. R. Suprapto, Ketapang'),(151,'Eagle Indo Pharma','Tangerang- Banten'),(152,'PT. Mutifa','Medan - Indonesia'),(153,'Novo Nordisk',NULL),(154,'Quantum',NULL),(155,'Ferron Par Pharm',NULL),(156,'Triman Pharmaceutical Industry','Bandung'),(157,'Pharma Laboratories',NULL),(158,'Dankos Farma',NULL),(159,'Bridam Farma',NULL),(160,'Yarindo',NULL),(161,'Acifar',NULL),(162,'Exeltis',NULL),(163,'Erela',NULL),(164,'HJ Generik',NULL),(165,'First Medipharma',NULL),(166,'GrahaFarma',NULL),(167,'Berwopharm',NULL),(168,'Mersifarma',NULL),(169,'Inpharmed Pharmacy Industry',NULL),(170,'Mutiara Mukti',NULL);

DROP TABLE IF EXISTS `drugPackage`;

CREATE TABLE `drugPackage` (
  `id` int(11) NOT NULL AUTO_INCREMENT,
  `unitID` int(11) NOT NULL,
  `container` enum('bottle','can','box','individual') COLLATE utf8_bin NOT NULL,
  `unitsPerCont` int(11) NOT NULL,
  `tradeName` varchar(100) COLLATE utf8_bin NOT NULL,
  `manufID` int(11) NOT NULL,
  `keepStocked` int(11) DEFAULT NULL,
  `oldestExpiry` date DEFAULT NULL,
  `inUse` enum('yes','no') COLLATE utf8_bin NOT NULL DEFAULT 'yes',
  PRIMARY KEY (`id`),
  UNIQUE KEY `manufID_2` (`manufID`,`unitID`,`unitsPerCont`,`container`),
  KEY `unitID` (`unitID`),
  KEY `manufID` (`manufID`),
  CONSTRAINT `drugPackage_ibfk_1` FOREIGN KEY (`unitID`) REFERENCES `drug` (`id`),
  CONSTRAINT `drugPackage_ibfk_2` FOREIGN KEY (`manufID`) REFERENCES `drugManuf` (`id`)
) ENGINE=InnoDB AUTO_INCREMENT=1102 DEFAULT CHARSET=utf8 COLLATE=utf8_bin;

INSERT INTO `drugPackage` VALUES (295,468,'box',100,'Itramol',30,0,'2021-01-01','yes'),(1018,289,'box',100,'Hufanoxil',46,0,'2021-01-01','yes'),(1019,289,'box',100,'Pharmamox',157,0,'2021-01-01','yes'),(1020,320,'box',100,'Pharmaxil',157,0,'2021-01-01','yes'),(1021,855,'box',50,'Cefixime (Generik)',7,0,'2021-01-01','yes'),(1022,855,'box',50,'Cefixime (Generik)',158,0,'2021-01-01','yes'),(1023,855,'box',50,'Pharmafix',157,0,'2021-01-01','yes'),(1025,335,'box',100,'Hufaflox',46,0,'2021-01-01','yes'),(1026,335,'box',100,'Ciprofloxacin (Generik)',53,0,'2021-01-01','yes'),(1027,757,'box',100,'Ometgrim',45,0,'2021-01-01','yes'),(1028,358,'box',100,'Doxihat',7,0,'2021-01-01','yes'),(1029,365,'box',100,'Duramycin',159,0,'2021-01-01','yes'),(1030,439,'box',100,'Grafazol',2,0,'2021-01-01','yes'),(1031,391,'box',100,'Omefulvin',45,0,'2021-01-01','yes'),(1032,391,'box',100,'Griseofulvin (generik)',106,0,'2021-01-01','yes'),(1033,411,'box',50,'Ketokonazole (generik)',4,0,'2021-01-01','yes'),(1034,455,'box',100,'Nystatin Tablet Salut Gula (Generik)',25,0,'2021-01-01','yes'),(1035,790,'box',10,'Vagistin',41,0,'2021-01-01','yes'),(1036,790,'box',1,'Nystatin (Generik)',25,0,'2021-01-01','yes'),(1037,807,'box',100,'Acifar',7,4,'2021-01-01','yes'),(1038,807,'box',100,'Acyclovir (Generik)',160,0,'2021-01-01','yes'),(1039,761,'box',100,'Acifar',7,0,'2021-01-01','yes'),(1040,1034,'box',100,'Antasida Doen (Generik)',156,0,'2021-01-01','yes'),(1041,835,'box',100,'Hufamag Plus',46,0,'2021-01-01','yes'),(1042,306,'box',100,'Laxana',7,0,'2021-01-01','yes'),(1043,422,'box',100,'Gradilex',2,0,'2021-01-01','yes'),(1044,628,'box',100,'Inamid',162,0,'2021-01-01','yes'),(1045,493,'box',50,'Wormetrin',163,0,'2021-01-01','yes'),(1046,357,'box',100,'Grameta',2,0,'2021-01-01','yes'),(1047,457,'box',100,'Omeprazole (Generik)',158,0,'2021-01-01','yes'),(1048,871,'box',25,'Ramolit',50,0,'2021-01-01','yes'),(1049,812,'box',100,'Vosea',2,0,'2021-01-01','yes'),(1050,812,'box',100,'Mepramide',107,0,'2021-01-01','yes'),(1051,812,'box',100,'Norvom',7,0,'2021-01-01','yes'),(1052,771,'box',100,'Ranitidin (Generik)',4,0,'2021-01-01','yes'),(1053,837,'box',100,'Zinc (Generik)',11,0,'2021-01-01','yes'),(1054,965,'box',100,'Ulsidex',19,0,'2021-01-01','yes'),(1055,801,'box',100,'Amlodipin (Generik)',50,0,'2021-01-01','yes'),(1056,705,'box',100,'Amlodipin (Generik)',50,0,'2021-01-01','yes'),(1057,271,'box',100,'Aspilets',6,0,'2021-01-01','yes'),(1058,381,'box',100,'Gralixa',2,0,'2021-01-01','yes'),(1059,857,'box',100,'Fargoxin',130,0,'2021-01-01','yes'),(1060,861,'box',100,'ISDN (Generik)',19,0,'2021-01-01','yes'),(1061,313,'box',100,'Captopril (Generik)',19,0,'2021-01-01','yes'),(1062,854,'box',100,'Captopril (Generik)',17,0,'2021-01-01','yes'),(1063,312,'box',100,'Captopril (Generik)',19,0,'2021-01-01','yes'),(1064,516,'box',100,'Simvastatin (Generik)',164,0,'2021-01-01','yes'),(1065,488,'box',100,'Propanolol (Generik)',19,0,'2021-01-01','yes'),(1066,385,'box',100,'Glibenclamide (Generik)',165,0,'2021-01-01','yes'),(1067,799,'box',100,'Roverton',7,0,'2021-01-01','yes'),(1068,510,'box',100,'Salbutamol (Generik)',2,0,'2021-01-01','yes'),(1072,510,'box',100,'Grafalin',166,0,'2021-01-01','yes'),(1073,509,'box',100,'Salbutamol (Generik)',160,0,'2021-01-01','yes'),(1074,1036,'box',100,'Grantusif',2,0,'2021-01-01','yes'),(1075,758,'box',100,'Flucadex',2,0,'2021-01-01','yes'),(1076,559,'box',100,'Fluanza',123,0,'2021-01-01','yes'),(1077,308,'box',100,'Graxine',2,0,'2021-01-01','yes'),(1078,1037,'box',100,'Arkavit',9,0,'2021-01-01','yes'),(1079,1038,'box',100,'Folaxin',29,0,'2021-01-01','yes'),(1080,375,'box',100,'Ramabion',50,0,'2021-01-01','yes'),(1081,343,'box',200,'Novadex',26,0,'2021-01-01','yes'),(1082,732,'box',100,'Methylprednisolone (Generik)',167,0,'2021-01-01','yes'),(1083,483,'box',100,'Eltazon',7,0,'2021-01-01','yes'),(1084,1039,'box',100,'Aleron',40,0,'2021-01-01','yes'),(1085,988,'box',100,'Mantino',123,0,'2021-01-01','yes'),(1086,811,'box',100,'Cetirizine (Generik)',4,0,'2021-01-01','yes'),(1087,423,'box',100,'Loratadine (Generik)',158,0,'2021-01-01','yes'),(1088,401,'box',100,'Farsifen',7,0,'2021-01-01','yes'),(1089,706,'box',100,'Grazeo',7,0,'2021-01-01','yes'),(1090,545,'box',100,'Diclofenac Sodium (Generik)',53,0,'2021-01-01','yes'),(1091,433,'box',100,'Spasminal',4,0,'2021-01-01','yes'),(1092,316,'box',100,'Bamgetol',168,0,'2021-01-01','yes'),(1093,490,'box',100,'PTU (Generik)',19,0,'2021-01-01','yes'),(1094,281,'box',100,'Allopurinol (Generik)',50,0,'2021-01-01','yes'),(1095,568,'box',150,'FG Troches',42,0,'2021-01-01','yes'),(1096,1040,'box',100,'Vitamin C',169,0,'2021-01-01','yes'),(1097,1041,'box',100,'Neuralgin RX',63,0,'2021-01-01','yes'),(1098,1029,'box',100,'Cavicur',163,0,'2021-01-01','yes'),(1099,1033,'box',100,'Calciphar Plus',7,0,'2021-01-01','yes'),(1100,1042,'box',300,'Omegtamine',170,0,'2021-01-01','yes');

DROP TABLE IF EXISTS `drugStock`;

CREATE TABLE `drugStock` (
  `id` int(11) NOT NULL AUTO_INCREMENT,
  `packageID` int(11) NOT NULL,
  -- `transType` enum('used up','new supply','correction') COLLATE utf8_bin NOT NULL,
  `correction` tinyint(1) NOT NULL DEFAULT 0,
  `number` int(11) NOT NULL,
  `transDate` date NOT NULL,
  `costRp` int(11) DEFAULT NULL,
  `batch` varchar(100) COLLATE utf8_bin DEFAULT NULL,
  `supplID` int(11) DEFAULT NULL,
  PRIMARY KEY (`id`),
  KEY `packageID` (`packageID`),
  KEY `supplID` (`supplID`),
  CONSTRAINT `drugStock_ibfk_2` FOREIGN KEY (`supplID`)
    REFERENCES `drugSuppl` (`id`),
  CONSTRAINT `drugStock_ibfk_4` FOREIGN KEY (`packageID`)
    REFERENCES `drugPackage` (`id`)
) ENGINE=InnoDB AUTO_INCREMENT=2 DEFAULT CHARSET=utf8 COLLATE=utf8_bin;

INSERT INTO `drugStock` VALUES (1,1037,0,3,'2021-01-22',NULL,NULL,NULL);

DROP TABLE IF EXISTS `drugSuppl`;

CREATE TABLE `drugSuppl` (
  `id` int(11) NOT NULL AUTO_INCREMENT,
  `name` varchar(100) COLLATE utf8_bin NOT NULL,
  `address` varchar(100) COLLATE utf8_bin DEFAULT NULL,
  `phone` varchar(100) COLLATE utf8_bin DEFAULT NULL,
  `email` varchar(100) COLLATE utf8_bin DEFAULT NULL,
  `contact` varchar(100) COLLATE utf8_bin DEFAULT NULL,
  PRIMARY KEY (`id`),
  UNIQUE KEY `name` (`name`)
) ENGINE=InnoDB AUTO_INCREMENT=20 DEFAULT CHARSET=utf8 COLLATE=utf8_bin;

INSERT INTO `drugSuppl` VALUES (2,'Americares','Jakarta',NULL,NULL,NULL),(3,'Kimia Farma','Pontianak',NULL,NULL,NULL),(5,'Farmasi ASRI',NULL,NULL,NULL,NULL),(9,'Buana Medistra Pharma','Pontianak','(0561) 743689',NULL,NULL),(10,'PT Bhinneka Mentaridimensi','Jl. Gunung Sahari Raya 73C No. 16 Jakarta Pusat',NULL,'support@bhinneka.com','(62-21) 29292828'),(13,'Kebayoran Pharma','Pontianak',NULL,NULL,NULL),(15,'Apotik Berkat','Pontianak',NULL,NULL,NULL),(17,'Tri Sapta Jaya','JL. Puskesmas Pal 3 Kec. Pontianak Barat',NULL,NULL,NULL),(19,'Anuggrah Argon Medica','Pontianak',NULL,NULL,NULL);

DROP TABLE IF EXISTS `dusun`;

CREATE TABLE `dusun` (
  `id` int(11) NOT NULL AUTO_INCREMENT,
  `dusun` varchar(50) COLLATE utf8_bin NOT NULL,
--  `desa` varchar(50) COLLATE utf8_bin NOT NULL,
--  `kecamatan` varchar(30) COLLATE utf8_bin NOT NULL,
--  `kabupaten` varchar(20) COLLATE utf8_bin NOT NULL,
  PRIMARY KEY (`id`),
  UNIQUE KEY `dusun` (`dusun`)
) ;

INSERT INTO dusun (`dusun`) VALUES
('Ambahipiky'),
('Ambatsaratova'),
('Amboangibe'),
('Ambodiria'),
('Ampamohaza'),
('Analameloka'),
('Anambotaky'),
('Anangongo'),
('Andrafia'),
('Anivorano'),
('Ankazobaky'),
('Ankazotsararavina'),
('Antavibe'),
('Antseranampasy'),
('Bekaraoky'),
('Karimbelo'),
('Mahatsinjo'),
('Maheritraka'),
('Manombo'),
('Marodia'),
('Maropanahy'),
('Marovandrika'),
('Marovary'),
('Namohora'),
('Sahamahitsy'),
('Sily'),
('Takoandra'),
('Tsaratanana'),
('Vohidroy'),
('Vohilava');

DROP TABLE IF EXISTS `icd10`;

CREATE TABLE `icd10` (
  `id` int(11) NOT NULL AUTO_INCREMENT,
  `code` varchar(50) COLLATE utf8_bin NOT NULL,
  `name` varchar(200) COLLATE utf8_bin NOT NULL,
  `common` tinyint(1) NOT NULL DEFAULT 0,
  PRIMARY KEY (`id`),
  UNIQUE KEY `icd10` (`code`)
) ENGINE=InnoDB DEFAULT CHARSET=utf8 COLLATE=utf8_bin AUTO_INCREMENT=1694;

INSERT INTO `icd10` (`id`, `code`, `name`, `common`) VALUES
(1, 'A00', 'Cholra', 1),
(2, 'A01', 'Fivres typhode et paratyphode', 1),
(3, 'A02', 'Autres infections  salmonelles', 0),
(4, 'A03', 'Shigellose', 0),
(5, 'A04', 'Autres infections intestinales bactriennes', 0),
(6, 'A05', 'Autres intoxications bactriennes dorigine alimentaire, non classes ailleurs', 1),
(7, 'A06', 'Amibiase', 0),
(8, 'A07', 'Autres maladies intestinales  protozoaires', 0),
(9, 'A08', 'Infections virales intestinales et autres infections intestinales prcises', 0),
(10, 'A09', 'Diarrhe et gastro-entrite dorigine prsume infectieuse', 1),
(11, 'A15', 'Tuberculose de lappareil respiratoire, avec confirmation bactriologique et histologique', 1),
(12, 'A16', 'Tuberculose de lappareil respiratoire, sans confirmation bactriologique ou histologique', 0),
(13, 'A17', 'Tuberculose du systme nerveux', 0),
(14, 'A18', 'Tuberculose dautres organes', 0),
(15, 'A19', 'Tuberculose miliaire', 0),
(16, 'A20', 'Peste', 0),
(17, 'A21', 'Tularmie', 0),
(18, 'A22', 'Charbon', 0),
(19, 'A23', 'Brucellose', 0),
(20, 'A24', 'Morve et mliodose', 0),
(21, 'A25', 'Fivres causes par morsure de rat', 0),
(22, 'A26', 'Erysiplode', 0),
(23, 'A27', 'Leptospirose', 0),
(24, 'A28', 'Autres anthropozoonoses bactriennes, non classes ailleurs', 0),
(25, 'A30', 'Lpre [maladie de Hansen]', 1),
(26, 'A31', 'Infections dues  dautres mycobactries', 0),
(27, 'A32', 'Listriose', 0),
(28, 'A33', 'Ttanos nonatal', 0),
(29, 'A34', 'Ttanos obsttrical', 0),
(30, 'A35', 'Autres formes de ttanos', 0),
(31, 'A36', 'Diphtrie', 1),
(32, 'A37', 'Coqueluche', 1),
(33, 'A38', 'Scarlatine', 0),
(34, 'A39', 'Infection  mningocoques', 0),
(35, 'A40', 'Septicmie  streptocoques', 0),
(36, 'A41', 'Autres septicmies', 0),
(37, 'A42', 'Actinomycose', 0),
(38, 'A43', 'Nocardiose', 0),
(39, 'A44', 'Bartonellose', 0),
(40, 'A46', 'Erysiple', 0),
(41, 'A48', 'Autres maladies bactriennes, non classes ailleurs', 0),
(42, 'A49', 'Infection bactrienne, sige non prcis', 1),
(43, 'A50', 'Syphilis congnitale', 0),
(44, 'A51', 'Syphilis prcoce', 0),
(45, 'A52', 'Syphilis tardive', 0),
(46, 'A53', 'Syphilis, autres et sans prcision', 0),
(47, 'A54', 'Infection gonococcique', 0),
(48, 'A55', 'Lymphogranulomatose vnrienne  Chlamydia', 0),
(49, 'A56', 'Autres infections  Chlamydia transmises par voie sexuelle', 0),
(50, 'A57', 'Chancre mou', 0),
(51, 'A58', 'Granulome inguinal', 0),
(52, 'A59', 'Trichomonase', 0),
(53, 'A60', 'Infection ano-gnitale par le virus de lherps [herpes simplex]', 0),
(54, 'A63', 'Autres maladies dont le mode de transmission est essentiellement sexuel, non classes ailleurs', 0),
(55, 'A64', 'Maladie sexuellement transmise, sans prcision', 0),
(56, 'A65', 'Syphilis non vnrienne', 0),
(57, 'A66', 'Pian', 0),
(58, 'A67', 'Pinta [carat]', 0),
(59, 'A68', 'Fivres rcurrentes [borrlioses]', 0),
(60, 'A69', 'Autres infections  spirochtes', 0),
(61, 'A70', 'Infection  Chlamydia psittaci', 0),
(62, 'A71', 'Trachome', 0),
(63, 'A74', 'Autres infections  Chlamydia', 0),
(64, 'A75', 'Typhus', 0),
(65, 'A77', 'Fivre pourpre [rickettsioses  tiques]', 0),
(66, 'A78', 'Fivre Q', 0),
(67, 'A79', 'Autres rickettsioses', 0),
(68, 'A80', 'Poliomylite aigu', 0),
(69, 'A81', 'Infections atypiques  virus, du systme nerveux central', 0),
(70, 'A82', 'Rage', 1),
(71, 'A83', 'Encphalite virale transmise par des moustiques', 0),
(72, 'A84', 'Encphalite virale transmise par des tiques', 0),
(73, 'A85', 'Autres encphalites virales, non classes ailleurs', 0),
(74, 'A86', 'Encphalite virale, sans prcision', 0),
(75, 'A87', 'Mningite virale', 0),
(76, 'A88', 'Autres infections virales du systme nerveux central, non classes ailleurs', 0),
(77, 'A89', 'Infection virale du systme nerveux central, sans prcision', 0),
(78, 'A90', 'Dengue [dengue classique]', 0),
(79, 'A91', 'Fivre hmorragique due au virus de la dengue', 0),
(80, 'A92', 'Autres fivres virales transmises par des moustiques', 0),
(81, 'A93', 'Autres fivres virales transmises par des arthropodes, non classes ailleurs', 0),
(82, 'A94', 'Fivre virale transmise par des arthropodes, sans prcision', 0),
(83, 'A95', 'Fivre jaune', 0),
(84, 'A96', 'Fivre hmorragique  arnavirus', 0),
(85, 'A98', 'Autres fivres hmorragiques virales, non classes ailleurs', 0),
(86, 'A99', 'Fivre hmorragique virale, sans prcision', 0),
(87, 'B00', 'Infections par le virus de lherps [herpes simplex]', 0),
(88, 'B01', 'Varicelle', 1),
(89, 'B02', 'Zona [herpes zoster]', 0),
(90, 'B03', 'Variole', 0),
(91, 'B04', 'Monkeypox', 0),
(92, 'B05', 'Rougeole', 0),
(93, 'B06', 'Rubole', 0),
(94, 'B07', 'Verrues dorigine virale', 0),
(95, 'B08', 'Autres infections virales caractrises par des lsions cutano-muqueuses, non classes ailleurs', 0),
(96, 'B09', 'Infection virale caractrise par des lsions cutano-muqueuses, sans prcision', 0),
(97, 'B15', 'Hpatite aigu A', 0),
(98, 'B16', 'Hpatite aigu B', 0),
(99, 'B17', 'Autres hpatites virales aigus', 0),
(100, 'B18', 'Hpatite virale chronique', 0),
(101, 'B19', 'Hpatite virale, sans prcision', 0),
(102, 'B20', 'Immunodficience humaine virale [VIH],  lorigine de maladies infectieuses et parasitaires', 0),
(103, 'B21', 'Immunodficience humaine virale [VIH],  lorigine de tumeurs malignes', 0),
(104, 'B22', 'Immunodficience humaine virale [VIH],  lorigine dautres affections prcises', 0),
(105, 'B23', 'Immunodficience humaine virale [VIH],  lorigine dautres maladies', 0),
(106, 'B24', 'Immunodficience humaine virale [VIH], sans prcision', 0),
(107, 'B25', 'Maladie  cytomgalovirus', 0),
(108, 'B26', 'Oreillons', 1),
(109, 'B27', 'Mononuclose infectieuse', 0),
(110, 'B30', 'Conjonctivite virale', 0),
(111, 'B33', 'Autres maladies  virus, non classes ailleurs', 0),
(112, 'B34', 'Infection virale, sige non prcis', 0),
(113, 'B35', 'Dermatophytose', 0),
(114, 'B36', 'Autres mycoses superficielles', 0),
(115, 'B37', 'Candidose', 0),
(116, 'B38', 'Coccidiodomycose', 0),
(117, 'B39', 'Histoplasmose', 0),
(118, 'B40', 'Blastomycose', 0),
(119, 'B41', 'Paracoccidiodomycose', 0),
(120, 'B42', 'Sporotrichose', 0),
(121, 'B43', 'Chromomycose [chromoblastomycose] et abcs phaeohyphomycosique', 0),
(122, 'B44', 'Aspergillose', 0),
(123, 'B45', 'Cryptococcose', 0),
(124, 'B46', 'Zygomycose', 0),
(125, 'B47', 'Myctome', 0),
(126, 'B48', 'Autres mycoses, non classes ailleurs', 0),
(127, 'B49', 'Mycose, sans prcision', 0),
(128, 'B50', 'Paludisme  Plasmodium falciparum', 0),
(129, 'B51', 'Paludisme  Plasmodium vivax', 0),
(130, 'B52', 'Paludisme  Plasmodium malariae', 0),
(131, 'B53', 'Autres paludismes confirms par examen parasitologique', 0),
(132, 'B54', 'Paludisme, sans prcision', 0),
(133, 'B55', 'Leishmaniose', 0),
(134, 'B56', 'Trypanosomiase africaine', 0),
(135, 'B57', 'Maladie de Chagas', 0),
(136, 'B58', 'Toxoplasmose', 0),
(137, 'B59', 'Pneumocystose (J17.3*) ', 0),
(138, 'B60', 'Autres maladies dues  des protozoaires, non classes ailleurs', 0),
(139, 'B64', 'Maladie due  des protozoaires, sans prcision', 0),
(140, 'B65', 'Schistosomiase [bilharziose]', 0),
(141, 'B66', 'Autres infections par douves [distomatoses]', 0),
(142, 'B67', 'Echinococcose', 0),
(143, 'B68', 'Infection  Taenia [tniase]', 0),
(144, 'B69', 'Cysticercose', 1),
(145, 'B70', 'Diphyllobothriase et sparganose', 0),
(146, 'B71', 'Autres infections  cestodes', 0),
(147, 'B72', 'Dracunculose', 0),
(148, 'B73', 'Onchocercose', 0),
(149, 'B74', 'Filariose', 0),
(150, 'B75', 'Trichinose', 0),
(151, 'B76', 'Ankylostomiase', 0),
(152, 'B77', 'Ascaridiase', 0),
(153, 'B78', 'Anguillulose [strongylodose]', 0),
(154, 'B79', 'Infection  Trichuris trichiuria', 0),
(155, 'B80', 'Oxyurose', 0),
(156, 'B81', 'Autres helminthiases intestinales, non classes ailleurs', 0),
(157, 'B82', 'Parasitose intestinale, sans prcision', 0),
(158, 'B83', 'Autres helminthiases', 0),
(159, 'B85', 'Pdiculose et phtiriase', 0),
(160, 'B86', 'Gale', 0),
(161, 'B87', 'Myiase', 0),
(162, 'B88', 'Autres infestations', 0),
(163, 'B89', 'Parasitose, sans prcision', 0),
(164, 'B90', 'Squelles de tuberculose', 0),
(165, 'B91', 'Squelles de poliomylite', 0),
(166, 'B92', 'Squelles de lpre', 0),
(167, 'B94', 'Squelles de maladies infectieuses et parasitaires, autres et non prcises', 0),
(168, 'B95', 'Streptocoques et staphylocoques, cause de maladies classes dans dautres chapitres', 0),
(169, 'B96', 'Autres agents bactriens, cause de maladies classes dans dautres chapitres', 0),
(170, 'B97', 'Virus, cause de maladies classes dans dautres chapitres', 0),
(171, 'B99', 'Maladies infectieuses, autres et non prcises', 0),
(172, 'C00', 'Tumeur maligne de la lvre', 0),
(173, 'C01', 'Tumeur maligne de la base de la langue', 0),
(174, 'C02', 'Tumeur maligne de la langue, parties autres et non prcises', 0),
(175, 'C03', 'Tumeur maligne de la gencive', 0),
(176, 'C04', 'Tumeur maligne du plancher de la bouche', 0),
(177, 'C05', 'Tumeur maligne du palais', 0),
(178, 'C06', 'Tumeur maligne de la bouche, parties autres et non prcises', 0),
(179, 'C07', 'Tumeur maligne de la glande parotide', 0),
(180, 'C08', 'Tumeur maligne des glandes salivaires principales, autres et non prcises', 0),
(181, 'C09', 'Tumeur maligne de lamygdale', 0),
(182, 'C10', 'Tumeur maligne de loropharynx', 0),
(183, 'C11', 'Tumeur maligne du rhinopharynx', 0),
(184, 'C12', 'Tumeur maligne du sinus piriforme', 0),
(185, 'C13', 'Tumeur maligne de lhypopharynx', 0),
(186, 'C14', 'Tumeur maligne de la lvre, de la cavit buccale et du pharynx, de siges autres et mal dfinis', 0),
(187, 'D00', 'Carcinome in situ de la cavit buccale, de lsophage et de lestomac', 0),
(188, 'D01', 'Carcinome in situ des organes digestifs, autres et non prciss', 0),
(189, 'D02', 'Carcinome in situ de loreille moyenne et de lappareil respiratoire', 0),
(190, 'D03', 'Mlanome in situ', 0),
(191, 'D04', 'Carcinome in situ de la peau', 0),
(192, 'D05', 'Carcinome in situ du sein', 0),
(193, 'D06', 'Carcinome in situ du col de lutrus', 0),
(194, 'D07', 'Carcinome in situ dorganes gnitaux, autres et non prciss', 0),
(195, 'D09', 'Carcinome in situ de siges autres et non prciss', 0),
(196, 'D10', 'Tumeur bnigne de la bouche et du pharynx', 0),
(197, 'D11', 'Tumeur bnigne des glandes salivaires principales', 0),
(198, 'D12', 'Tumeur bnigne du clon, du rectum, de lanus et du canal anal', 0),
(199, 'D13', 'Tumeurs bnignes de parties autres et mal dfinies de lappareil digestif', 0),
(200, 'D14', 'Tumeur bnigne de loreille moyenne et de lappareil respiratoire', 0),
(201, 'D15', 'Tumeur bnigne des organes intrathoraciques, autres et non prciss', 0),
(202, 'D16', 'Tumeur bnigne des os et du cartilage articulaire', 0),
(203, 'D17', 'Tumeur lipomateuse bnigne', 0),
(204, 'D18', 'Hmangiome et lymphangiome, tout sige', 0),
(205, 'D19', 'Tumeur bnigne du tissu msothlial', 0),
(206, 'D20', 'Tumeur bnigne des tissus mous du rtropritoine et du pritoine', 0),
(207, 'D21', 'Autres tumeurs bnignes du tissu conjonctif et des autres tissus mous', 0),
(208, 'D22', 'Nvus  mlanocytes', 0),
(209, 'D23', 'Autres tumeurs bnignes de la peau', 0),
(210, 'D24', 'Tumeur bnigne du sein', 0),
(211, 'D25', 'Liomyome de lutrus', 0),
(212, 'D26', 'Autres tumeurs bnignes de lutrus', 0),
(213, 'D27', 'Tumeur bnigne de lovaire', 0),
(214, 'D28', 'Tumeur bnigne des organes gnitaux de la femme, autres et non prciss', 0),
(215, 'D29', 'Tumeur bnigne des organes gnitaux de lhomme', 0),
(216, 'D30', 'Tumeur bnigne des organes urinaires', 0),
(217, 'D31', 'Tumeur bnigne de lil et de ses annexes', 0),
(218, 'D32', 'Tumeur bnigne des mninges', 0),
(219, 'D33', 'Tumeur bnigne de lencphale et dautres parties du systme nerveux central', 0),
(220, 'D34', 'Tumeur bnigne de la thyrode', 0),
(221, 'D35', 'Tumeur bnigne des glandes endocrines, autres et non prcises', 0),
(222, 'D36', 'Tumeur bnigne de siges autres et non prciss', 0),
(223, 'D37', 'Tumeur de la cavit buccale et des organes digestifs  volution imprvisible ou inconnue', 0),
(224, 'D38', 'Tumeur de loreille moyenne et des organes respiratoires et intrathoraciques  volution imprvisible ou inconnue', 0),
(225, 'D39', 'Tumeur des organes gnitaux de la femme  volution imprvisible ou inconnue', 0),
(226, 'D40', 'Tumeur des organes gnitaux de lhomme  volution imprvisible ou inconnue', 0),
(227, 'D41', 'Tumeur des organes urinaires  volution imprvisible ou inconnue', 0),
(228, 'D42', 'Tumeur des mninges  volution imprvisible ou inconnue', 0),
(229, 'D43', 'Tumeur de lencphale et du systme nerveux central  volution imprvisible ou inconnue', 0),
(230, 'D44', 'Tumeur des glandes endocrines  volution imprvisible ou inconnue', 0),
(231, 'D45', 'Polyglobulie essentielle', 0),
(232, 'D46', 'Syndromes mylodysplasiques', 0),
(233, 'D47', 'Autres tumeurs des tissus lymphode, hmatopotique et apparents  volution imprvisible ou inconnue', 0),
(234, 'D48', 'Tumeur de siges autres et non prciss  volution imprvisible ou inconnue', 0),
(235, 'D50', 'Anmie par carence en fer', 0),
(236, 'D51', 'Anmie par carence en vitamine B12', 0),
(237, 'D52', 'Anmie par carence en acide folique', 0),
(238, 'D53', 'Autres anmies nutritionnelles', 0),
(239, 'D55', 'Anmie due  des anomalies enzymatiques', 0),
(240, 'D56', 'Thalassmie', 0),
(241, 'D57', 'Affections  hmaties falciformes [drpanocytaires]', 1),
(242, 'D58', 'Autres anmies hmolytiques hrditaires', 0),
(243, 'D59', 'Anmie hmolytique acquise', 0),
(244, 'D60', 'Aplasie mdullaire acquise pure [rythroblastopnie]', 0),
(245, 'D61', 'Autres aplasies mdullaires', 0),
(246, 'D62', 'Anmie posthmorragique aigu', 0),
(247, 'D63', 'Anmie au cours de maladies chroniques classes ailleurs', 0),
(248, 'D64', 'Autres anmies', 0),
(249, 'D65', 'Coagulation intravasculaire dissmine [syndrome de dfibrination]', 0),
(250, 'D66', 'Carence hrditaire en facteur VIII', 0),
(251, 'D67', 'Carence hrditaire en facteur IX', 0),
(252, 'D68', 'Autres anomalies de la coagulation', 0),
(253, 'D69', 'Purpura et autres affections hmorragiques', 0),
(254, 'D70', 'Agranulocytose', 0),
(255, 'D71', 'Anomalies fonctionnelles des granulocytes neutrophiles', 0),
(256, 'D72', 'Autres anomalies des leucocytes', 0),
(257, 'D73', 'Maladies de la rate', 0),
(258, 'D74', 'Mthmoglobinmie', 0),
(259, 'D75', 'Autres maladies du sang et des organes hmatopotiques', 0),
(260, 'D76', 'Certaines maladies du tissu lymphorticulaire et du systme rticulo-histiocytaire', 0),
(261, 'D77', 'Autres maladies du sang et des organes hmatopotiques au cours de maladies classes ailleurs', 0),
(262, 'D80', 'Dficit immunitaire avec dficit prdominant de la production danticorps', 0),
(263, 'D81', 'Dficits immunitaires combins', 0),
(264, 'D82', 'Dficit immunitaire associ  dautres anomalies majeures', 0),
(265, 'D83', 'Dficit immunitaire commun variable', 0),
(266, 'D84', 'Autres dficits immunitaires', 0),
(267, 'D86', 'Sarcodose', 0),
(268, 'D89', 'Autres anomalies du systme immunitaire, non classes ailleurs', 0),
(269, 'E00', 'Syndrome dinsuffisance thyrodienne congnitale', 0),
(270, 'E01', 'Affections thyrodiennes et apparentes lies  une carence en iode', 0),
(271, 'E02', 'Hypothyrodie par carence inapparente en iode', 0),
(272, 'E03', 'Autres hypothyrodies', 0),
(273, 'E04', 'Autres goitres non toxiques', 0),
(274, 'E05', 'Thyrotoxicose [hyperthyrodie]', 0),
(275, 'E06', 'Thyrodite', 0),
(276, 'E07', 'Autres affections de la thyrode', 0),
(277, 'E10', 'Diabte sucr insulino-dpendant', 0),
(278, 'E11', 'Diabte sucr non insulino-dpendant', 0),
(279, 'E12', 'Diabte sucr de malnutrition', 0),
(280, 'E13', 'Autres diabtes sucrs prciss', 0),
(281, 'E14', 'Diabte sucr, sans prcision', 1),
(282, 'E15', 'Coma hypoglycmique non diabtique', 0),
(283, 'E16', 'Autres anomalies de la scrtion pancratique interne', 0),
(284, 'E20', 'Hypoparathyrodie', 0),
(285, 'E21', 'Hyperparathyrodie et autres maladies de la glande parathyrode', 0),
(286, 'E22', 'Hyperscrtion de lhypophyse', 0),
(287, 'E23', 'Hyposcrtion et autres anomalies de lhypophyse', 0),
(288, 'E24', 'Syndrome de Cushing', 0),
(289, 'E25', 'Anomalies gnito-surrnaliennes', 0),
(290, 'E26', 'Hyperaldostronisme', 0),
(291, 'E27', 'Autres maladies de la glande surrnale', 0),
(292, 'E28', 'Dysfonction ovarienne', 0),
(293, 'E29', 'Dysfonction testiculaire', 0),
(294, 'E30', 'Anomalies de la pubert, non classes ailleurs', 0),
(295, 'E31', 'Dysfonctionnement pluriglandulaire', 0),
(296, 'E32', 'Maladies du thymus', 0),
(297, 'E34', 'Autres troubles endocriniens', 0),
(298, 'E35', 'Anomalies endocriniennes au cours de maladies classes ailleurs', 0),
(299, 'E40', 'Kwashiorkor', 0),
(300, 'E41', 'Marasme nutritionnel', 0),
(301, 'E42', 'Kwashiorkor avec marasme', 0),
(302, 'E43', 'Malnutrition protino-nergtique grave, sans prcision', 0),
(303, 'E44', 'Malnutrition protino-nergtique lgre ou modre', 0),
(304, 'E45', 'Retard de dveloppement aprs malnutrition protino-nergtique', 0),
(305, 'E46', 'Malnutrition protino-nergtique, sans prcision', 0),
(306, 'E50', 'Avitaminose A', 0),
(307, 'E51', 'Carence en thiamine', 0),
(308, 'E52', 'Carence en acide nicotinique [pellagre]', 0),
(309, 'E53', 'Autres avitaminoses du groupe B', 0),
(310, 'E54', 'Carence en acide ascorbique', 0),
(311, 'E55', 'Carence en vitamine D', 0),
(312, 'E56', 'Autres avitaminoses', 0),
(313, 'E58', 'Carence alimentaire en calcium', 0),
(314, 'E59', 'Carence alimentaire en slnium', 0),
(315, 'E60', 'Carence alimentaire en zinc', 0),
(316, 'E61', 'Carences en autres lments nutritionnels', 0),
(317, 'E63', 'Autres carences nutritionnelles', 0),
(318, 'E64', 'Squelles de malnutrition et autres carences nutritionnelles', 0),
(319, 'E65', 'Adiposit localise', 0),
(320, 'E66', 'Obsit', 1),
(321, 'E67', 'Autres excs dapport', 0),
(322, 'E68', 'Squelles dexcs dapport', 0),
(323, 'E70', 'Anomalies du mtabolisme des acides amins aromatiques', 0),
(324, 'E71', 'Anomalies du mtabolisme des acides amins  chane ramifie et du mtabolisme des acides gras', 0),
(325, 'E72', 'Autres anomalies du mtabolisme des acides amins', 0),
(326, 'E73', 'Intolrance au lactose', 0),
(327, 'E74', 'Autres anomalies du mtabolisme des hydrates de carbone', 0),
(328, 'E75', 'Anomalies du mtabolisme des sphingolipides et autres anomalies du stockage des lipides', 0),
(329, 'E76', 'Anomalies du mtabolisme des glucosaminoglycanes', 0),
(330, 'E77', 'Anomalies du mtabolisme des glycoprotines', 0),
(331, 'E78', 'Anomalies du mtabolisme des lipoprotines et autres lipidmies', 0),
(332, 'E79', 'Anomalies du mtabolisme de la purine et de la pyrimidine', 0),
(333, 'E80', 'Anomalies du mtabolisme de la porphyrine et de la bilirubine', 0),
(334, 'E83', 'Anomalies du mtabolisme des minraux', 0),
(335, 'E84', 'Fibrose kystique', 0),
(336, 'E85', 'Amylose', 0),
(337, 'E86', 'Hypovolmie', 0),
(338, 'E87', 'Autres dsquilibres hydro-lectrolytiques et acido-basiques', 0),
(339, 'E88', 'Autres anomalies mtaboliques', 0),
(340, 'E89', 'Anomalies endocriniennes et mtaboliques aprs un acte  vise diagnostique et thrapeutique, non classes ailleurs', 0),
(341, 'E90', 'Anomalies nutritionnelles et mtaboliques au cours de maladies classes ailleurs', 0),
(342, 'F00', 'Dmence de la maladie dAlzheimer (G30.-+) ', 0),
(343, 'F01', 'Dmence vasculaire', 0),
(344, 'F02', 'Dmence au cours dautres maladies classes ailleurs', 0),
(345, 'F03', 'Dmence, sans prcision', 0),
(346, 'F04', 'Syndrome amnsique organique, non induit par lalcool et dautres substances psycho-actives', 0),
(347, 'F05', 'Delirium, non induit par lalcool et dautres substances psycho-actives', 0),
(348, 'F06', 'Autres troubles mentaux dus  une lsion crbrale et un dysfonctionnement crbral, et  une affection somatique', 0),
(349, 'F07', 'Troubles de la personnalit et du comportement dus  une affection, une lsion et un dysfonctionnement crbraux', 0),
(350, 'F09', 'Trouble mental organique ou symptomatique, sans prcision', 0),
(351, 'F10', 'Troubles mentaux et du comportement lis  lutilisation dalcool', 0),
(352, 'F11', 'Troubles mentaux et du comportement lis  lutilisation dopiacs', 0),
(353, 'F12', 'Troubles mentaux et du comportement lis  lutilisation de drivs du cannabis', 0),
(354, 'F13', 'Troubles mentaux et du comportement lis  lutilisation de sdatifs ou dhypnotiques', 0),
(355, 'F14', 'Troubles mentaux et du comportement lis  lutilisation de cocane', 0),
(356, 'F15', 'Troubles mentaux et du comportement lis  lutilisation dautres stimulants, y compris la cafine', 0),
(357, 'F16', 'Troubles mentaux et du comportement lis  lutilisation dhallucinognes', 0),
(358, 'F17', 'Troubles mentaux et du comportement lis  lutilisation de tabac', 0),
(359, 'F18', 'Troubles mentaux et du comportement lis  lutilisation de solvants volatils', 0),
(360, 'F19', 'Troubles mentaux et du comportement lis  lutilisation de drogues multiples et troubles lis  lutilisation dautres substances psycho-actives', 0),
(361, 'F20', 'Schizophrnie', 0),
(362, 'F21', 'Trouble schizotypique', 0),
(363, 'F22', 'Troubles dlirants persistants', 0),
(364, 'F23', 'Troubles psychotiques aigus et transitoires', 0),
(365, 'F24', 'Trouble dlirant induit', 0),
(366, 'F25', 'Troubles schizo-affectifs', 0),
(367, 'F28', 'Autres troubles psychotiques non organiques', 0),
(368, 'F29', 'Psychose non organique, sans prcision', 0),
(369, 'F30', 'Episode maniaque', 0),
(370, 'F31', 'Trouble affectif bipolaire', 0),
(371, 'F32', 'Episodes dpressifs', 0),
(372, 'F33', 'Trouble dpressif rcurrent', 0),
(373, 'F34', 'Troubles de lhumeur [affectifs] persistants', 0),
(374, 'F38', 'Autres troubles de lhumeur [affectifs]', 0),
(375, 'F39', 'Trouble de lhumeur [affectif], sans prcision', 0),
(376, 'F40', 'Troubles anxieux phobiques', 0),
(377, 'F41', 'Autres troubles anxieux', 0),
(378, 'F42', 'Trouble obsessionnel-compulsif', 0),
(379, 'F43', 'Raction  un facteur de stress svre, et troubles de ladaptation', 0),
(380, 'F44', 'Troubles dissociatifs [de conversion]', 0),
(381, 'F45', 'Troubles somatoformes', 0),
(382, 'F48', 'Autres troubles nvrotiques', 0),
(383, 'F50', 'Troubles de lalimentation', 0),
(384, 'F51', 'Troubles du sommeil non organiques', 0),
(385, 'F52', 'Dysfonctionnement sexuel, non d  un trouble ou  une maladie organique', 0),
(386, 'F53', 'Troubles mentaux et du comportement associs  la puerpralit, non classs ailleurs', 0),
(387, 'F54', 'Facteurs psychologiques et comportementaux associs  des maladies ou des troubles classs ailleurs', 0),
(388, 'F55', 'Abus de substances nentranant pas de dpendance', 0),
(389, 'F59', 'Syndromes comportementaux non prciss associs  des perturbations physiologiques et  des facteurs physiques', 0),
(390, 'F60', 'Troubles spcifiques de la personnalit', 0),
(391, 'F61', 'Troubles mixtes de la personnalit et autres troubles de la personnalit', 0),
(392, 'F62', 'Modification durable de la personnalit non attribuable  une lsion et une maladie crbrales', 0),
(393, 'F63', 'Troubles des habitudes et des impulsions', 0),
(394, 'F64', 'Troubles de lidentit sexuelle', 0),
(395, 'F65', 'Troubles de la prfrence sexuelle', 0),
(396, 'F66', 'Problmes psychologiques et comportementaux associs au dveloppement sexuel et  son orientation', 0),
(397, 'F68', 'Autres troubles de la personnalit et du comportement chez ladulte', 0),
(398, 'F69', 'Trouble de la personnalit et du comportement chez ladulte, sans prcision', 0),
(399, 'F70', 'Retard mental lger', 0),
(400, 'F71', 'Retard mental moyen', 0),
(401, 'F72', 'Retard mental grave', 0),
(402, 'F73', 'Retard mental profond', 0),
(403, 'F78', 'Autres formes de retard mental', 0),
(404, 'F79', 'Retard mental, sans prcision', 0),
(405, 'F80', 'Troubles spcifiques du dveloppement de la parole et du langage', 0),
(406, 'F81', 'Troubles spcifiques du dveloppement des acquisitions scolaires', 0),
(407, 'F82', 'Trouble spcifique du dveloppement moteur', 0),
(408, 'F83', 'Troubles spcifiques mixtes du dveloppement', 0),
(409, 'F84', 'Troubles envahissants du dveloppement', 0),
(410, 'F88', 'Autres troubles du dveloppement psychologique', 0),
(411, 'F89', 'Trouble du dveloppement psychologique, sans prcision', 0),
(412, 'F90', 'Troubles hyperkintiques', 0),
(413, 'F91', 'Troubles des conduites', 0),
(414, 'F92', 'Troubles mixtes des conduites et troubles motionnels', 0),
(415, 'F93', 'Troubles motionnels apparaissant spcifiquement dans lenfance', 0),
(416, 'F94', 'Troubles du fonctionnement social apparaissant spcifiquement durant lenfance et ladolescence', 0),
(417, 'F95', 'Tics', 0),
(418, 'F98', 'Autres troubles du comportement et troubles motionnels apparaissant habituellement durant lenfance et ladolescence', 0),
(419, 'F99', 'Trouble mental, sans autre indication', 1),
(420, 'G00', 'Mningite bactrienne, non classe ailleurs', 0),
(421, 'G01', 'Mningite au cours daffections bactriennes classes ailleurs', 0),
(422, 'G02', 'Mningite au cours dautres maladies infectieuses et parasitaires classes ailleurs', 0),
(423, 'G03', 'Mningite due  des causes autres et non prcises', 0),
(424, 'G04', 'Encphalite, mylite et encphalomylite', 0),
(425, 'G05', 'Encphalite, mylite et encphalomylite au cours daffections classes ailleurs', 0),
(426, 'G06', 'Abcs et granulome intracrniens et intrarachidiens', 0),
(427, 'G07', 'Abcs et granulome intracrniens et intrarachidiens au cours daffections classes ailleurs', 0),
(428, 'G08', 'Phlbite et thrombophlbite intracrniennes et intrarachidiennes', 0),
(429, 'G09', 'Squelles daffections inflammatoires du systme nerveux central', 0),
(430, 'G10', 'Chore de Huntington', 0),
(431, 'G11', 'Ataxie hrditaire', 0),
(432, 'G12', 'Amyotrophie spinale et syndromes apparents', 0),
(433, 'G13', 'Affections dgnratives systmiques affectant principalement le systme nerveux central au cours daffections classes ailleurs', 0),
(434, 'G20', 'Maladie de Parkinson', 0),
(435, 'G21', 'Syndrome parkinsonien secondaire', 0),
(436, 'G22', 'Syndrome parkinsonien au cours de maladies classes ailleurs', 0),
(437, 'G23', 'Autres maladies dgnratives des noyaux gris centraux', 0),
(438, 'G24', 'Dystonie', 0),
(439, 'G25', 'Autres syndromes extrapyramidaux et troubles de la motricit', 0),
(440, 'G26', 'Syndromes extrapyramidaux et troubles de la motricit au cours daffections classes ailleurs', 0),
(441, 'G30', 'Maladie dAlzheimer', 0),
(442, 'G31', 'Autres affections dgnratives du systme nerveux, non classes ailleurs', 0),
(443, 'G32', 'Autres affections dgnratives du systme nerveux au cours daffections classes ailleurs', 0),
(444, 'G35', 'Sclrose en plaques', 0),
(445, 'G36', 'Autres affections dmylinisantes aigus dissmines', 0),
(446, 'G37', 'Autres affections dmylinisantes du systme nerveux central', 0),
(447, 'G40', 'Epilepsie', 1),
(448, 'G41', 'Etat de mal pileptique', 0),
(449, 'G43', 'Migraine', 0),
(450, 'G44', 'Autres syndromes dalgies cphaliques', 0),
(451, 'G45', 'Accidents ischmiques crbraux transitoires et syndromes apparents', 0),
(452, 'G46', 'Syndromes vasculaires crbraux au cours de maladies crbrovasculaires (I60-I67+) ', 0),
(453, 'G47', 'Troubles du sommeil', 0),
(454, 'G50', 'Affections du nerf trijumeau', 0),
(455, 'G51', 'Affections du nerf facial', 0),
(456, 'G52', 'Affections des autres nerfs crniens', 0),
(457, 'G53', 'Affections des nerfs crniens au cours de maladies classes ailleurs', 0),
(458, 'G54', 'Affections des racines et des plexus nerveux', 0),
(459, 'G55', 'Compression des racines et des plexus nerveux au cours de maladies classes ailleurs', 0),
(460, 'G56', 'Mononvrite du membre suprieur', 0),
(461, 'G57', 'Mononvrite du membre infrieur', 0),
(462, 'G58', 'Autres mononvrites', 0),
(463, 'G59', 'Mononvrite au cours de maladies classes ailleurs', 0),
(464, 'G60', 'Neuropathie hrditaire et idiopathique', 0),
(465, 'G61', 'Polynvrites inflammatoires', 0),
(466, 'G62', 'Autres polynvrites', 0),
(467, 'G63', 'Polynvrite au cours de maladies classes ailleurs', 0),
(468, 'G64', 'Autres affections du systme nerveux priphrique', 0),
(469, 'G70', 'Myasthnie et autres affections neuro-musculaires', 0),
(470, 'G71', 'Affections musculaires primitives', 0),
(471, 'G72', 'Autres myopathies', 0),
(472, 'G73', 'Affections musculaires et neuro-musculaires au cours de maladies classes ailleurs', 0),
(473, 'G80', 'Paralysie crbrale', 1),
(474, 'G81', 'Hmiplgie', 0),
(475, 'G82', 'Paraplgie et ttraplgie', 0),
(476, 'G83', 'Autres syndromes paralytiques', 0),
(477, 'G90', 'Affections du systme nerveux autonome', 0),
(478, 'G91', 'Hydrocphalie', 0),
(479, 'G92', 'Encphalopathie toxique', 0),
(480, 'G93', 'Autres affections du cerveau', 0),
(481, 'G94', 'Autres affections du cerveau au cours de maladies classes ailleurs', 0),
(482, 'G95', 'Autres affections de la moelle pinire', 0),
(483, 'G96', 'Autres affections du systme nerveux central', 0),
(484, 'G97', 'Affections du systme nerveux aprs un acte  vise diagnostique et thrapeutique, non classes ailleurs', 0),
(485, 'G98', 'Autres affections du systme nerveux, non classes ailleurs', 0),
(486, 'G99', 'Autres affections du systme nerveux au cours de maladies classes ailleurs', 0),
(487, 'H00', 'Orgelet et chalazion', 0),
(488, 'H01', 'Autres inflammations de la paupire', 0),
(489, 'H02', 'Autres affections des paupires', 0),
(490, 'H03', 'Affections de la paupire au cours de maladies classes ailleurs', 0),
(491, 'H04', 'Affections de lappareil lacrymal', 0),
(492, 'H05', 'Affections de lorbite', 0),
(493, 'H06', 'Affections de lappareil lacrymal et de lorbite au cours de maladies classes ailleurs', 0),
(494, 'H10', 'Conjonctivite', 1),
(495, 'H11', 'Autres affections de la conjonctive', 0),
(496, 'H13', 'Affections de la conjonctive au cours de maladies classes ailleurs', 0),
(497, 'H15', 'Affections de la sclrotique', 0),
(498, 'H16', 'Kratite', 0),
(499, 'H17', 'Cicatrices et opacits cornennes', 0),
(500, 'H18', 'Autres affections de la corne', 0),
(501, 'H19', 'Affections de la sclrotique et de la corne au cours de maladies classes ailleurs', 0),
(502, 'H20', 'Iridocyclite', 0),
(503, 'H21', 'Autres affections de liris et du corps ciliaire', 0),
(504, 'H22', 'Affections de liris et du corps ciliaire au cours de maladies classes ailleurs', 0),
(505, 'H25', 'Cataracte snile', 1),
(506, 'H26', 'Autres cataractes', 0),
(507, 'H27', 'Autres affections du cristallin', 0),
(508, 'H28', 'Cataracte et autres affections du cristallin au cours de maladies classes ailleurs', 0),
(509, 'H30', 'Choriortinite', 0),
(510, 'H31', 'Autres affections de la chorode', 0),
(511, 'H32', 'Affections choriortiniennes au cours de maladies classes ailleurs', 0),
(512, 'H33', 'Dcollement et dchirure de la rtine', 0),
(513, 'H34', 'Occlusions vasculaires rtiniennes', 0),
(514, 'H35', 'Autres affections rtiniennes', 0),
(515, 'H36', 'Affections rtiniennes au cours de maladies classes ailleurs', 0),
(516, 'H40', 'Glaucome', 0),
(517, 'H42', 'Glaucome au cours de maladies classes ailleurs', 0),
(518, 'H43', 'Affections du corps vitr', 0),
(519, 'H44', 'Affections du globe oculaire', 0),
(520, 'H45', 'Affections du corps vitr et du globe oculaire au cours de maladies classes ailleurs', 0),
(521, 'H46', 'Nvrite optique', 0),
(522, 'H47', 'Autres affections du nerf [II] et des voies optiques', 0),
(523, 'H48', 'Affections du nerf [II] et des voies optiques au cours de maladies classes ailleurs', 0),
(524, 'H49', 'Strabisme paralytique', 0),
(525, 'H50', 'Autres strabismes', 0),
(526, 'H51', 'Autres anomalies des mouvements binoculaires', 0),
(527, 'H52', 'Vices de rfraction et troubles de laccommodation', 0),
(528, 'H53', 'Troubles de la vision', 0),
(529, 'H54', 'Ccit et baisse de la vision', 0),
(530, 'H55', 'Nystagmus et autres anomalies des mouvements oculaires', 0),
(531, 'H57', 'Autres affections de lil et de ses annexes', 0),
(532, 'H58', 'Autres affections de lil et de ses annexes au cours de maladies classes ailleurs', 0),
(533, 'H59', 'Affections de lil et de ses annexes aprs un acte  vise diagnostique et thrapeutique, non classes ailleurs', 0),
(534, 'H60', 'Otite externe', 1),
(535, 'H61', 'Autres affections de loreille externe', 0),
(536, 'H62', 'Affections de loreille externe au cours de maladies classes ailleurs', 0),
(537, 'H65', 'Otite moyenne non suppure', 0),
(538, 'H66', 'Otite moyenne suppure et sans prcision', 0),
(539, 'H67', 'Otite moyenne au cours de maladies classes ailleurs', 0),
(540, 'H68', 'Salpingite et obstruction de la trompe dEustache', 0),
(541, 'H69', 'Autres affections de la trompe dEustache', 0),
(542, 'H70', 'Mastodite et affections apparentes', 0),
(543, 'H71', 'Cholestatome de loreille moyenne', 0),
(544, 'H72', 'Perforation du tympan', 0),
(545, 'H73', 'Autres affections du tympan', 0),
(546, 'H74', 'Autres affections de loreille moyenne et de lapophyse mastode', 0),
(547, 'H75', 'Autres affections de loreille moyenne et de lapophyse mastode au cours de maladies classes ailleurs', 0),
(548, 'H80', 'Otosclrose', 0),
(549, 'H81', 'Atteintes des fonctions vestibulaires', 0),
(550, 'H82', 'Syndromes vertigineux au cours de maladies classes ailleurs', 0),
(551, 'H83', 'Autres maladies de loreille interne', 0),
(552, 'H90', 'Surdit de transmission et neurosensorielle', 0),
(553, 'H91', 'Autres pertes de laudition', 0),
(554, 'H92', 'Otalgie et coulement par loreille', 0),
(555, 'H93', 'Autres affections de loreille, non classes ailleurs', 0),
(556, 'H94', 'Autres affections de loreille au cours de maladies classes ailleurs', 0),
(557, 'H95', 'Affections de loreille et de lapophyse mastode aprs un acte  vise diagnostique et thrapeutique, non classes ailleurs', 0),
(558, 'I00', 'Rhumatisme articulaire aigu, sans mention datteinte cardiaque', 0),
(559, 'I01', 'Rhumatisme articulaire aigu, avec atteinte cardiaque', 0),
(560, 'I02', 'Chore rhumatismale', 0),
(561, 'I05', 'Maladies rhumatismales de la valvule mitrale', 0),
(562, 'I06', 'Maladies rhumatismales de la valvule aortique', 0),
(563, 'I07', 'Maladies rhumatismales de la valvule tricuspide', 0),
(564, 'I08', 'Maladies de plusieurs valvules', 0),
(565, 'I09', 'Autres cardiopathies rhumatismales', 0),
(566, 'I10', 'Hypertension essentielle (primitive)', 0),
(567, 'I11', 'Cardiopathie hypertensive', 0),
(568, 'I12', 'Nphropathie hypertensive', 0),
(569, 'I13', 'Cardionphropathie hypertensive', 0),
(570, 'I15', 'Hypertension secondaire', 0),
(571, 'I20', 'Angine de poitrine', 0),
(572, 'I21', 'Infarctus aigu du myocarde', 0),
(573, 'I22', 'Infarctus du myocarde  rptition', 0),
(574, 'I23', 'Certaines complications rcentes dun infarctus aigu du myocarde', 0),
(575, 'I24', 'Autres cardiopathies ischmiques aigus', 0),
(576, 'I25', 'Cardiopathie ischmique chronique', 0),
(577, 'I26', 'Embolie pulmonaire', 0),
(578, 'I27', 'Autres affections cardiopulmonaires', 0),
(579, 'I28', 'Autres maladies des vaisseaux pulmonaires', 0),
(580, 'I30', 'Pricardite aigu', 0),
(581, 'I31', 'Autres maladies du pricarde', 0),
(582, 'I32', 'Pricardite au cours de maladies classes ailleurs', 0),
(583, 'I33', 'Endocardite aigu et subaigu', 0),
(584, 'I34', 'Atteintes non rhumatismales de la valvule mitrale', 0),
(585, 'I35', 'Atteintes non rhumatismales de la valvule aortique', 0),
(586, 'I36', 'Atteintes non rhumatismales de la valvule tricuspide', 0),
(587, 'I37', 'Atteintes de la valvule pulmonaire', 0),
(588, 'I38', 'Endocardite, valvule non prcise', 0),
(589, 'I39', 'Endocardite et atteintes valvulaires cardiaques au cours de maladies classes ailleurs', 0),
(590, 'I40', 'Myocardite aigu', 0),
(591, 'I41', 'Myocardite au cours de maladies classes ailleurs', 0),
(592, 'I42', 'Myocardiopathie', 0),
(593, 'I43', 'Myocardiopathie au cours de maladies classes ailleurs', 0),
(594, 'I44', 'Bloc de branche gauche et auriculoventriculaire', 0),
(595, 'I45', 'Autres troubles de la conduction', 0),
(596, 'I46', 'Arrt cardiaque', 0),
(597, 'I47', 'Tachycardie paroxystique', 0),
(598, 'I48', 'Fibrillation et flutter auriculaires', 0),
(599, 'I49', 'Autres arythmies cardiaques', 0),
(600, 'I50', 'Insuffisance cardiaque', 0),
(601, 'I51', 'Complications de cardiopathies et maladies cardiaques mal dfinies', 0),
(602, 'I52', 'Autres cardiopathies au cours de maladies classes ailleurs', 0),
(603, 'I60', 'Hmorragie sous-arachnodienne', 0),
(604, 'I61', 'Hmorragie intracrbrale', 0),
(605, 'I62', 'Autres hmorragies intracrniennes non traumatiques', 0),
(606, 'I63', 'Infarctus crbral', 0),
(607, 'I64', 'Accident vasculaire crbral, non prcis comme tant hmorragique ou par infarctus', 1),
(608, 'I65', 'Occlusion et stnose des artres prcrbrales, nentranant pas un infarctus crbral', 0),
(609, 'I66', 'Occlusion et stnose des artres crbrales, nentranant pas un infarctus crbral', 0),
(610, 'I67', 'Autres maladies crbrovasculaires', 0),
(611, 'I68', 'Troubles crbrovasculaires au cours de maladies classes ailleurs', 0),
(612, 'I69', 'Squelles de maladies crbrovasculaires', 0),
(613, 'I70', 'Athrosclrose', 0),
(614, 'I71', 'Anvrisme aortique et dissection', 0),
(615, 'I72', 'Autres anvrismes', 0),
(616, 'I73', 'Autres maladies vasculaires priphriques', 0),
(617, 'I74', 'Embolie et thrombose artrielles', 0),
(618, 'I77', 'Autres atteintes des artres et artrioles', 0),
(619, 'I78', 'Maladies des capillaires', 0),
(620, 'I79', 'Atteintes des artres, artrioles et capillaires au cours de maladies classes ailleurs', 0),
(621, 'I80', 'Phlbite et thrombophlbite', 0),
(622, 'I81', 'Thrombose de la veine porte', 0),
(623, 'I82', 'Autres embolies et thromboses veineuses', 0),
(624, 'I83', 'Varices des membres infrieurs', 0),
(625, 'I84', 'Hmorrodes', 0),
(626, 'I85', 'Varices sophagiennes', 0),
(627, 'I86', 'Varices dautres localisations', 0),
(628, 'I87', 'Autres atteintes veineuses', 0),
(629, 'I88', 'Lymphadnite non spcifique', 0),
(630, 'I89', 'Autres atteintes non infectieuses des vaisseaux et des ganglions lymphatiques', 1),
(631, 'I95', 'Hypotension', 0),
(632, 'I97', 'Troubles de lappareil circulatoire aprs un acte  vise diagnostique et thrapeutique, non classs ailleurs', 0),
(633, 'I98', 'Autres troubles de lappareil circulatoire au cours de maladies classes ailleurs', 0),
(634, 'I99', 'Troubles autres et non prciss de lappareil circulatoire', 0),
(635, 'J00', 'Rhinopharyngite aigu [rhume banal]', 0),
(636, 'J01', 'Sinusite aigu', 0),
(637, 'J02', 'Pharyngite aigu', 1),
(638, 'J03', 'Amygdalite aigu', 0),
(639, 'J04', 'Laryngite et trachite aigus', 0),
(640, 'J05', 'Laryngite obstructive aigu [croup] et piglottite aigu', 0),
(641, 'J06', 'Infections aigus des voies respiratoires suprieures,  localisations multiples et non prcises', 0),
(642, 'J09', 'Grippe,  virus de grippe aviaire identifi', 0),
(643, 'J10', 'Grippe,  autre virus grippal identifi', 1),
(644, 'J11', 'Grippe, virus non identifi', 0),
(645, 'J12', 'Pneumopathies virales, non classes ailleurs', 0),
(646, 'J13', 'Pneumonie due  Streptococcus pneumoniae', 0),
(647, 'J14', 'Pneumopathie due  Haemophilus influenzae', 0),
(648, 'J15', 'Pneumopathies bactriennes, non classes ailleurs', 0),
(649, 'J16', 'Pneumopathie due  dautres micro-organismes infectieux, non classe ailleurs', 0),
(650, 'J17', 'Pneumopathie au cours de maladies classes ailleurs', 0),
(651, 'J18', 'Pneumopathie  micro-organisme non prcis', 1),
(652, 'J20', 'Bronchite aigu', 0),
(653, 'J21', 'Bronchiolite aigu', 0),
(654, 'J22', 'Infections aigus des voies respiratoires infrieures, sans prcision', 0),
(655, 'J30', 'Rhinite allergique et vasomotrice', 0),
(656, 'J31', 'Rhinite, rhinopharyngite et pharyngite chroniques', 0),
(657, 'J32', 'Sinusite chronique', 0),
(658, 'J33', 'Polype nasal', 0),
(659, 'J34', 'Autres maladies du nez et des sinus du nez', 0),
(660, 'J35', 'Maladies chroniques des amygdales et des vgtations adnodes', 0),
(661, 'J36', 'Angine phlegmoneuse', 0),
(662, 'J37', 'Laryngite et laryngo-trachite chroniques', 0),
(663, 'J38', 'Maladies des cordes vocales et du larynx, non classes ailleurs', 0),
(664, 'J39', 'Autres maladies des voies respiratoires suprieures', 0),
(665, 'J40', 'Bronchite, non prcise comme aigu ou chronique', 0),
(666, 'J41', 'Bronchite chronique simple et mucopurulente', 0),
(667, 'J42', 'Bronchite chronique, sans prcision', 0),
(668, 'J43', 'Emphysme', 0),
(669, 'J44', 'Autres maladies pulmonaires obstructives chroniques', 0),
(670, 'J45', 'Asthme', 1),
(671, 'J46', 'Etat de mal asthmatique', 0),
(672, 'J47', 'Bronchectasie', 0),
(673, 'J60', 'Pneumoconiose des mineurs de charbon', 0),
(674, 'J61', 'Pneumoconiose due  lamiante et  dautres fibres minrales', 0),
(675, 'J62', 'Pneumoconiose due  la poussire de silice', 0),
(676, 'J63', 'Pneumoconiose due  dautres poussires inorganiques', 0),
(677, 'J64', 'Pneumoconiose, sans prcision', 0),
(678, 'J65', 'Pneumoconiose associe  la tuberculose', 0),
(679, 'J66', 'Affections des voies ariennes dues  des poussires organiques prcises', 0),
(680, 'J67', 'Pneumopathie par hypersensibilit aux poussires organiques', 0),
(681, 'J68', 'Affections respiratoires dues  linhalation dagents chimiques, dmanations, de fumes et de gaz', 0),
(682, 'J69', 'Pneumopathie due  des substances solides et liquides', 0),
(683, 'J70', 'Affections respiratoires dues  dautres agents externes', 0),
(684, 'J80', 'Syndrome de dtresse respiratoire de ladulte', 0),
(685, 'J81', 'dme pulmonaire', 0),
(686, 'J82', 'Eosinophilie pulmonaire, non classe ailleurs', 0),
(687, 'J84', 'Autres affections pulmonaires interstitielles', 0),
(688, 'J85', 'Abcs du poumon et du mdiastin', 0),
(689, 'J86', 'Pyothorax', 0),
(690, 'J90', 'Epanchement pleural, non class ailleurs', 0),
(691, 'J91', 'Epanchement pleural au cours de maladies classes ailleurs', 0),
(692, 'J92', 'Plaque pleurale', 0),
(693, 'J93', 'Pneumothorax', 0),
(694, 'J94', 'Autres affections pleurales', 0),
(695, 'J95', 'Troubles respiratoires aprs un acte  vise diagnostique et thrapeutique, non classs ailleurs', 0),
(696, 'J96', 'Insuffisance respiratoire, non classe ailleurs', 0),
(697, 'J98', 'Autres troubles respiratoires', 0),
(698, 'J99', 'Troubles respiratoires au cours de maladies classes ailleurs', 0),
(699, 'K00', 'Troubles de lodontognse', 0),
(700, 'K01', 'Dents incluses et enclaves', 0),
(701, 'K02', 'Caries dentaires', 1),
(702, 'K03', 'Autres maladies des tissus dentaires durs', 0),
(703, 'K04', 'Maladies de la pulpe et des tissus priapicaux', 0),
(704, 'K05', 'Gingivite et maladies priodontales', 0),
(705, 'K06', 'Autres affections de la gencive et de la crte alvolaire dente', 0),
(706, 'K07', 'Anomalies dento-faciales [y compris les malocclusions]', 0),
(707, 'K08', 'Autres affections des dents et du parodonte', 0),
(708, 'K09', 'Kystes de la rgion buccale, non classs ailleurs', 0),
(709, 'K10', 'Autres maladies des mchoires', 0),
(710, 'K11', 'Maladies des glandes salivaires', 0),
(711, 'K12', 'Stomatites et affections apparentes', 0),
(712, 'K13', 'Autres maladies des lvres et de la muqueuse buccale', 0),
(713, 'K14', 'Maladies de la langue', 0),
(714, 'K20', 'sophagite', 0),
(715, 'K21', 'Reflux gastro-sophagien', 0),
(716, 'K22', 'Autres maladies de lsophage', 0),
(717, 'K23', 'Atteintes de lsophage au cours de maladies classes ailleurs', 0),
(718, 'K25', 'Ulcre de lestomac', 0),
(719, 'K26', 'Ulcre du duodnum', 0),
(720, 'K27', 'Ulcre digestif, de sige non prcis', 0),
(721, 'K28', 'Ulcre gastro-jjunal', 0),
(722, 'K29', 'Gastrite et duodnite', 0),
(723, 'K30', 'Dyspepsie', 0),
(724, 'K31', 'Autres maladies de lestomac et du duodnum', 0),
(725, 'K35', 'Appendicite aigu', 0),
(726, 'K36', 'Autres formes dappendicite', 0),
(727, 'K37', 'Appendicite, sans prcision', 0),
(728, 'K38', 'Autres maladies de lappendice', 0),
(729, 'K40', 'Hernie inguinale', 0),
(730, 'K41', 'Hernie crurale', 0),
(731, 'K42', 'Hernie ombilicale', 0),
(732, 'K43', 'Autres hernies de la paroi abdominale antrieure', 0),
(733, 'K44', 'Hernie diaphragmatique', 0),
(734, 'K45', 'Autres hernies abdominales', 0),
(735, 'K46', 'Hernie abdominale non prcise', 0),
(736, 'K50', 'Maladie de Crohn [entrite rgionale]', 0),
(737, 'K51', 'Recto-colite hmorragique [colite ulcreuse]', 0),
(738, 'K52', 'Autres gastro-entrites et colites non infectieuses', 0),
(739, 'K55', 'Troubles vasculaires de lintestin', 0),
(740, 'K56', 'Ilus paralytique et occlusion intestinale sans hernie', 0),
(741, 'K57', 'Diverticulose de lintestin', 0),
(742, 'K58', 'Syndrome de lintestin irritable', 0),
(743, 'K59', 'Autres troubles fonctionnels de lintestin', 0),
(744, 'K60', 'Fissure et fistule des rgions anale et rectale', 0),
(745, 'K61', 'Abcs des rgions anale et rectale', 0),
(746, 'K62', 'Autres maladies de lanus et du rectum', 0),
(747, 'K63', 'Autres maladies de lintestin', 0),
(748, 'K65', 'Pritonite', 0),
(749, 'K66', 'Autres maladies du pritoine', 0),
(750, 'K67', 'Atteintes pritonales au cours de maladies infectieuses classes ailleurs', 0),
(751, 'K70', 'Maladie alcoolique du foie', 0),
(752, 'K71', 'Maladie toxique du foie', 0),
(753, 'K72', 'Insuffisance hpatique, non classe ailleurs', 0),
(754, 'K73', 'Hpatite chronique, non classe ailleurs', 0),
(755, 'K74', 'Fibrose et cirrhose du foie', 0),
(756, 'K75', 'Autres maladies inflammatoires du foie', 0),
(757, 'K76', 'Autres maladies du foie', 0),
(758, 'K77', 'Atteintes hpatiques au cours de maladies classes ailleurs', 0),
(759, 'K80', 'Chollithiase', 0),
(760, 'K81', 'Cholcystite', 0),
(761, 'K82', 'Autres maladies de la vsicule biliaire', 0),
(762, 'K83', 'Autres maladies des voies biliaires', 0),
(763, 'K85', 'Pancratite aigu', 0),
(764, 'K86', 'Autres maladies du pancras', 0),
(765, 'K87', 'Atteintes de la vsicule biliaire, des voies biliaires et du pancras au cours de maladies classes ailleurs', 0),
(766, 'K90', 'Malabsorption intestinale', 0),
(767, 'K91', 'Atteintes de lappareil digestif aprs un acte  vise diagnostique et thrapeutique, non classes ailleurs', 0),
(768, 'K92', 'Autres maladies du systme digestif', 0),
(769, 'K93', 'Atteintes dautres organes de lappareil digestif au cours de maladies classes ailleurs', 0),
(770, 'L00', 'Syndrome dpidermolyse staphylococcique du nourrisson', 0),
(771, 'L01', 'Imptigo', 0),
(772, 'L02', 'Abcs cutan, furoncle et anthrax', 0),
(773, 'L03', 'Phlegmon', 0),
(774, 'L04', 'Lymphadnite aigu', 0),
(775, 'L05', 'Sinus pilonidal', 0),
(776, 'L08', 'Autres infections localises de la peau et du tissu cellulaire sous-cutan', 0),
(777, 'L10', 'Pemphigus', 0),
(778, 'L11', 'Autres acantholyses', 0),
(779, 'L12', 'Pemphigode', 0),
(780, 'L13', 'Autres dermatoses bulleuses', 0),
(781, 'L14', 'Dermatoses bulleuses au cours de maladies classes ailleurs', 0),
(782, 'L20', 'Dermite atopique', 0),
(783, 'L21', 'Dermite sborrhique', 0),
(784, 'L22', 'Dermite fessire du nourrisson', 0),
(785, 'L23', 'Dermite allergique de contact', 0),
(786, 'L24', 'Dermite irritante de contact', 0),
(787, 'L25', 'Dermite de contact, sans prcision', 0),
(788, 'L26', 'Dermite exfoliatrice', 0),
(789, 'L27', 'Dermite due  des substances prises par voie interne', 0),
(790, 'L28', 'Lichen simplex chronique et prurigo', 0),
(791, 'L29', 'Prurit', 0),
(792, 'L30', 'Autres dermites', 0),
(793, 'L40', 'Psoriasis', 0),
(794, 'L41', 'Parapsoriasis', 0),
(795, 'L42', 'Pityriasis ros de Gibert', 0),
(796, 'L43', 'Lichen plan', 0),
(797, 'L44', 'Autres lsions papulo-squameuses', 0),
(798, 'L45', 'Lsions papulo-squameuses au cours de maladies classes ailleurs', 0),
(799, 'L50', 'Urticaire', 0),
(800, 'L51', 'Erythme polymorphe', 0),
(801, 'L52', 'Erythme noueux', 0),
(802, 'L53', 'Autres formes drythme', 0),
(803, 'L54', 'Erythmes au cours de maladies classes ailleurs', 0),
(804, 'L55', 'Coup de soleil', 0),
(805, 'L56', 'Autres modifications aigus de la peau dues aux rayons ultraviolets', 0),
(806, 'L57', 'Modifications de la peau dues  une exposition chronique aux rayonnements non ionisants', 0),
(807, 'L58', 'Radiodermite', 0),
(808, 'L59', 'Autres affections de la peau et du tissu cellulaire sous-cutan lies  une irradiation', 0),
(809, 'L60', 'Maladies des ongles', 0),
(810, 'L62', 'Maladies des ongles au cours de maladies classes ailleurs', 0),
(811, 'L63', 'Pelade', 0),
(812, 'L64', 'Alopcie andrognique', 0),
(813, 'L65', 'Autres formes non cicatricielles de rarfaction du systme pileux', 0),
(814, 'L66', 'Alopcie cicatricielle', 0),
(815, 'L67', 'Anomalies de la pigmentation et de la gaine capillaires', 0),
(816, 'L68', 'Hypertrichose', 0),
(817, 'L70', 'Acn', 0),
(818, 'L71', 'Acn rosace', 0),
(819, 'L72', 'Kystes folliculaires de la peau et du tissu cellulaire sous-cutan', 0),
(820, 'L73', 'Autres affections folliculaires', 0),
(821, 'L74', 'Affections des glandes sudoripares exocrines', 0),
(822, 'L75', 'Affections des glandes sudoripares apocrines', 0),
(823, 'L80', 'Vitiligo', 0),
(824, 'L81', 'Autres anomalies de la pigmentation', 0),
(825, 'L82', 'Kratose sborrhique', 0),
(826, 'L83', 'Acanthosis nigricans', 0),
(827, 'L84', 'Cors et callosits', 0),
(828, 'L85', 'Autres paississements de lpiderme', 0),
(829, 'L86', 'Kratodermie au cours de maladies classes ailleurs', 0),
(830, 'L87', 'Anomalies de llimination transpidermique', 0),
(831, 'L88', 'Pyodermite gangrneuse', 0),
(832, 'L89', 'Ulcre de dcubitus', 0),
(833, 'L90', 'Affections atrophiques de la peau', 0),
(834, 'L91', 'Affections hypertrophiques de la peau', 0),
(835, 'L92', 'Lsions granulomateuses de la peau et du tissu cellulaire sous-cutan', 0),
(836, 'L93', 'Lupus rythmateux', 0),
(837, 'L94', 'Autres affections localises du tissu conjonctif', 0),
(838, 'L95', 'Vascularite [angite] limite  la peau, non classe ailleurs', 0),
(839, 'L97', 'Ulcre du membre infrieur, non class ailleurs', 0),
(840, 'L98', 'Autres affections de la peau et du tissu cellulaire sous-cutan, non classes ailleurs', 0),
(841, 'L99', 'Autres affections de la peau et du tissu cellulaire sous-cutan au cours de maladies classes ailleurs', 0),
(842, 'M00', 'Arthrites  bactries pyognes', 0),
(843, 'M01', 'Arthrites infectieuses directes au cours de maladies infectieuses et parasitaires classes ailleurs', 0),
(844, 'M02', 'Arthropathies ractionnelles', 0),
(845, 'M03', 'Arthropathies post-infectieuses et ractionnelles au cours de maladies classes ailleurs', 0),
(846, 'M30', 'Priartrite noueuse et affections apparentes', 0),
(847, 'M31', 'Autres vasculopathies ncrosantes', 0),
(848, 'M32', 'Lupus rythmateux dissmin', 0),
(849, 'M33', 'Dermatopolymyosite', 0),
(850, 'M34', 'Sclrose systmique', 0),
(851, 'M35', 'Autres atteintes systmiques du tissu conjonctif', 0),
(852, 'M36', 'Atteintes systmiques du tissu conjonctif au cours de maladies classes ailleurs', 0),
(853, 'M40', 'Cyphose et lordose', 0),
(854, 'M41', 'Scoliose', 0),
(855, 'M42', 'Ostochondrite vertbrale', 0),
(856, 'M43', 'Autres dorsopathies avec dformation', 0),
(857, 'M60', 'Myosite', 0);
INSERT INTO `icd10` (`id`, `code`, `name`, `common`) VALUES
(858, 'M61', 'Calcification et ossification de muscles', 0),
(859, 'M62', 'Autres atteintes musculaires', 0),
(860, 'M63', 'Atteintes musculaires au cours de maladies classes ailleurs', 0),
(861, 'M80', 'Ostoporose avec fracture pathologique', 0),
(862, 'M81', 'Ostoporose sans fracture pathologique', 0),
(863, 'M82', 'Ostoporose au cours de maladies classes ailleurs', 0),
(864, 'M83', 'Ostomalacie de ladulte', 0),
(865, 'M84', 'Anomalie de la continuit osseuse', 0),
(866, 'M85', 'Autres anomalies de la densit et de la structure osseuses', 0),
(867, 'M95', 'Autres dformations du systme osto-articulaire, des muscles et du tissu conjonctif', 0),
(868, 'M96', 'Affections du systme osto-articulaire et des muscles aprs un acte  vise diagnostique et thrapeutique, non classes ailleurs', 0),
(869, 'M99', 'Lsions biomcaniques, non classes ailleurs', 0),
(870, 'N00', 'Syndrome nphritique aigu', 0),
(871, 'N01', 'Syndrome nphritique dvolution rapide', 0),
(872, 'N02', 'Hmaturie rcidivante et persistante', 0),
(873, 'N03', 'Syndrome nphritique chronique', 0),
(874, 'N04', 'Syndrome nphrotique', 0),
(875, 'N05', 'Syndrome nphritique, sans prcision', 0),
(876, 'N06', 'Protinurie isole avec lsions morphologiques prcises', 0),
(877, 'N07', 'Nphropathie hrditaire, non classe ailleurs', 0),
(878, 'N08', 'Glomrulopathies au cours de maladies classes ailleurs', 0),
(879, 'N10', 'Nphrite tubulo-interstitielle aigu', 0),
(880, 'N11', 'Nphrite tubulo-interstitielle chronique', 0),
(881, 'N12', 'Nphrite tubulo-interstitielle, non prcise comme aigu ou chronique', 0),
(882, 'N13', 'Uropathie obstructive et par reflux', 0),
(883, 'N14', 'Atteintes tubulo-interstitielles et tubulaires dues  des mdicaments et des mtaux lourds', 0),
(884, 'N15', 'Autres maladies rnales tubulo-interstitielles', 0),
(885, 'N16', 'Maladies rnales tubulo-interstitielles au cours de maladies classes ailleurs', 0),
(886, 'N17', 'Insuffisance rnale aigu', 1),
(887, 'N18', 'Insuffisance rnale chronique', 0),
(888, 'N19', 'Insuffisance rnale, sans prcision', 0),
(889, 'N20', 'Calcul du rein et de luretre', 0),
(890, 'N21', 'Calcul des voies urinaires infrieures', 0),
(891, 'N22', 'Calcul des voies urinaires au cours de maladies classes ailleurs', 0),
(892, 'N23', 'Colique nphrtique, sans prcision', 0),
(893, 'N25', 'Affections dues  une tubulopathie', 0),
(894, 'N26', 'Rein sclreux, sans prcision', 0),
(895, 'N27', 'Petit rein de cause inconnue', 0),
(896, 'N28', 'Autres affections du rein et de luretre, non classes ailleurs', 0),
(897, 'N29', 'Autres affections du rein et de luretre au cours de maladies classes ailleurs', 0),
(898, 'N30', 'Cystite', 0),
(899, 'N31', 'Dysfonctionnement neuro-musculaire de la vessie', 0),
(900, 'N32', 'Autres affections de la vessie', 0),
(901, 'N33', 'Affections de la vessie au cours de maladies classes ailleurs', 0),
(902, 'N34', 'Urtrite et syndrome urtral', 0),
(903, 'N35', 'Rtrcissement urtral', 0),
(904, 'N36', 'Autres affections de lurtre', 0),
(905, 'N37', 'Affections de lurtre au cours de maladies classes ailleurs', 0),
(906, 'N39', 'Autres affections de lappareil urinaire', 0),
(907, 'N40', 'Hyperplasie de la prostate', 0),
(908, 'N41', 'Affections inflammatoires de la prostate', 0),
(909, 'N42', 'Autres affections de la prostate', 0),
(910, 'N43', 'Hydrocle et spermatocle', 1),
(911, 'N44', 'Torsion du testicule', 0),
(912, 'N45', 'Orchite et pididymite', 0),
(913, 'N46', 'Strilit, chez lhomme', 0),
(914, 'N47', 'Hypertrophie du prpuce, phimosis et paraphimosis', 0),
(915, 'N48', 'Autres affections de la verge', 0),
(916, 'N49', 'Affections inflammatoires des organes gnitaux de lhomme, non classes ailleurs', 0),
(917, 'N50', 'Autres affections des organes gnitaux de lhomme', 0),
(918, 'N51', 'Affections des organes gnitaux de lhomme au cours de maladies classes ailleurs', 0),
(919, 'N60', 'Dysplasies mammaires bnignes', 0),
(920, 'N61', 'Affections inflammatoires du sein', 0),
(921, 'N62', 'Hypertrophie mammaire', 0),
(922, 'N63', 'Tumfaction mammaire, sans prcision', 0),
(923, 'N64', 'Autres affections du sein', 0),
(924, 'N70', 'Salpingite et ovarite', 0),
(925, 'N71', 'Affections inflammatoires de lutrus,  lexclusion du col', 0),
(926, 'N72', 'Affections inflammatoires du col de lutrus', 0),
(927, 'N73', 'Autres affections inflammatoires pelviennes de la femme', 0),
(928, 'N74', 'Affections inflammatoires pelviennes de la femme, au cours de maladies classes ailleurs', 0),
(929, 'N75', 'Affection de la glande de Bartholin', 0),
(930, 'N76', 'Autres inflammations du vagin et de la vulve', 1),
(931, 'N77', 'Ulcration et inflammation vulvo-vaginales au cours de maladies classes ailleurs', 0),
(932, 'N80', 'Endomtriose', 0),
(933, 'N81', 'Prolapsus gnital', 0),
(934, 'N82', 'Fistules de lappareil gnital de la femme', 1),
(935, 'N83', 'Affections non inflammatoires de lovaire, de la trompe de Fallope et du ligament large', 0),
(936, 'N84', 'Polype de lappareil gnital de la femme', 0),
(937, 'N85', 'Autres affections non inflammatoires de lutrus, sauf le col', 0),
(938, 'N86', 'Erosion et ectropion du col de lutrus', 0),
(939, 'N87', 'Dysplasie du col de lutrus', 0),
(940, 'N88', 'Autres affections non inflammatoires du col de lutrus', 0),
(941, 'N89', 'Autres affections non inflammatoires du vagin', 0),
(942, 'N90', 'Autres affections non inflammatoires de la vulve et du prine', 0),
(943, 'N91', 'Amnorrhe, oligomnorrhe et hypomnorrhe', 0),
(944, 'N92', 'Mnorragie, polymnorrhe et mtrorragie', 0),
(945, 'N93', 'Autres saignements anormaux de lutrus et du vagin', 0),
(946, 'N94', 'Douleurs et autres affections des organes gnitaux de la femme et du cycle menstruel', 0),
(947, 'N95', 'Troubles de la mnopause et autres troubles de la primnopause', 0),
(948, 'N96', 'Avortements  rptition', 0),
(949, 'N97', 'Strilit de la femme', 0),
(950, 'N98', 'Complications de la fcondation artificielle', 0),
(951, 'N99', 'Affections de lappareil gnito-urinaire aprs un acte  vise diagnostique et thrapeutique, non classes ailleurs', 0),
(952, 'O00', 'Grossesse extra-utrine', 0),
(953, 'O01', 'Mle hydatiforme', 0),
(954, 'O02', 'Autres produits anormaux de la conception', 0),
(955, 'O03', 'Avortement spontan', 0),
(956, 'O04', 'Avortement mdical', 0),
(957, 'O05', 'Autres formes davortement', 0),
(958, 'O06', 'Avortement, sans prcision', 0),
(959, 'O07', 'Echec dune tentative davortement', 0),
(960, 'O08', 'Complications conscutives  un avortement, une grossesse extra-utrine et molaire', 0),
(961, 'O10', 'Hypertension prexistante compliquant la grossesse, laccouchement et la puerpralit', 0),
(962, 'O11', 'Syndrome hypertensif prexistant, avec protinurie surajoute', 0),
(963, 'O12', 'dme et protinurie gestationnels [lis  la grossesse] sans hypertension', 0),
(964, 'O13', 'Hypertension gestationnelle [lie  la grossesse] sans protinurie importante', 0),
(965, 'O14', 'Hypertension gestationnelle [lie  la grossesse] avec protinurie importante', 0),
(966, 'O15', 'Eclampsie', 0),
(967, 'O16', 'Hypertension de la mre, sans prcision', 0),
(968, 'O20', 'Hmorragie du dbut de la grossesse', 0),
(969, 'O21', 'Vomissements incoercibles au cours de la grossesse', 0),
(970, 'O22', 'Complications veineuses de la grossesse', 0),
(971, 'O23', 'Infections de lappareil gnito-urinaire au cours de la grossesse', 0),
(972, 'O24', 'Diabte sucr au cours de la grossesse', 0),
(973, 'O25', 'Malnutrition au cours de la grossesse', 0),
(974, 'O26', 'Soins maternels pour dautres affections lies principalement  la grossesse', 0),
(975, 'O28', 'Rsultats anormaux constats au cours de lexamen prnatal systmatique de la mre', 0),
(976, 'O29', 'Complications dune anesthsie au cours de la grossesse', 0),
(977, 'O30', 'Grossesse multiple', 0),
(978, 'O31', 'Complications spcifiques  une grossesse multiple', 0),
(979, 'O32', 'Soins maternels pour prsentation anormale connue ou prsume du ftus', 0),
(980, 'O33', 'Soins maternels pour disproportion fto-pelvienne connue ou prsume', 0),
(981, 'O34', 'Soins maternels pour anomalie connue ou prsume des organes pelviens', 0),
(982, 'O35', 'Soins maternels pour anomalie et lsion ftales, connues ou prsumes', 0),
(983, 'O36', 'Soins maternels pour dautres affections connues ou prsumes du ftus', 0),
(984, 'O40', 'Hydramnios', 0),
(985, 'O41', 'Autres anomalies du liquide amniotique et des membranes', 0),
(986, 'O42', 'Rupture prmature des membranes', 0),
(987, 'O43', 'Anomalies du placenta', 0),
(988, 'O44', 'Placenta praevia', 0),
(989, 'O45', 'Dcollement prmatur du placenta [hmatome rtro-placentaire]', 0),
(990, 'O46', 'Hmorragie prcdant laccouchement, non classe ailleurs', 0),
(991, 'O47', 'Faux travail', 0),
(992, 'O48', 'Grossesse prolonge', 0),
(993, 'O60', 'Travail prmatur [avant terme]', 0),
(994, 'O61', 'Echec du dclenchement du travail', 0),
(995, 'O62', 'Anomalies de la contraction utrine et de la dilatation du col', 0),
(996, 'O63', 'Travail prolong', 0),
(997, 'O64', 'Dystocie due  une position et une prsentation anormales du ftus', 0),
(998, 'O65', 'Dystocie due  une anomalie pelvienne de la mre', 0),
(999, 'O66', 'Autres dystocies', 0),
(1000, 'O67', 'Travail et accouchement compliqus dune hmorragie, non classe ailleurs', 0),
(1001, 'O68', 'Travail et accouchement compliqus dune dtresse ftale', 0),
(1002, 'O69', 'Travail et accouchement compliqus danomalies du cordon ombilical', 0),
(1003, 'O70', 'Dchirure obsttricale du prine', 0),
(1004, 'O71', 'Autres traumatismes obsttricaux', 0),
(1005, 'O72', 'Hmorragie du post-partum', 0),
(1006, 'O73', 'Rtention du placenta et des membranes, sans hmorragie', 0),
(1007, 'O74', 'Complications de lanesthsie au cours du travail et de laccouchement', 0),
(1008, 'O75', 'Autres complications du travail et de laccouchement, non classes ailleurs', 0),
(1009, 'O80', 'Accouchement unique et spontan', 0),
(1010, 'O81', 'Accouchement unique par forceps et ventouse', 0),
(1011, 'O82', 'Accouchement unique par csarienne', 0),
(1012, 'O83', 'Autres accouchements uniques avec assistance', 0),
(1013, 'O84', 'Accouchements multiples', 0),
(1014, 'O85', 'Septicmie puerprale', 0),
(1015, 'O86', 'Autres infections puerprales', 0),
(1016, 'O87', 'Complications veineuses au cours de la puerpralit', 0),
(1017, 'O88', 'Embolie obsttricale', 0),
(1018, 'O89', 'Complications de lanesthsie au cours de la puerpralit', 0),
(1019, 'O90', 'Complications puerprales, non classes ailleurs', 0),
(1020, 'O91', 'Infections mammaires associes  laccouchement', 0),
(1021, 'O92', 'Autres mastopathies et anomalies de la lactation associes  laccouchement', 0),
(1022, 'O94', 'Squelles de complications de la grossesse, de laccouchement et de la puerpralit', 0),
(1023, 'O95', 'Mort dorigine obsttricale de cause non prcise', 0),
(1024, 'O96', 'Mort dorigine obsttricale, survenant plus de 42 jours mais moins dun an aprs laccouchement', 0),
(1025, 'O97', 'Mort de squelles relevant directement dune cause obsttricale', 0),
(1026, 'O98', 'Maladies infectieuses et parasitaires de la mre classes ailleurs mais compliquant la grossesse, laccouchement et la puerpralit', 0),
(1027, 'O99', 'Autres maladies de la mre classes ailleurs, mais compliquant la grossesse, laccouchement et la puerpralit', 0),
(1028, 'P00', 'Ftus et nouveau-n affects par des affections maternelles, ventuellement sans rapport avec la grossesse actuelle', 0),
(1029, 'P01', 'Ftus et nouveau-n affects par les complications de la grossesse chez la mre', 0),
(1030, 'P02', 'Ftus et nouveau-n affects par des complications concernant le placenta, le cordon ombilical et les membranes', 0),
(1031, 'P03', 'Ftus et nouveau-n affects par dautres complications du travail et de laccouchement', 0),
(1032, 'P04', 'Ftus et nouveau-n affects par des effets nocifs transmis par voie transplacentaire ou par le lait maternel', 0),
(1033, 'P05', 'Retard de croissance et malnutrition du ftus', 1),
(1034, 'P07', 'Anomalies lies  une brivet de la gestation et un poids insuffisant  la naissance, non classs ailleurs', 0),
(1035, 'P08', 'Anomalies lies  une gestation prolonge et un poids lev  la naissance', 0),
(1036, 'P10', 'Dchirure et hmorragie intracrniennes dues  un traumatisme obsttrical', 0),
(1037, 'P11', 'Autres lsions du systme nerveux central dues  un traumatisme obsttrical', 0),
(1038, 'P12', 'Lsion du cuir chevelu due  un traumatisme obsttrical', 0),
(1039, 'P13', 'Lsion du squelette due  un traumatisme obsttrical', 0),
(1040, 'P14', 'Lsion du systme nerveux priphrique due  un traumatisme obsttrical', 0),
(1041, 'P15', 'Autres traumatismes obsttricaux', 0),
(1042, 'P20', 'Hypoxie intra-utrine', 0),
(1043, 'P21', 'Asphyxie obsttricale', 0),
(1044, 'P22', 'Dtresse respiratoire du nouveau-n', 0),
(1045, 'P23', 'Pneumopathie congnitale', 0),
(1046, 'P24', 'Syndromes nonatals daspiration', 0),
(1047, 'P25', 'Emphysme interstitiel et affections apparentes survenant pendant la priode prinatale', 0),
(1048, 'P26', 'Hmorragie pulmonaire survenant pendant la priode prinatale', 0),
(1049, 'P27', 'Maladies respiratoires chroniques survenant pendant la priode prinatale', 0),
(1050, 'P28', 'Autres affections respiratoires survenant pendant la priode prinatale', 0),
(1051, 'P29', 'Affections cardio-vasculaires survenant pendant la priode prinatale', 0),
(1052, 'P35', 'Maladies virales congnitales', 0),
(1053, 'P36', 'Infection bactrienne du nouveau-n', 0),
(1054, 'P37', 'Autres maladies infectieuses et parasitaires congnitales', 0),
(1055, 'P38', 'Omphalite du nouveau-n, avec ou sans hmorragie lgre', 0),
(1056, 'P39', 'Autres infections spcifiques de la priode prinatale', 0),
(1057, 'P50', 'Perte de sang ftal', 0),
(1058, 'P51', 'Hmorragie ombilicale du nouveau-n', 0),
(1059, 'P52', 'Hmorragie intracrnienne non traumatique du ftus et du nouveau-n', 0),
(1060, 'P53', 'Maladie hmorragique du ftus et du nouveau-n', 0),
(1061, 'P54', 'Autres hmorragies nonatales', 0),
(1062, 'P55', 'Maladie hmolytique du ftus et du nouveau-n', 0),
(1063, 'P56', 'Anasarque ftoplacentaire due  une maladie hmolytique', 0),
(1064, 'P57', 'Ictre nuclaire', 0),
(1065, 'P58', 'Ictre nonatal d  dautres hmolyses excessives', 0),
(1066, 'P59', 'Ictre nonatal d  des causes autres et sans prcision', 0),
(1067, 'P60', 'Coagulation intravasculaire dissmine chez le ftus et le nouveau-n', 0),
(1068, 'P61', 'Autres affections hmatologiques de la priode prinatale', 0),
(1069, 'P70', 'Anomalies transitoires du mtabolisme des glucides spcifiques du ftus et du nouveau-n', 0),
(1070, 'P71', 'Anomalies transitoires du mtabolisme du calcium et du magnsium du nouveau-n', 0),
(1071, 'P72', 'Autres anomalies endocriniennes transitoires du nouveau-n', 0),
(1072, 'P74', 'Autres anomalies lectrolytiques et mtaboliques transitoires du nouveau-n', 0),
(1073, 'P75', 'Ilus mconial (E84.1+) ', 0),
(1074, 'P76', 'Autres occlusions intestinales du nouveau-n', 0),
(1075, 'P77', 'Entrocolite ncrosante du ftus et du nouveau-n', 0),
(1076, 'P78', 'Autres affections prinatales de lappareil digestif', 0),
(1077, 'P80', 'Hypothermie du nouveau-n', 0),
(1078, 'P81', 'Autres troubles de la rgulation thermique du nouveau-n', 0),
(1079, 'P83', 'Autres affections des tguments spcifiques du ftus et du nouveau-n', 0),
(1080, 'P90', 'Convulsions du nouveau-n', 0),
(1081, 'P91', 'Autres affections crbrales du nouveau-n', 0),
(1082, 'P92', 'Problmes alimentaires du nouveau-n', 0),
(1083, 'P93', 'Ractions et intoxications mdicamenteuses du ftus et du nouveau-n', 0),
(1084, 'P94', 'Anomalies du tonus musculaire du nouveau-n', 0),
(1085, 'P95', 'Mort ftale de cause non prcise', 0),
(1086, 'P96', 'Autres affections dont lorigine se situe dans la priode prinatale', 0),
(1087, 'Q00', 'Anencphalie et malformations similaires', 0),
(1088, 'Q01', 'Encphalocle', 0),
(1089, 'Q02', 'Microcphalie', 0),
(1090, 'Q03', 'Hydrocphalie congnitale', 0),
(1091, 'Q04', 'Autres malformations congnitales de lencphale', 0),
(1092, 'Q05', 'Spina bifida', 0),
(1093, 'Q06', 'Autres malformations congnitales de la moelle pinire', 0),
(1094, 'Q07', 'Autres malformations congnitales du systme nerveux', 0),
(1095, 'Q10', 'Malformations congnitales des paupires, de lappareil lacrymal et de lorbite', 0),
(1096, 'Q11', 'Anophtalmie, microphtalmie et macrophtalmie', 0),
(1097, 'Q12', 'Malformations congnitales du cristallin', 0),
(1098, 'Q13', 'Malformations congnitales de la chambre antrieure de lil', 0),
(1099, 'Q14', 'Malformations congnitales de la chambre postrieure de lil', 0),
(1100, 'Q15', 'Autres malformations congnitales de lil', 0),
(1101, 'Q16', 'Malformations congnitales de loreille avec atteinte de laudition', 0),
(1102, 'Q17', 'Autres malformations congnitales de loreille', 0),
(1103, 'Q18', 'Autres malformations congnitales de la face et du cou', 0),
(1104, 'Q20', 'Malformations congnitales des cavits et des orifices cardiaques', 0),
(1105, 'Q21', 'Malformations congnitales des cloisons cardiaques', 0),
(1106, 'Q22', 'Malformations congnitales de la valve pulmonaire et de la valvule tricuspide', 0),
(1107, 'Q23', 'Malformations congnitales des valvules aortique et mitrale', 0),
(1108, 'Q24', 'Autres malformations congnitales cardiaques', 0),
(1109, 'Q25', 'Malformations congnitales des gros vaisseaux', 0),
(1110, 'Q26', 'Malformations congnitales des grandes veines', 0),
(1111, 'Q27', 'Autres malformations congnitales de lappareil circulatoire priphrique', 0),
(1112, 'Q28', 'Autres malformations congnitales de lappareil circulatoire', 0),
(1113, 'Q30', 'Malformations congnitales du nez', 0),
(1114, 'Q31', 'Malformations congnitales du larynx', 0),
(1115, 'Q32', 'Malformations congnitales de la trache et des bronches', 0),
(1116, 'Q33', 'Malformations congnitales du poumon', 0),
(1117, 'Q34', 'Autres malformations congnitales de lappareil respiratoire', 0),
(1118, 'Q35', 'Fente palatine', 0),
(1119, 'Q36', 'Fente labiale', 0),
(1120, 'Q37', 'Fente labio-palatine', 0),
(1121, 'Q38', 'Autres malformations congnitales de la langue, de la bouche et du pharynx', 0),
(1122, 'Q39', 'Malformations congnitales de lsophage', 0),
(1123, 'Q40', 'Autres malformations congnitales des voies digestives suprieures', 0),
(1124, 'Q41', 'Absence, atrsie et stnose congnitales de lintestin grle', 0),
(1125, 'Q42', 'Absence, atrsie et stnose congnitales du clon', 0),
(1126, 'Q43', 'Autres malformations congnitales de lintestin', 0),
(1127, 'Q44', 'Malformations congnitales de la vsicule biliaire, des voies biliaires et du foie', 0),
(1128, 'Q45', 'Autres malformations congnitales de lappareil digestif', 0),
(1129, 'Q50', 'Malformations congnitales des ovaires, des trompes de Fallope et des ligaments larges', 0),
(1130, 'Q51', 'Malformations congnitales de lutrus et du col de lutrus', 0),
(1131, 'Q52', 'Autres malformations congnitales des organes gnitaux de la femme', 0),
(1132, 'Q53', 'Cryptorchidie', 0),
(1133, 'Q54', 'Hypospadias', 0),
(1134, 'Q55', 'Autres malformations congnitales des organes gnitaux de lhomme', 0),
(1135, 'Q56', 'Non-diffrenciation sexuelle et pseudo-hermaphrodisme', 0),
(1136, 'Q60', 'Agnsie rnale et autres dfauts de dveloppement rnal', 0),
(1137, 'Q61', 'Maladies kystiques du rein', 0),
(1138, 'Q62', 'Anomalies congnitales obstructives du bassinet et malformations congnitales de luretre', 0),
(1139, 'Q63', 'Autres malformations congnitales du rein', 0),
(1140, 'Q64', 'Autres malformations congnitales de lappareil urinaire', 0),
(1141, 'Q65', 'Anomalies morphologiques congnitales de la hanche', 0),
(1142, 'Q66', 'Anomalies morphologiques congnitales du pied', 0),
(1143, 'Q67', 'Anomalies morphologiques congnitales de la tte, de la face, du rachis et du thorax', 0),
(1144, 'Q68', 'Autres anomalies morphologiques congnitales osto-articulaires et des muscles', 0),
(1145, 'Q69', 'Polydactylie', 0),
(1146, 'Q70', 'Syndactylie', 0),
(1147, 'Q71', 'Raccourcissement du membre suprieur', 0),
(1148, 'Q72', 'Raccourcissement du membre infrieur', 0),
(1149, 'Q73', 'Raccourcissement dun membre non prcis', 0),
(1150, 'Q74', 'Autres malformations congnitales dun (des) membre(s)', 0),
(1151, 'Q75', 'Autres malformations congnitales des os du crne et de la face', 0),
(1152, 'Q76', 'Malformations congnitales du rachis et du thorax osseux', 0),
(1153, 'Q77', 'Ostochondrodysplasie avec anomalies de la croissance des os longs et du rachis', 0),
(1154, 'Q78', 'Autres ostochondrodysplasies', 0),
(1155, 'Q79', 'Malformations congnitales du systme osto-articulaire et des muscles, non classes ailleurs', 0),
(1156, 'Q80', 'Ichtyose congnitale', 0),
(1157, 'Q81', 'Epidermolyse bulleuse', 0),
(1158, 'Q82', 'Autres malformations congnitales de la peau', 0),
(1159, 'Q83', 'Malformations congnitales du sein', 0),
(1160, 'Q84', 'Autres malformations congnitales de la peau et des phanres', 0),
(1161, 'Q85', 'Phacomatoses, non classes ailleurs', 0),
(1162, 'Q86', 'Syndromes congnitaux malformatifs dus  des causes exognes connues, non classs ailleurs', 0),
(1163, 'Q87', 'Autres syndromes congnitaux malformatifs prciss atteignant plusieurs systmes', 0),
(1164, 'Q89', 'Autres malformations congnitales, non classes ailleurs', 0),
(1165, 'Q90', 'Syndrome de Down', 0),
(1166, 'Q91', 'Syndrome dEdwards et syndrome de Patau', 0),
(1167, 'Q92', 'Autres trisomies et trisomies partielles des autosomes, non classes ailleurs', 0),
(1168, 'Q93', 'Monosomies et dltions des autosomes, non classes ailleurs', 0),
(1169, 'Q95', 'Rarrangements quilibrs et marqueurs structuraux, non classs ailleurs', 0),
(1170, 'Q96', 'Syndrome de Turner', 0),
(1171, 'Q97', 'Autres anomalies des chromosomes sexuels, phnotype fminin, non classes ailleurs', 0),
(1172, 'Q98', 'Autres anomalies des chromosomes sexuels, phnotype masculin, non classes ailleurs', 0),
(1173, 'Q99', 'Autres anomalies des chromosomes, non classes ailleurs', 0),
(1174, 'R00', 'Anomalies du rythme cardiaque', 0),
(1175, 'R01', 'Souffles et autres bruits cardiaques', 0),
(1176, 'R02', 'Gangrne, non classe ailleurs', 0),
(1177, 'R03', 'Constatation dune anomalie de la tension artrielle, sans diagnostic', 0),
(1178, 'R04', 'Hmorragie des voies respiratoires', 0),
(1179, 'R05', 'Toux', 1),
(1180, 'R06', 'Anomalies de la respiration', 0),
(1181, 'R07', 'Douleur au niveau de la gorge et du thorax', 0),
(1182, 'R09', 'Autres symptmes et signes relatifs aux appareils circulatoire et respiratoire', 0),
(1183, 'R10', 'Douleur abdominale et pelvienne', 0),
(1184, 'R11', 'Nauses et vomissements', 0),
(1185, 'R12', 'Pyrosis', 0),
(1186, 'R13', 'Dysphagie', 0),
(1187, 'R14', 'Flatulence et troubles apparents', 0),
(1188, 'R15', 'Incontinence des matires fcales', 0),
(1189, 'R16', 'Hpatomgalie et splnomgalie, non classes ailleurs', 0),
(1190, 'R17', 'Ictre, sans prcision', 1),
(1191, 'R18', 'Ascite', 0),
(1192, 'R19', 'Autres symptmes et signes relatifs  lappareil digestif et  labdomen', 0),
(1193, 'R20', 'Troubles de la sensibilit cutane', 0),
(1194, 'R21', 'Rash et autres ruptions cutanes non spcifiques', 0),
(1195, 'R22', 'Autres tumfactions et masses localises de la peau et du tissu cellulaire sous-cutan', 0),
(1196, 'R23', 'Autres modifications de la peau', 0),
(1197, 'R25', 'Mouvements involontaires anormaux', 0),
(1198, 'R26', 'Anomalies de la dmarche et de la motilit', 0),
(1199, 'R27', 'Autres troubles de la coordination', 0),
(1200, 'R29', 'Autres symptmes et signes relatifs aux systmes nerveux et osto-musculaire', 0),
(1201, 'R30', 'Douleur  la miction', 0),
(1202, 'R31', 'Hmaturie, sans prcision', 1),
(1203, 'R32', 'Incontinence urinaire, sans prcision', 0),
(1204, 'R33', 'Rtention durine', 0),
(1205, 'R34', 'Anurie et oligurie', 0),
(1206, 'R35', 'Polyurie', 0),
(1207, 'R36', 'Ecoulement urtral', 1),
(1208, 'R39', 'Autres symptmes et signes relatifs  lappareil urinaire', 0),
(1209, 'R40', 'Somnolence, stupeur et coma', 0),
(1210, 'R41', 'Autres symptmes et signes relatifs aux fonctions cognitives et  la conscience', 0),
(1211, 'R42', 'Etourdissements et blouissements', 0),
(1212, 'R43', 'Troubles de lodorat et du got', 0),
(1213, 'R44', 'Autres symptmes et signes relatifs aux sensations et aux perceptions gnrales', 0),
(1214, 'R45', 'Symptmes et signes relatifs  lhumeur', 0),
(1215, 'R46', 'Symptmes et signes relatifs  lapparence et au comportement', 0),
(1216, 'R47', 'Troubles du langage, non classs ailleurs', 0),
(1217, 'R48', 'Dyslexie et autres troubles de la fonction symbolique, non classs ailleurs', 0),
(1218, 'R49', 'Troubles de la voix', 0),
(1219, 'R50', 'Fivre dorigine autre et inconnue', 0),
(1220, 'R51', 'Cphale', 0),
(1221, 'R52', 'Douleur, non classe ailleurs', 0),
(1222, 'R53', 'Malaise et fatigue', 0),
(1223, 'R54', 'Snilit', 0),
(1224, 'R55', 'Syncope et collapsus', 0),
(1225, 'R56', 'Convulsions, non classes ailleurs', 0),
(1226, 'R57', 'Choc, non class ailleurs', 0),
(1227, 'R58', 'Hmorragie, non classe ailleurs', 0),
(1228, 'R59', 'Adnopathies', 0),
(1229, 'R60', 'dme, non class ailleurs', 0),
(1230, 'R61', 'Hyperhidrose', 0),
(1231, 'R62', 'Retard du dveloppement physiologique', 0),
(1232, 'R63', 'Symptmes et signes relatifs  labsorption daliments et de liquides', 0),
(1233, 'R64', 'Cachexie', 0),
(1234, 'R68', 'Autres symptmes et signes gnraux', 0),
(1235, 'R69', 'Causes inconnues et non prcises de morbidit', 0),
(1236, 'R70', 'Acclration de la vitesse de sdimentation et anomalies de la viscosit plasmatique', 0),
(1237, 'R71', 'Anomalies des globules rouges', 0),
(1238, 'R72', 'Anomalies des globules blancs, non classes ailleurs', 0),
(1239, 'R73', 'Augmentation de la glycmie', 0),
(1240, 'R74', 'Anomalies des taux denzymes sriques', 0),
(1241, 'R75', 'Mise en vidence par des examens de laboratoire du virus de limmunodficience humaine [VIH]', 0),
(1242, 'R76', 'Autres anomalies de rsultats immunologiques sriques', 0),
(1243, 'R77', 'Autres anomalies des protines plasmatiques', 0),
(1244, 'R78', 'Prsence de drogues et dautres substances non trouves normalement dans le sang', 0),
(1245, 'R79', 'Autres rsultats anormaux des examens chimiques du sang', 0),
(1246, 'R80', 'Protinurie isole', 0),
(1247, 'R81', 'Glycosurie', 0),
(1248, 'R82', 'Autres rsultats anormaux de lexamen des urines', 0),
(1249, 'R83', 'Rsultats anormaux de lexamen du liquide cphalo-rachidien', 0),
(1250, 'R84', 'Rsultats anormaux de prlvements effectus sur lappareil respiratoire et le thorax', 0),
(1251, 'R85', 'Rsultats anormaux de prlvements effectus sur lappareil digestif et la cavit abdominale', 0),
(1252, 'R86', 'Rsultats anormaux de prlvements effectus sur les organes gnitaux de lhomme', 0),
(1253, 'R87', 'Rsultats anormaux de prlvements effectus sur les organes gnitaux de la femme', 0),
(1254, 'R89', 'Rsultats anormaux de prlvements effectus sur dautres organes, appareils et tissus', 0),
(1255, 'R90', 'Rsultats anormaux dimagerie diagnostique du systme nerveux central', 0),
(1256, 'R91', 'Rsultats anormaux dimagerie diagnostique du poumon', 0),
(1257, 'R92', 'Rsultats anormaux dimagerie diagnostique du sein', 0),
(1258, 'R93', 'Rsultats anormaux dimagerie diagnostique dautres parties du corps', 0),
(1259, 'R94', 'Rsultats anormaux dexplorations fonctionnelles', 0),
(1260, 'R95', 'Syndrome de la mort subite du nourrisson', 0),
(1261, 'R96', 'Autre mort subite de cause inconnue', 0),
(1262, 'R98', 'Dcs sans tmoin', 0),
(1263, 'R99', 'Autres causes de mortalit mal dfinies et non prcises', 0),
(1264, 'S00', 'Lsion traumatique superficielle de la tte', 0),
(1265, 'S01', 'Plaie ouverte de la tte', 0),
(1266, 'S02', 'Fracture du crne et des os de la face', 0),
(1267, 'S03', 'Luxation, entorse et foulure darticulations et de ligaments de la tte', 0),
(1268, 'S04', 'Lsion traumatique des nerfs crniens', 0),
(1269, 'S05', 'Lsion traumatique de lil et de lorbite', 1),
(1270, 'S06', 'Lsion traumatique intracrnienne', 0),
(1271, 'S07', 'Ecrasement de la tte', 0),
(1272, 'S08', 'Amputation traumatique dune partie de la tte', 0),
(1273, 'S09', 'Lsions traumatiques de la tte, autres et sans prcision', 0),
(1274, 'S10', 'Lsion traumatique superficielle du cou', 0),
(1275, 'S11', 'Plaie ouverte du cou', 0),
(1276, 'S12', 'Fracture du cou', 0),
(1277, 'S13', 'Luxation, entorse et foulure des articulations et des ligaments au niveau du cou', 0),
(1278, 'S14', 'Lsion traumatique des nerfs et de la moelle pinire au niveau du cou', 0),
(1279, 'S15', 'Lsion traumatique des vaisseaux sanguins au niveau du cou', 0),
(1280, 'S16', 'Lsion traumatique des muscles et des tendons au niveau du cou', 0),
(1281, 'S17', 'Ecrasement du cou', 0),
(1282, 'S18', 'Amputation traumatique au niveau du cou', 0),
(1283, 'S19', 'Lsions traumatiques du cou, autres et sans prcision', 0),
(1284, 'S20', 'Lsion traumatique superficielle du thorax', 0),
(1285, 'S21', 'Plaie ouverte du thorax', 0),
(1286, 'S22', 'Fracture de cte(s), du sternum et du rachis dorsal', 0),
(1287, 'S23', 'Luxation, entorse et foulure des articulations et des ligaments du thorax', 0),
(1288, 'S24', 'Lsion traumatique des nerfs et de la moelle pinire au niveau du thorax', 0),
(1289, 'S25', 'Lsion traumatique de vaisseaux sanguins du thorax', 0),
(1290, 'S26', 'Lsion traumatique du cur', 0),
(1291, 'S27', 'Lsions traumatiques dorganes intrathoraciques, autres et non prciss', 0),
(1292, 'S28', 'Ecrasement du thorax et amputation traumatique dune partie du thorax', 0),
(1293, 'S29', 'Lsions traumatiques du thorax, autres et sans prcision', 0),
(1294, 'S30', 'Lsion traumatique superficielle de labdomen, des lombes et du bassin', 0),
(1295, 'S31', 'Plaie ouverte de labdomen, des lombes et du bassin', 0),
(1296, 'S32', 'Fracture du rachis lombaire et du bassin', 0),
(1297, 'S33', 'Luxation, entorse et foulure des articulations et des ligaments du rachis lombaire et du bassin', 0),
(1298, 'S34', 'Lsion traumatique des nerfs et de la moelle pinire lombaire au niveau de labdomen, des lombes et du bassin', 0),
(1299, 'S35', 'Lsion traumatique de vaisseaux sanguins au niveau de labdomen, des lombes et du bassin', 0),
(1300, 'S36', 'Lsion traumatique dorganes intra-abdominaux', 0),
(1301, 'S37', 'Lsion traumatique des organes pelviens et urinaires', 0),
(1302, 'S38', 'Ecrasement et amputation traumatique dune partie de labdomen, des lombes et du bassin', 0),
(1303, 'S39', 'Lsions traumatiques de labdomen, des lombes et du bassin, autres et sans prcision', 0),
(1304, 'S40', 'Lsion traumatique superficielle de lpaule et du bras', 0),
(1305, 'S41', 'Plaie ouverte de lpaule et du bras', 0),
(1306, 'S42', 'Fracture de lpaule et du bras', 0),
(1307, 'S43', 'Luxation, entorse et foulure des articulations et des ligaments de la ceinture scapulaire', 0),
(1308, 'S44', 'Lsion traumatique de nerfs au niveau de lpaule et du bras', 0),
(1309, 'S45', 'Lsion des vaisseaux sanguins au niveau de lpaule et du bras', 0),
(1310, 'S46', 'Lsion traumatique de muscles et de tendons au niveau de lpaule et du bras', 0),
(1311, 'S47', 'Ecrasement de lpaule et du bras', 0),
(1312, 'S48', 'Amputation traumatique de lpaule et du bras', 0),
(1313, 'S49', 'Lsions traumatiques de lpaule et du bras, autres et sans prcision', 0),
(1314, 'S50', 'Lsion traumatique superficielle de lavant-bras', 0),
(1315, 'S51', 'Plaie ouverte de lavant-bras', 0),
(1316, 'S52', 'Fracture de lavant-bras', 0),
(1317, 'S53', 'Luxation, entorse et foulure des articulations et des ligaments du coude', 0),
(1318, 'S54', 'Lsion traumatique de nerfs au niveau de lavant-bras', 0),
(1319, 'S55', 'Lsion traumatique de vaisseaux sanguins au niveau de lavant-bras', 0),
(1320, 'S56', 'Lsion traumatique de muscles et de tendons au niveau de lavant-bras', 0),
(1321, 'S57', 'Ecrasement de lavant-bras', 0),
(1322, 'S58', 'Amputation traumatique de lavant-bras', 0),
(1323, 'S59', 'Lsions traumatiques de lavant-bras, autres et sans prcision', 0),
(1324, 'S60', 'Lsion traumatique superficielle du poignet et de la main', 0),
(1325, 'S61', 'Plaie ouverte du poignet et de la main', 0),
(1326, 'S62', 'Fracture au niveau du poignet et de la main', 0),
(1327, 'S63', 'Luxation, entorse et foulure darticulations et de ligaments au niveau du poignet et de la main', 0),
(1328, 'S64', 'Lsion traumatique de nerfs au niveau du poignet et de la main', 0),
(1329, 'S65', 'Lsion traumatique de vaisseaux sanguins au niveau du poignet et de la main', 0),
(1330, 'S66', 'Lsion traumatique de muscles et de tendons au niveau du poignet et de la main', 0),
(1331, 'S67', 'Ecrasement du poignet et de la main', 0),
(1332, 'S68', 'Amputation traumatique du poignet et de la main', 0),
(1333, 'S69', 'Lsions traumatiques du poignet et de la main, autres et sans prcision', 0),
(1334, 'S70', 'Lsion traumatique superficielle de la hanche et de la cuisse', 0),
(1335, 'S71', 'Plaie ouverte de la hanche et de la cuisse', 0),
(1336, 'S72', 'Fracture du fmur', 0),
(1337, 'S73', 'Luxation, entorse et foulure de larticulation et des ligaments de la hanche', 0),
(1338, 'S74', 'Lsion traumatique de nerfs au niveau de la hanche et de la cuisse', 0),
(1339, 'S75', 'Lsion traumatique de vaisseaux sanguins au niveau de la hanche et de la cuisse', 0),
(1340, 'S76', 'Lsion traumatique de muscles et de tendons au niveau de la hanche et de la cuisse', 0),
(1341, 'S77', 'Ecrasement de la hanche et de la cuisse', 0),
(1342, 'S78', 'Amputation traumatique de la hanche et de la cuisse', 0),
(1343, 'S79', 'Lsions traumatiques de la hanche et de la cuisse, autres et sans prcision', 0),
(1344, 'S80', 'Lsion traumatique superficielle de la jambe', 0),
(1345, 'S81', 'Plaie ouverte de la jambe', 0),
(1346, 'S82', 'Fracture de la jambe, y compris la cheville', 0),
(1347, 'S83', 'Luxation, entorse et foulure des articulations et des ligaments du genou', 0),
(1348, 'S84', 'Lsion traumatique des nerfs au niveau de la jambe', 0),
(1349, 'S85', 'Lsion traumatique de vaisseaux sanguins au niveau de la jambe', 0),
(1350, 'S86', 'Lsion traumatique de muscles et de tendons au niveau de la jambe', 0),
(1351, 'S87', 'Ecrasement de la jambe', 0),
(1352, 'S88', 'Amputation traumatique de la jambe', 0),
(1353, 'S89', 'Lsions traumatiques de la jambe, autres et sans prcision', 0),
(1354, 'S90', 'Lsion traumatique superficielle de la cheville et du pied', 0),
(1355, 'S91', 'Plaie ouverte de la cheville et du pied', 0),
(1356, 'S92', 'Fracture du pied, sauf la cheville', 0),
(1357, 'S93', 'Luxation, entorse et foulure des articulations et des ligaments au niveau de la cheville et du pied', 0),
(1358, 'S94', 'Lsion traumatique des nerfs au niveau de la cheville et du pied', 0),
(1359, 'S95', 'Lsion traumatique de vaisseaux sanguins au niveau de la cheville et du pied', 0),
(1360, 'S96', 'Lsion traumatique de muscles et de tendons au niveau de la cheville et du pied', 0),
(1361, 'S97', 'Ecrasement de la cheville et du pied', 0),
(1362, 'S98', 'Amputation traumatique de la cheville et du pied', 0),
(1363, 'S99', 'Lsions traumatiques de la cheville et du pied, autres et sans prcision', 0),
(1364, 'T00', 'Lsions traumatiques superficielles de plusieurs parties du corps', 0),
(1365, 'T01', 'Plaies ouvertes de plusieurs parties du corps', 0),
(1366, 'T02', 'Fractures de plusieurs parties du corps', 0),
(1367, 'T03', 'Luxations, entorses et foulures de plusieurs parties du corps', 0),
(1368, 'T04', 'Ecrasements de plusieurs parties du corps', 0),
(1369, 'T05', 'Amputations traumatiques de plusieurs parties du corps', 0),
(1370, 'T06', 'Autres lsions traumatiques de plusieurs parties du corps, non classes ailleurs', 0),
(1371, 'T07', 'Lsions traumatiques multiples, sans prcision', 0),
(1372, 'T08', 'Fracture du rachis, niveau non prcis', 0),
(1373, 'T09', 'Autres lsions traumatiques du rachis et du tronc, niveau non prcis', 0),
(1374, 'T10', 'Fracture du membre suprieur, niveau non prcis', 0),
(1375, 'T11', 'Autres lsions traumatiques du membre suprieur, niveau non prcis', 0),
(1376, 'T12', 'Fracture dun membre infrieur, niveau non prcis', 0),
(1377, 'T13', 'Autres lsions traumatiques du membre infrieur, niveau non prcis', 0),
(1378, 'T14', 'Lsions traumatiques dune partie du corps non prcise', 0),
(1379, 'T15', 'Corps tranger dans la partie externe de lil', 0),
(1380, 'T16', 'Corps tranger dans loreille', 0),
(1381, 'T17', 'Corps tranger dans les voies respiratoires', 0),
(1382, 'T18', 'Corps tranger dans les voies digestives', 0),
(1383, 'T19', 'Corps tranger dans les voies gnito-urinaires', 0),
(1384, 'T20', 'Brlure et corrosion de la tte et du cou', 0),
(1385, 'T21', 'Brlure et corrosion du tronc', 0),
(1386, 'T22', 'Brlure et corrosion de lpaule et du membre suprieur, sauf poignet et main', 0),
(1387, 'T23', 'Brlure et corrosion du poignet et de la main', 0),
(1388, 'T24', 'Brlure et corrosion de la hanche et du membre infrieur, sauf cheville et pied', 0),
(1389, 'T25', 'Brlure et corrosion de la cheville et du pied', 0),
(1390, 'T33', 'Gelure superficielle', 0),
(1391, 'T34', 'Gelure avec ncrose des tissus', 0),
(1392, 'T35', 'Gelure de parties multiples du corps et sans prcision', 0),
(1393, 'T36', 'Intoxication par antibiotiques systmiques', 0),
(1394, 'T37', 'Intoxication par dautres anti-infectieux et antiparasitaires systmiques', 0),
(1395, 'T38', 'Intoxication par hormones et leurs substituts synthtiques et antagonistes, non classs ailleurs', 0),
(1396, 'T39', 'Intoxication par analgsiques non opiodes, antipyrtiques et antirhumatisants', 0),
(1397, 'T40', 'Intoxication par narcotiques et psychodysleptiques [hallucinognes]', 0),
(1398, 'T41', 'Intoxication par anesthsiques et gaz thrapeutiques', 0),
(1399, 'T42', 'Intoxication par anti-pileptiques, sdatifs, hypnotiques et anti-parkinsoniens', 0),
(1400, 'T43', 'Intoxication par mdicaments psychotropes, non classs ailleurs', 0),
(1401, 'T44', 'Intoxication par mdicaments agissant essentiellement sur le systme nerveux autonome', 0),
(1402, 'T45', 'Intoxication par substances essentiellement systmiques et hmatologiques, non classes ailleurs', 0),
(1403, 'T46', 'Intoxication par substances agissant essentiellement sur le systme cardio-vasculaire', 0),
(1404, 'T47', 'Intoxication par substances agissant essentiellement sur le tractus gastro-intestinal', 0),
(1405, 'T48', 'Intoxication par substances agissant essentiellement sur les muscles lisses et stris et lappareil respiratoire', 0),
(1406, 'T49', 'Intoxication par substances  usage topique agissant essentiellement sur la peau et les muqueuses et par mdicaments  usage ophtalmologique, oto-rhino-laryngologique et dentaire', 0),
(1407, 'T50', 'Intoxication par diurtiques et mdicaments et substances biologiques, autres et sans prcision', 0),
(1408, 'T51', 'Effet toxique de lalcool', 0),
(1409, 'T52', 'Effet toxique de solvants organiques', 0),
(1410, 'T53', 'Effet toxique de drivs halogns dhydrocarbures aliphatiques et aromatiques', 0),
(1411, 'T54', 'Effet toxique de substances corrosives', 0),
(1412, 'T55', 'Effet toxique de savons et dtergents', 0),
(1413, 'T56', 'Effet toxique des mtaux', 0),
(1414, 'T57', 'Effet toxique dautres substances non organiques', 0),
(1415, 'T58', 'Effet toxique du monoxyde de carbone', 0),
(1416, 'T59', 'Effets toxiques dautres manations, gaz et fumes', 0),
(1417, 'T60', 'Effet toxique de pesticides', 0),
(1418, 'T61', 'Effet toxique de substances nocives absorbes par le biais de fruits de mer', 0),
(1419, 'T62', 'Effet toxique dautres substances nocives absorbes par le biais daliments', 0),
(1420, 'T63', 'Effet toxique dun contact avec un animal venimeux', 0),
(1421, 'T64', 'Effet toxique de laflatoxine et dautres mycotoxines contaminant des aliments', 0),
(1422, 'T65', 'Effet toxique de substances autres et non prcises', 0),
(1423, 'T66', 'Effets de rayonnements, sans prcision', 0),
(1424, 'T67', 'Effets de la chaleur et de la lumire', 0),
(1425, 'T68', 'Hypothermie', 0),
(1426, 'T69', 'Autres effets dune baisse de la temprature', 0),
(1427, 'T70', 'Effets de la pression atmosphrique et de la pression de leau', 0),
(1428, 'T71', 'Asphyxie', 0),
(1429, 'T73', 'Effets dautres privations', 0),
(1430, 'T74', 'Syndromes dus  de mauvais traitements', 0),
(1431, 'T75', 'Effets dautres causes externes', 0),
(1432, 'T78', 'Effets indsirables, non classs ailleurs', 0),
(1433, 'T79', 'Certaines complications prcoces des traumatismes, non classes ailleurs', 0),
(1434, 'T80', 'Complications conscutives  une injection thrapeutique, une perfusion et une transfusion', 0),
(1435, 'T81', 'Complications dactes  vise diagnostique et thrapeutique, non classes ailleurs', 0),
(1436, 'T82', 'Complications de prothses, implants et greffes cardiaques et vasculaires', 0),
(1437, 'T83', 'Complications de prothses, implants et greffes gnito-urinaires', 0),
(1438, 'T84', 'Complications de prothses, implants et greffes orthopdiques internes', 0),
(1439, 'T85', 'Complications dautres prothses, implants et greffes internes', 0),
(1440, 'T86', 'Echec et rejet dorganes et de tissus greffs', 0),
(1441, 'T87', 'Complications propres  une rimplantation et une amputation', 0),
(1442, 'T88', 'Autres complications de soins chirurgicaux et mdicaux, non classes ailleurs', 0),
(1443, 'T90', 'Squelles de lsions traumatiques de la tte', 0),
(1444, 'T91', 'Squelles de lsions traumatiques du cou et du tronc', 0),
(1445, 'T92', 'Squelles de lsions traumatiques du membre suprieur', 0),
(1446, 'T93', 'Squelles de lsions traumatiques du membre infrieur', 0),
(1447, 'T94', 'Squelles de lsions traumatiques de parties du corps multiples et non prcises', 0),
(1448, 'T95', 'Squelles de brlures, corrosions et gelures', 0),
(1449, 'T96', 'Squelles dintoxications par mdicaments et substances biologiques', 0),
(1450, 'T97', 'Squelles deffets toxiques de substances dorigine essentiellement non mdicinale', 0),
(1451, 'T98', 'Squelles de causes externes, autres et sans prcision', 0),
(1452, 'V01', 'Piton bless dans une collision avec un cycle', 0),
(1453, 'V02', 'Piton bless dans une collision avec un vhicule  moteur  deux ou trois roues', 0),
(1454, 'V03', 'Piton bless dans une collision avec une automobile ou une camionnette', 0),
(1455, 'V04', 'Piton bless dans une collision avec un vhicule lourd ou un autobus', 0),
(1456, 'V05', 'Piton bless dans une collision avec un train ou un vhicule ferroviaire', 0),
(1457, 'V06', 'Piton bless dans une collision avec un autre vhicule sans moteur', 0),
(1458, 'V09', 'Piton bless dans des accidents de transport, autres et sans prcision', 0),
(1459, 'X60', 'Auto-intoxication par des analgsiques, antipyrtiques et antirhumatismaux non opiacs et exposition  ces produits', 0),
(1460, 'X61', 'Auto-intoxication par des anti-pileptiques, sdatifs, hypnotiques, antiparkinsoniens et psychotropes et exposition  ces produits, non classs ailleurs', 0),
(1461, 'X62', 'Auto-intoxication par des narcotiques et psychodysleptiques [hallucinognes] et exposition  ces produits, non classs ailleurs', 0),
(1462, 'X63', 'Auto-intoxication par dautres substances pharmacologiques agissant sur le systme nerveux autonome et exposition  ces produits', 0),
(1463, 'X64', 'Auto-intoxication par des mdicaments et substances biologiques et exposition  ces produits, autres et sans prcision', 0),
(1464, 'X65', 'Auto-intoxication par lalcool et exposition  lalcool', 0),
(1465, 'X66', 'Auto-intoxication par des solvants organiques et des hydrocarbures halogns et leurs manations et exposition  ces produits', 0),
(1466, 'X67', 'Auto-intoxication par dautres gaz et manations et exposition  ces produits', 0),
(1467, 'X68', 'Auto-intoxication par des pesticides et exposition  ces produits', 0),
(1468, 'X69', 'Auto-intoxication par des produits chimiques et substances nocives et exposition  ces produits, autres et sans prcision', 0),
(1469, 'X70', 'Lsion auto-inflige par pendaison, strangulation et suffocation', 0),
(1470, 'X71', 'Lsion auto-inflige par noyade et submersion', 0),
(1471, 'X72', 'Lsion auto-inflige par dcharge dune arme de poing', 0),
(1472, 'X73', 'Lsion auto-inflige par dcharge de fusil, de carabine et darme de plus grande taille', 0),
(1473, 'X74', 'Lsion auto-inflige par dcharge darmes  feu, autres et sans prcision', 0),
(1474, 'X75', 'Lsion auto-inflige par utilisation de matriel explosif', 0),
(1475, 'X76', 'Lsion auto-inflige par exposition  la fume, au feu et aux flammes', 0),
(1476, 'X77', 'Lsion auto-inflige par exposition  la vapeur deau,  des gaz et objets brlants', 0),
(1477, 'X78', 'Lsion auto-inflige par utilisation dobjet tranchant', 0),
(1478, 'X79', 'Lsion auto-inflige par utilisation dobjet contondant', 0),
(1479, 'X80', 'Lsion auto-inflige par saut dans le vide', 0),
(1480, 'X81', 'Lsion auto-inflige en sautant ou en se couchant devant un objet en mouvement', 0),
(1481, 'X82', 'Lsion auto-inflige par collision dun vhicule  moteur', 0),
(1482, 'X83', 'Lsion auto-inflige par dautres moyens prciss', 0),
(1483, 'X84', 'Lsion auto-inflige par un moyen non prcis', 0),
(1484, 'X85', 'Agression par mdicaments et substances biologiques', 0),
(1485, 'X86', 'Agression par une substance corrosive', 0),
(1486, 'X87', 'Agression par des pesticides', 0),
(1487, 'X88', 'Agression par des gaz et manations', 0),
(1488, 'X89', 'Agression par dautres produits chimiques et nocifs prciss', 0),
(1489, 'X90', 'Agression par un produit chimique ou nocif, sans prcision', 0),
(1490, 'X91', 'Agression par pendaison, strangulation et suffocation', 0),
(1491, 'X92', 'Agression par noyade et submersion', 0),
(1492, 'X93', 'Agression par arme de poing', 0),
(1493, 'X94', 'Agression par fusil, carabine et arme de plus grande taille', 0),
(1494, 'X95', 'Agression par des armes  feu, autres et sans prcision', 0),
(1495, 'X96', 'Agression par matriel explosif', 0),
(1496, 'X97', 'Agression par la fume, le feu et les flammes', 0),
(1497, 'X98', 'Agression par la vapeur deau, des gaz et objets brlants', 0),
(1498, 'X99', 'Agression par objet tranchant', 0),
(1499, 'Y00', 'Agression par objet contondant', 0),
(1500, 'Y01', 'Agression par prcipitation dans le vide', 0),
(1501, 'Y02', 'Agression en poussant ou plaant la victime devant un objet en mouvement', 0),
(1502, 'Y03', 'Agression en provoquant une collision de vhicule  moteur', 0),
(1503, 'Y04', 'Agression par la force physique', 0),
(1504, 'Y05', 'Agression sexuelle par la force physique', 0),
(1505, 'Y06', 'Dlaissement et abandon', 0),
(1506, 'Y07', 'Autres mauvais traitements', 0),
(1507, 'Y08', 'Agression par dautres moyens prciss', 0),
(1508, 'Y09', 'Agression par un moyen non prcis', 0),
(1509, 'Y10', 'Intoxication par des analgsiques, antipyrtiques et antirhumatismaux non opiacs et exposition  ces produits, intention non dtermine', 0),
(1510, 'Y11', 'Intoxication par des anti-pileptiques, sdatifs, hypnotiques, antiparkinsoniens et psychotropes et exposition  ces produits, non classs ailleurs, intention non dtermine', 0),
(1511, 'Y12', 'Intoxication par des narcotiques et psychodysleptiques [hallucinognes] et exposition  ces produits, non classs ailleurs, intention non dtermine', 0),
(1512, 'Y13', 'Intoxication par dautres substances pharmacologiques agissant sur le systme nerveux autonome et exposition  ces produits, intention non dtermine', 0),
(1513, 'Y14', 'Intoxication par des mdicaments et substances biologiques, autres et sans prcision et exposition  ces produits, intention non dtermine', 0),
(1514, 'Y15', 'Intoxication par lalcool et exposition  lalcool, intention non dtermine', 0),
(1515, 'Y16', 'Intoxication par des solvants organiques et des hydrocarbures halogns et leurs manations et exposition  ces produits, intention non dtermine', 0),
(1516, 'Y17', 'Intoxication par dautres gaz et manations et exposition  ces produits, intention non dtermine', 0),
(1517, 'Y18', 'Intoxication par des pesticides et exposition  ces produits, intention non dtermine', 0),
(1518, 'Y19', 'Intoxication par des produits chimiques et substances nocives et exposition  ces produits, autres et sans prcision, intention non dtermine', 0),
(1519, 'Y20', 'Pendaison, strangulation et suffocation, intention non dtermine', 0),
(1520, 'Y21', 'Noyade et submersion, intention non dtermine', 0),
(1521, 'Y22', 'Dcharge dune arme de poing, intention non dtermine', 0),
(1522, 'Y23', 'Dcharge de fusil, de carabine et darme de plus grande taille, intention non dtermine', 0),
(1523, 'Y24', 'Dcharge darmes  feu, autres et sans prcision, intention non dtermine', 0),
(1524, 'Y25', 'Contact avec matriel explosif, intention non dtermine', 0),
(1525, 'Y26', 'Exposition  la fume, au feu et aux flammes, intention non dtermine', 0),
(1526, 'Y27', 'Contact avec de la vapeur deau, des gaz et objets brlants, intention non dtermine', 0),
(1527, 'Y28', 'Contact avec objet tranchant, intention non dtermine', 0),
(1528, 'Y29', 'Contact avec objet contondant, intention non dtermine', 0),
(1529, 'Y30', 'Chute, saut ou prcipitation dans le vide, intention non dtermine', 0),
(1530, 'Y31', 'Lsion traumatique par un objet en mouvement (la victime tant tombe ou couche devant lobjet ou entre en collision avec celui-ci), intention non dtermine', 0),
(1531, 'Y32', 'Collision de vhicule  moteur, intention non dtermine', 0),
(1532, 'Y33', 'Autres vnements prciss, intention non dtermine', 0),
(1533, 'Y34', 'Evnement sans prcision, intention non dtermine', 0),
(1534, 'Y35', 'Intervention de la force publique', 0),
(1535, 'Y36', 'Faits de guerre', 0),
(1536, 'Y40', 'Antibiotiques systmiques', 0),
(1537, 'Y41', 'Autres anti-infectieux et antiparasitaires systmiques', 0),
(1538, 'Y42', 'Hormones et leurs substituts synthtiques et antagonistes, non classs ailleurs', 0),
(1539, 'Y43', 'Substances daction pharmacologique essentiellement systmique', 0),
(1540, 'Y44', 'Substances agissant essentiellement sur les constituants du sang', 0),
(1541, 'Y45', 'Mdicaments analgsiques, antipyrtiques et anti-inflammatoires', 0),
(1542, 'Y46', 'Anti-pileptiques et antiparkinsoniens', 0),
(1543, 'Y47', 'Sdatifs, hypnotiques et tranquillisants', 0),
(1544, 'Y48', 'Anesthsiques et gaz thrapeutiques', 0),
(1545, 'Y49', 'Mdicaments psychotropes, non classs ailleurs', 0),
(1546, 'Y50', 'Stimulants du systme nerveux central, non classs ailleurs', 0),
(1547, 'Y51', 'Mdicaments agissant essentiellement sur le systme nerveux autonome', 0);
INSERT INTO `icd10` (`id`, `code`, `name`, `common`) VALUES
(1548, 'Y52', 'Substances agissant essentiellement sur le systme cardio-vasculaire', 0),
(1549, 'Y53', 'Substances agissant essentiellement sur le tractus gastro-intestinal', 0),
(1550, 'Y54', 'Mdicaments agissant essentiellement sur le mtabolisme de leau, des sels minraux et de lacide urique', 0),
(1551, 'Y55', 'Substances agissant essentiellement sur les muscles lisses et stris et lappareil respiratoire', 0),
(1552, 'Y56', 'Substances  usage topique agissant essentiellement sur la peau et les muqueuses, mdicaments  usage ophtalmologique, oto-rhino-laryngologique et dentaire', 0),
(1553, 'Y57', 'Substances mdicamenteuses, autres et sans prcision', 0),
(1554, 'Y58', 'Vaccins bactriens', 0),
(1555, 'Y59', 'Vaccins et substances biologiques, autres et sans prcision', 0),
(1556, 'Y85', 'Squelles dun accident de transport', 0),
(1557, 'Y86', 'Squelles dautres accidents', 0),
(1558, 'Y87', 'Squelles dune lsion auto-inflige, dune agression ou dun vnement, dintention non dtermine', 0),
(1559, 'Y88', 'Actes mdicaux et chirurgicaux considrs comme cause externe de squelles', 0),
(1560, 'Y89', 'Squelles dautres causes externes', 0),
(1561, 'Y90', 'Preuves du rle de lalcool confirm par le taux dalcoolmie', 0),
(1562, 'Y91', 'Preuves du rle de lalcool confirm par le degr dintoxication', 0),
(1563, 'Y95', 'Facteurs nosocomiaux', 0),
(1564, 'Y96', 'Facteurs lis aux conditions de travail', 0),
(1565, 'Y97', 'Facteurs lis  la pollution de lenvironnement', 0),
(1566, 'Y98', 'Facteurs lis au mode de vie', 0),
(1567, 'Z00', 'Examen gnral et investigations de sujets ne se plaignant de rien ou pour lesquels aucun diagnostic nest rapport', 0),
(1568, 'Z01', 'Autres examens spciaux et investigations de sujets ne se plaignant de rien ou pour lesquels aucun diagnostic nest rapport', 0),
(1569, 'Z02', 'Examen mdical et prise de contact  des fins administratives', 0),
(1570, 'Z03', 'Mise en observation et examen mdical pour suspicion de maladies', 0),
(1571, 'Z04', 'Examen et mise en observation pour dautres raisons', 0),
(1572, 'Z08', 'Examen de contrle aprs traitement dune tumeur maligne', 0),
(1573, 'Z09', 'Examen de contrle aprs traitement daffections autres que les tumeurs malignes', 0),
(1574, 'Z10', 'Examen gnral de routine dune sous-population dfinie', 0),
(1575, 'Z11', 'Examen spcial de dpistage de maladies infectieuses et parasitaires', 0),
(1576, 'Z12', 'Examen spcial de dpistage des tumeurs', 0),
(1577, 'Z13', 'Examen spcial de dpistage dautres maladies et tats pathologiques', 0),
(1578, 'Z20', 'Sujets en contact avec et exposs  des maladies transmissibles', 0),
(1579, 'Z21', 'Infection asymptomatique par le virus de limmunodficience humaine [VIH]', 0),
(1580, 'Z22', 'Sujet porteur de germes responsables dune maladie infectieuse', 0),
(1581, 'Z23', 'Ncessit dune vaccination contre une seule maladie bactrienne', 0),
(1582, 'Z24', 'Ncessit dune vaccination contre certaines maladies virales uniques', 0),
(1583, 'Z25', 'Ncessit dune vaccination contre dautres maladies virales uniques', 0),
(1584, 'Z26', 'Ncessit dune vaccination contre dautres maladies infectieuses uniques', 0),
(1585, 'Z27', 'Ncessit dune vaccination associe contre plusieurs maladies infectieuses', 0),
(1586, 'Z28', 'Vaccination non faite', 0),
(1587, 'Z29', 'Ncessit dautres mesures prophylactiques', 0),
(1588, 'Z30', 'Prise en charge dune contraception', 0),
(1589, 'Z31', 'Mesures procratives', 0),
(1590, 'Z32', 'Examen et test de grossesse', 0),
(1591, 'Z33', 'Grossesse constate fortuitement', 0),
(1592, 'Z34', 'Surveillance dune grossesse normale', 0),
(1593, 'Z35', 'Surveillance dune grossesse  haut risque', 0),
(1594, 'Z36', 'Dpistage prnatal', 0),
(1595, 'Z37', 'Rsultat de laccouchement', 0),
(1596, 'Z38', 'Enfants ns vivants, selon le lieu de naissance', 0),
(1597, 'Z39', 'Soins et examens du post-partum', 0),
(1598, 'Z40', 'Opration prophylactique', 0),
(1599, 'Z41', 'Thrapie sans raison mdicale', 0),
(1600, 'Z42', 'Soins de contrle comprenant une opration plastique', 0),
(1601, 'Z43', 'Surveillance de stomies', 0),
(1602, 'Z44', 'Mise en place et ajustement dappareils de prothse externe', 0),
(1603, 'Z45', 'Ajustement et entretien dune prothse interne', 0),
(1604, 'Z46', 'Mise en place et ajustement dautres appareils', 0),
(1605, 'Z47', 'Autres soins de contrle orthopdiques', 0),
(1606, 'Z48', 'Autres soins de contrle chirurgicaux', 0),
(1607, 'Z49', 'Surveillance dune dialyse', 0),
(1608, 'Z50', 'Soins impliquant une rducation', 0),
(1609, 'Z51', 'Autres soins mdicaux', 0),
(1610, 'Z52', 'Donneurs dorganes et de tissus', 0),
(1611, 'Z53', 'Sujets ayant recours aux services de sant pour des actes mdicaux spcifiques, non effectus', 0),
(1612, 'Z54', 'Convalescence', 0),
(1613, 'Z55', 'Difficults lies  lducation et lalphabtisation', 0),
(1614, 'Z56', 'Difficults lies  lemploi et au chmage', 0),
(1615, 'Z57', 'Exposition professionnelle  des facteurs de risque', 0),
(1616, 'Z58', 'Difficults lies  lenvironnement physique', 0),
(1617, 'Z59', 'Difficults lies au logement et aux conditions conomiques', 0),
(1618, 'Z60', 'Difficults lies  lenvironnement social', 0),
(1619, 'Z61', 'Difficults lies  une enfance malheureuse', 0),
(1620, 'Z62', 'Autres difficults lies  lducation', 0),
(1621, 'Z63', 'Autres difficults lies  lentourage immdiat, y compris la situation familiale', 0),
(1622, 'Z64', 'Difficults lies  certaines situations psycho-sociales', 0),
(1623, 'Z65', 'Difficults lies  dautres situations psycho-sociales', 0),
(1624, 'Z70', 'Conseils relatifs aux attitudes, comportement et orientation en matire de sexualit', 0),
(1625, 'Z71', 'Sujets en contact avec les services de sant pour dautres conseils et avis mdicaux, non classs ailleurs', 0),
(1626, 'Z72', 'Difficults lies au mode de vie', 0),
(1627, 'Z73', 'Difficults lies  lorientation de son mode de vie', 0),
(1628, 'Z74', 'Difficults lies  une dpendance envers la personne qui donne les soins', 0),
(1629, 'Z75', 'Difficults lies aux installations mdicales et autres soins de sant', 0),
(1630, 'Z76', 'Sujet ayant recours aux services de sant dans dautres circonstances', 0),
(1631, 'Z80', 'Antcdents familiaux de tumeur maligne', 0),
(1632, 'Z81', 'Antcdents familiaux de troubles mentaux et du comportement', 0),
(1633, 'Z82', 'Antcdents familiaux de certaines incapacits et maladies chroniques conduisant  linvalidit', 0),
(1634, 'Z83', 'Antcdents familiaux dautres maladies spcifiques', 0),
(1635, 'Z84', 'Antcdents familiaux dautres affections', 0),
(1636, 'Z85', 'Antcdents personnels de tumeur maligne', 0),
(1637, 'Z86', 'Antcdents personnels de certaines autres maladies', 0),
(1638, 'Z87', 'Antcdents personnels dautres maladies', 0),
(1639, 'Z88', 'Antcdents personnels dallergie  des mdicaments et des substances biologiques', 0),
(1640, 'Z89', 'Absence acquise dun membre', 0),
(1641, 'Z90', 'Absence acquise dorganes, non classe ailleurs', 0),
(1642, 'Z91', 'Antcdents personnels de facteurs de risque, non classs ailleurs', 0),
(1643, 'Z92', 'Antcdents personnels de traitement mdical', 0),
(1644, 'Z93', 'Stomies', 0),
(1645, 'Z94', 'Greffe dorgane et de tissu', 0),
(1646, 'Z95', 'Prsence dimplants et de greffes cardiaques et vasculaires', 0),
(1647, 'Z96', 'Prsence dautres implants fonctionnels', 0),
(1648, 'Z97', 'Prsence dautres appareils', 0),
(1649, 'Z98', 'Autres tats post-chirurgicaux', 0),
(1650, 'Z99', 'Dpendance envers des machines et appareils auxiliaires, non classe ailleurs', 0),
(1651, 'U04', 'Syndrome respiratoire aigu svre [SRAS]', 0),
(1652, 'U80', 'Agents rsistant  la pnicilline et apparents', 0),
(1653, 'U81', 'Agents rsistant  la vancomycine et apparents', 0),
(1654, 'U88', 'Agents rsistant  de multiples antibiotiques', 0),
(1655, 'U89', 'Agents rsistant  des antibiotiques autres et non prciss', 0),
(1656, 'W55', 'Morsure ou coup donn par dautres mammifres', 1),
(1669, 'A09 & E86', 'Diarrhe + Hypovolmie', 1),
(1670, 'A09 & K92.1', 'Diarrhe + Mlna', 1),
(1671, 'A15-A19', 'Tuberculose', 1),
(1672, 'A20.0', 'Peste bubonique', 1),
(1673, 'A20.2', 'Peste pulmonaire', 1),
(1674, 'A33-A35', 'Ttanos nonatal, Ttanos obsttrical, Autres formes de ttanos', 1),
(1675, 'A90-A92', 'Dengue & Autres fivres virales transmises par des moustiques', 1),
(1676, 'A92.4', 'Fivre de la valle du Rift', 1),
(1677, 'B05-B06', 'Rougeole & Rubole', 1),
(1678, 'B20-B24', 'Maladies dues au virus de limmunodficience humaine', 1),
(1679, 'B50-B54', 'Paludisme', 1),
(1680, 'B88.1', 'Tungose [infestation par puce-chique]', 1),
(1681, 'D50-D64', 'Anmie', 1),
(1682, 'E40-E46', 'Malnutrition', 1),
(1683, 'G03.9', 'Mningite, sans prcision', 1),
(1684, 'G83.9', 'Syndrome paralytique, sans prcision', 1),
(1685, 'H53-H54', 'Troubles de la vision et ccit', 1),
(1686, 'H91.9', 'Perte de laudition, sans prcision', 1),
(1687, 'I10-I15', 'Maladies hypertensives', 1),
(1688, 'M25.5', 'Douleur articulaire', 1),
(1689, 'P05.0', 'Faible poids pour lge gestationnel', 1),
(1690, 'R05 & J00', 'Toux & Rhinopharyngite aigu [rhume banal]', 1),
(1691, 'R30-R39', 'Symptmes et signes relatifs  lappareil urinaire', 1),
(1692, 'T63.6', 'Effet toxique dun contact avec dautres animaux marins', 1),
(1693, 'Y40-Y59', 'Mdicaments et substances biologiques ayant provoqu des effets indsirables au cours de leur usage thrapeutique', 1);

DROP TABLE IF EXISTS `patient`;

CREATE TABLE `patient` (
  `id` int(11) NOT NULL AUTO_INCREMENT,
  `patrec` int(11) NOT NULL,
  `name` varchar(100) COLLATE utf8_bin NOT NULL,
  `sex` enum('H','F') COLLATE utf8_bin NOT NULL,
  `fathername` varchar(100) COLLATE utf8_bin NOT NULL,
  `mothername` varchar(100) COLLATE utf8_bin NOT NULL,
--  `spousename` varchar(100) COLLATE utf8_bin DEFAULT NULL,
  `child1name` varchar(100) COLLATE utf8_bin DEFAULT NULL,
  `birthdate` date NOT NULL,
  `approxdob` tinyint(1) NOT NULL DEFAULT 0,
--  `address` varchar(100) COLLATE utf8_bin DEFAULT NULL,
--  `phone` varchar(100) COLLATE utf8_bin DEFAULT NULL,
  `birthvillage` int(11) null default null,
  `dusunID` int(11) NOT NULL,
  `notes` varchar(200) COLLATE utf8_bin DEFAULT NULL,
  PRIMARY KEY (`id`),
  UNIQUE KEY `patrec` (`patrec`),
  KEY `dusunID` (`dusunID`),
  CONSTRAINT `patient_ibfk_1` FOREIGN KEY (`dusunID`) REFERENCES `dusun` (`id`),
  CONSTRAINT `patient_ibfk_2` FOREIGN KEY (`birthvillage`) REFERENCES `dusun` (`id`)
) ENGINE=InnoDB AUTO_INCREMENT=2 DEFAULT CHARSET=utf8 COLLATE=utf8_bin;

INSERT INTO `patient` VALUES (1,1,'Anna','F','Jim','Mary',NULL,'2001-01-01',0,1,1,NULL);

DELIMITER ;;
CREATE  TRIGGER `patient_birthdate` BEFORE INSERT ON `patient` FOR EACH ROW
BEGIN
  IF YEAR(NEW.birthdate) < 1900 AND NEW.birthdate != '1899-12-31'
     THEN SIGNAL SQLSTATE '45000' SET MESSAGE_TEXT = 'Birthdate must be after 1900';
  END IF;
END ;;
DELIMITER ;

DROP TABLE IF EXISTS `visit`;

CREATE TABLE `visit` (
  `id` int(11) NOT NULL AUTO_INCREMENT,
  `patientID` int(11) NOT NULL,
  `visitTypeID` int(11) NOT NULL,
  `amount` int(11) DEFAULT NULL,
  `date` date NOT NULL,
  `docID` int(11) DEFAULT NULL,
  `location` int(11) NOT NULL,
  PRIMARY KEY (`id`),
  KEY `patientID` (`patientID`),
  KEY `visitTypeID` (`visitTypeID`),
  KEY `docID` (`docID`),
  CONSTRAINT `visit_ibfk_1` FOREIGN KEY (`patientID`) REFERENCES `patient` (`id`),
  CONSTRAINT `visit_ibfk_2` FOREIGN KEY (`visitTypeID`) REFERENCES `visitType` (`id`),
  CONSTRAINT `visit_ibfk_3` FOREIGN KEY (`docID`) REFERENCES `doc` (`id`),
  CONSTRAINT `visit_ibfk_4` FOREIGN KEY (`location`) REFERENCES `dusun` (`id`)
) ENGINE=InnoDB AUTO_INCREMENT=2 DEFAULT CHARSET=utf8 COLLATE=utf8_bin;

INSERT INTO `visit` VALUES (1,1,6,4000,'2021-01-23',1,1);

DELIMITER ;;
CREATE  TRIGGER `sign_of_payment` BEFORE INSERT ON `visit` FOR EACH ROW
BEGIN
  DECLARE T VARCHAR(10);
  SET T = (SELECT `type` FROM visitType WHERE id = NEW.visitTypeID);
  IF (T = 'payment' AND NEW.amount > 0 ) OR
     (T = 'service' AND NEW.amount < 0 )
     THEN SIGNAL SQLSTATE '45000' SET MESSAGE_TEXT = 'Payments must be negative and services must be positive';
  END IF;
END ;;
DELIMITER ;

DELIMITER ;;
CREATE  TRIGGER `visit_date` BEFORE INSERT ON `visit` FOR EACH ROW
BEGIN
  IF YEAR(NEW.`date`) < 2017  AND NEW.`date` != '1899-12-31'
     THEN SIGNAL SQLSTATE '45000' SET MESSAGE_TEXT = 'The date must be after 2017-01-01';
  END IF;
END ;;
DELIMITER ;

DROP TABLE IF EXISTS `visitType`;

CREATE TABLE `visitType` (
  `id` int(11) NOT NULL AUTO_INCREMENT,
  `label` varchar(50) COLLATE utf8_bin NOT NULL,
  `type` enum('service','payment') COLLATE utf8_bin NOT NULL DEFAULT 'service',
  PRIMARY KEY (`id`)
) ENGINE=InnoDB AUTO_INCREMENT=17 DEFAULT CHARSET=utf8 COLLATE=utf8_bin;

INSERT INTO `visitType` (`id`, `label`, `type`) VALUES
(1, '(inconnu)', 'service'),
(2, 'Payer en espces', 'payment'),
(5, 'Inscription seulement', 'service'),
(6, 'Visite chez le mdecin gnral', 'service'),
(8, 'Achat de mdicaments ', 'service'),
(9, 'Visite pr natal', 'service'),
(10, 'Payer avec des semis ', 'payment'),
(11, 'Payer avec de lartisanat', 'payment'),
(12, 'Vaccination', 'service'),
(13, 'Planning familial', 'service'),
(14, 'Payer avec produit agricole', 'payment'),
(15, 'Payer avec produit delevage', 'payment'),
(16, 'Payer avec activite main doeuvre', 'payment');

CREATE TABLE `fp` (
  `id` int(11) NOT NULL AUTO_INCREMENT,
  `patientID` int(11) NOT NULL,
  `date` date NOT NULL COMMENT 'visit date',
  `docID` int(11) NOT NULL,
  `newpat` enum('nouveau','ancien') DEFAULT NULL,
  `type` enum('diu','injectable','pillule','implant') NOT NULL,
  `grosesse` enum('negatif','positif') DEFAULT NULL,
  `last_period` date DEFAULT NULL COMMENT 'last period',
  `nextvisit` date DEFAULT NULL COMMENT 'next visit date',
  `kidage` int(3) DEFAULT NULL COMMENT 'age last kid (months)',
  `notes` varchar(500) DEFAULT NULL,
  PRIMARY KEY (`id`),
  UNIQUE KEY `fp_pat+date+type` (`patientID`,`date`,`type`),
  KEY `fp_patientID` (`patientID`),
  KEY `fp_docID` (`docID`),
  CONSTRAINT `fp_docID` FOREIGN KEY (`docID`) REFERENCES `doc` (`id`),
  CONSTRAINT `fp_patientID` FOREIGN KEY (`patientID`) REFERENCES `patient` (`id`)
) ENGINE=InnoDB ;

CREATE TABLE `vaxShot` (
  `id` int(11) NOT NULL AUTO_INCREMENT,
  `patientID` int(11) NOT NULL,
  `date` date NOT NULL COMMENT 'visit date',
  `docID` int(11) NOT NULL,
  `newvax` enum('nouveau','ancien') DEFAULT NULL,
  `vaxID` int(11) NOT NULL,
  `nextvisit` date DEFAULT NULL COMMENT 'next visit date',
  `notes` varchar(500) DEFAULT NULL,
  PRIMARY KEY (`id`),
  UNIQUE KEY `vaxShot_pat+date+vax` (patientID, `date`,`vaxID`),
  KEY `vaxShot_patientID` (`patientID`),
  KEY `vaxShot_docID` (`docID`),
  KEY `vaxShot_vaxID` (`vaxID`),
  CONSTRAINT `vaxShot_docID` FOREIGN KEY (`docID`) REFERENCES `doc` (`id`),
  CONSTRAINT `vaxShot_patientID` FOREIGN KEY (`patientID`) REFERENCES `patient` (`id`),
  CONSTRAINT `vaxShot_vaxID` FOREIGN KEY (`vaxID`) REFERENCES `vax` (`id`)
) ENGINE=InnoDB ;

CREATE TABLE `vax` (
  `id` int(11) NOT NULL AUTO_INCREMENT,
  `short` varchar(50) NOT NULL ,
  `notes` varchar(200) NOT NULL ,
  PRIMARY KEY (`id`),
  UNIQUE KEY `vax_short` (`short`)
) ENGINE=InnoDB ;

INSERT INTO vax (`short`, `notes`) VALUES 
 ('Ped: BCG','BCG'),  
 ('Ped: Polio, 0 mois', 'Polio'), 
 ('Ped: BCG et Polio, 0 mois','BCG et Polio'),
 ('Ped: Vax, 6 mois','DTC Hep Hib 1 , PCV 10-1 , POLIO 1 , Rotavirus 1'),
 ('Ped: Vax, 10 mois','DTC Hep Hib 2 , PCV 10-2 , POLIO 2 , Rotavirus 2'),
 ('Ped: Vax, 14 mois','DTC Hep Hib 3 , PCV 10-3 , POLIO 3 , VPI'),
 ('Ped: Rougeole', 'Rougeole'),
 ('Tetanique, Vat 1','Tetanique'),
 ('Tetanique, Vat 2','Tetanique'),
 ('Tetanique, Vat 3','Tetanique'),
 ('Tetanique, Vat 4','Tetanique'),
 ('Tetanique, Vat 5','Tetanique');
